"id","calling_code","capital_city","code_2","code_3","continent_id","currency_id","flag","name"
"ad","376","Andorra la Vella","ad","and","eu","eur","","Andorra"
"ae","971","Abu Dhabi","ae","are","as","aed","","Emirelezhio霉 Arab Unanet"
"af","93","Kabul","af","afg","as","afn","","Afghanistan"
"ag","1268","St. John's","ag","atg","na","xcd","","Antigua ha Barbuda"
"ai","1264","The Valley","ai","aia","na","xcd","","Anguilla"
"al","355","Tirana","al","alb","eu","all","","Albania"
"am","374","Yerevan","am","arm","as","amd","","Armenia"
"ao","244","Luanda","ao","ago","af","aoa","","Angola"
"aq","672","","aq","ata","an","","","Antarktika"
"ar","54","Buenos Aires","ar","arg","sa","ars","","Arc始hantina"
"as","1684","Pago Pago","as","asm","oc","usd","","Samoa Amerikan"
"at","43","Vienna","at","aut","eu","eur","","Aostria"
"au","61","Canberra","au","aus","oc","aud","","Aostralia"
"aw","297","Oranjestad","aw","abw","na","awg","","Aruba"
"ax","358","Mariehamn","ax","ala","eu","eur","","Inizi land"
"az","994","Baku","az","aze","as","azn","","Azerbaidjan"
"ba","387","Sarajevo","ba","bih","eu","bam","ю","Bosnia ha Herzegovina"
"bb","1246","Bridgetown","bb","brb","na","bbd","ю","Barbados"
"bd","880","Dhaka","bd","bgd","as","bdt","ю","Bangladesh"
"be","32","Brussels","be","bel","eu","eur","ю","Belgia"
"bf","226","Ouagadougou","bf","bfa","af","xof","ю","Burkina Faso"
"bg","359","Sofia","bg","bgr","eu","bgn","ю","Bulgaria"
"bh","973","Manama","bh","bhr","as","bhd","ю","Bahrein"
"bi","257","Bujumbura","bi","bdi","af","bif","ю","Burundi"
"bj","229","Porto-Novo","bj","ben","af","xof","ю","Benin"
"bl","590","Gustavia","bl","blm","na","eur","ю","Saint Barth茅lemy"
"bm","1441","Hamilton","bm","bmu","na","bmd","ю","Bermuda"
"bn","673","Bandar Seri Begawan","bn","brn","as","bnd","ю","Brunei"
"bo","591","Sucre","bo","bol","sa","bob","ю","Bolivia"
"bq","599","","bq","bes","na","usd","ю","Karib Nederlandat"
"br","55","Brasilia","br","bra","sa","brl","ю","Brazil"
"bs","1242","Nassau","bs","bhs","na","bsd","ю","Bahamas"
"bt","975","Thimphu","bt","btn","as","btn","ю","Bhoutan"
"bv","55","","bv","bvt","an","nok","ю","Enez Bouvet"
"bw","267","Gaborone","bw","bwa","af","bwp","ю","Botswana"
"by","375","Minsk","by","blr","eu","byr","ю","Belarus"
"bz","501","Belmopan","bz","blz","na","bzd","ю","Belize"
"ca","1","Ottawa","ca","can","na","cad","","Kanada"
"cc","61","West Island","cc","cck","as","aud","","Inizi Kokoz"
"cd","243","Kinshasa","cd","cod","af","cdf","","Kongo - Kinshasa"
"cf","236","Bangui","cf","caf","af","xaf","","Republik Kreizafrikan"
"cg","242","Brazzaville","cg","cog","af","xaf","","Kongo - Brazzaville"
"ch","41","Berne","ch","che","eu","chf","","Suis"
"ci","225","Yamoussoukro","ci","civ","af","xof","","Aod an Olifant"
"ck","682","Avarua","ck","cok","oc","nzd","","Inizi Cook"
"cl","56","Santiago","cl","chl","sa","clp","","Chile"
"cm","237","Yaounde","cm","cmr","af","xaf","","Kameroun"
"cn","86","Beijing","cn","chn","as","cny","","Sina"
"co","57","Bogota","co","col","sa","cop","","Kolombia"
"cr","506","San Jose","cr","cri","na","crc","","Costa Rica"
"cu","53","Havana","cu","cub","na","cup","","Kuba"
"cv","238","Praia","cv","cpv","af","cve","","Kab-Glas"
"cw","599"," Willemstad","cw","cuw","na","ang","","Cura莽ao"
"cx","61","Flying Fish Cove","cx","cxr","as","aud","","Enez Christmas"
"cy","357","Nicosia","cy","cyp","eu","eur","","Kiprenez"
"cz","420","Prague","cz","cze","eu","czk","","Tchekia"
"de","49","Berlin","de","deu","eu","eur","","Alamagn"
"dj","253","Djibouti","dj","dji","af","djf","","Djibouti"
"dk","45","Copenhagen","dk","dnk","eu","dkk","","Danmark"
"dm","1767","Roseau","dm","dma","na","xcd","","Dominica"
"do","1809","Santo Domingo","do","dom","na","dop","","Republik Dominikan"
"dz","213","Algiers","dz","dza","af","dzd","","Aljeria"
"ec","593","Quito","ec","ecu","sa","usd","","Ecuador"
"ee","372","Tallinn","ee","est","eu","eur","","Estonia"
"eg","20","Cairo","eg","egy","af","egp","","Egipt"
"eh","212","El-Aaiun","eh","esh","af","mad","","Sahara ar C始horn么g"
"er","291","Asmara","er","eri","af","ern","","Eritrea"
"es","34","Madrid","es","esp","eu","eur","","Spagn"
"et","251","Addis Ababa","et","eth","af","etb","","Etiopia"
"fi","358","Helsinki","fi","fin","eu","eur","","Finland"
"fj","679","Suva","fj","fji","oc","fjd","","Fidji"
"fk","500","Stanley","fk","flk","sa","fkp","","Inizi Falkland"
"fm","691","Palikir","fm","fsm","oc","usd","","Mikronezia"
"fo","298","Torshavn","fo","fro","eu","dkk","","Inizi Faero"
"fr","33","Paris","fr","fra","eu","eur","","Fra帽s"
"ga","241","Libreville","ga","gab","af","xaf","","Gabon"
"gb","44","London","gb","gbr","eu","gbp","","Rouantelezh-Unanet"
"gd","1473","St. George's","gd","grd","na","xcd","","Grenada"
"ge","995","Tbilisi","ge","geo","as","gel","","Jorjia"
"gf","594","Cayenne","gf","guf","sa","eur","","Gwiana c始hall"
"gg","44","St Peter Port","gg","ggy","eu","gbp","","Gwernenez"
"gh","233","Accra","gh","gha","af","ghs","","Ghana"
"gi","350","Gibraltar","gi","gib","eu","gip","","Jibraltar"
"gl","299","Nuuk","gl","grl","na","dkk","","Greunland"
"gm","220","Banjul","gm","gmb","af","gmd","","Gambia"
"gn","224","Conakry","gn","gin","af","gnf","","Ginea"
"gp","590","Basse-Terre","gp","glp","na","eur","","Gwadeloup"
"gq","240","Malabo","gq","gnq","af","xaf","","Ginea ar C始heheder"
"gr","30","Athens","gr","grc","eu","eur","","Gres"
"gs","500","Grytviken","gs","sgs","an","gbp","","Inizi Georgia ar Su hag Inizi Sandwich ar Su"
"gt","502","Guatemala City","gt","gtm","na","gtq","","Guatemala"
"gu","1671","Hagatna","gu","gum","oc","usd","","Guam"
"gw","245","Bissau","gw","gnb","af","xof","","Ginea-Bissau"
"gy","592","Georgetown","gy","guy","sa","gyd","","Guyana"
"hk","852","Hong Kong","hk","hkg","as","hkd","","Hong Kong RMD Sina"
"hn","504","Tegucigalpa","hn","hnd","na","hnl","","Honduras"
"hr","385","Zagreb","hr","hrv","eu","hrk","","Kroatia"
"ht","509","Port-au-Prince","ht","hti","na","htg","","Haiti"
"hu","36","Budapest","hu","hun","eu","huf","","Hungaria"
"id","62","Jakarta","id","idn","as","idr","","Indonezia"
"ie","353","Dublin","ie","irl","eu","eur","","Iwerzhon"
"il","972","Jerusalem","il","isr","as","ils","","Israel"
"im","44","Douglas, Isle of Man","im","imn","eu","gbp","","Enez Vanav"
"in","91","New Delhi","in","ind","as","inr","","India"
"io","246","Diego Garcia","io","iot","as","usd","","Tiriad breizhveurat Meurvor Indez"
"iq","964","Baghdad","iq","irq","as","iqd","","Iraq"
"ir","98","Tehran","ir","irn","as","irr","","Iran"
"is","354","Reykjavik","is","isl","eu","isk","","Island"
"it","39","Rome","it","ita","eu","eur","","Italia"
"je","44","Saint Helier","je","jey","eu","gbp","","Jerzenez"
"jm","1876","Kingston","jm","jam","na","jmd","","Jamaika"
"jo","962","Amman","jo","jor","as","jod","","Jordania"
"jp","81","Tokyo","jp","jpn","as","jpy","","Japan"
"ke","254","Nairobi","ke","ken","af","kes","梆","Kenya"
"kg","996","Bishkek","kg","kgz","as","kgs","梆","Kyrgyzstan"
"kh","855","Phnom Penh","kh","khm","as","khr","梆","Kambodja"
"ki","686","Tarawa","ki","kir","oc","aud","梆","Kiribati"
"km","269","Moroni","km","com","af","kmf","梆","Komorez"
"kn","1869","Basseterre","kn","kna","na","xcd","梆","Saint Kitts ha Nevis"
"kp","850","Pyongyang","kp","prk","as","kpw","梆","Korea an Norzh"
"kr","82","Seoul","kr","kor","as","krw","梆","Korea ar Su"
"kw","965","Kuwait City","kw","kwt","as","kwd","梆","Koweit"
"ky","1345","George Town","ky","cym","na","kyd","梆","Inizi Cayman"
"kz","7","Astana","kz","kaz","as","kzt","梆","Kazakstan"
"la","856","Vientiane","la","lao","as","lak","别","Laos"
"lb","961","Beirut","lb","lbn","as","lbp","别","Liban"
"lc","1758","Castries","lc","lca","na","xcd","别","Saint Lucia"
"li","423","Vaduz","li","lie","eu","chf","别","Liechtenstein"
"lk","94","Colombo","lk","lka","as","lkr","别","Sri Lanka"
"lr","231","Monrovia","lr","lbr","af","lrd","别","Liberia"
"ls","266","Maseru","ls","lso","af","lsl","别","Lesotho"
"lt","370","Vilnius","lt","ltu","eu","ltl","别","Lituania"
"lu","352","Luxembourg","lu","lux","eu","eur","别","Luksembourg"
"lv","371","Riga","lv","lva","eu","eur","别","Latvia"
"ly","218","Tripolis","ly","lby","af","lyd","别","Libia"
"ma","212","Rabat","ma","mar","af","mad","拆","Maroko"
"mc","377","Monaco","mc","mco","eu","eur","拆","Monaco"
"md","373","Chisinau","md","mda","eu","mdl","拆","Moldova"
"me","382","Podgorica","me","mne","eu","eur","拆","Montenegro"
"mf","590","Marigot","mf","maf","na","eur","拆","Saint Martin"
"mg","261","Antananarivo","mg","mdg","af","mga","拆","Madagaskar"
"mh","692","Majuro","mh","mhl","oc","usd","拆","Inizi Marshall"
"mk","389","Skopje","mk","mkd","eu","mkd","拆","Makedonia an Norzh"
"ml","223","Bamako","ml","mli","af","xof","拆","Mali"
"mm","95","Nay Pyi Taw","mm","mmr","as","mmk","拆","Myanmar (Birmania)"
"mn","976","Ulan Bator","mn","mng","as","mnt","拆","Mongolia"
"mo","853","Macao","mo","mac","as","mop","拆","Macau RMD Sina"
"mp","1670","Saipan","mp","mnp","oc","usd","拆","Inizi Mariana an Norzh"
"mq","596","Fort-de-France","mq","mtq","na","eur","拆","Martinik"
"mr","222","Nouakchott","mr","mrt","af","mro","拆","Maouritania"
"ms","1664","Plymouth","ms","msr","na","xcd","拆","Montserrat"
"mt","356","Valletta","mt","mlt","eu","eur","拆","Malta"
"mu","230","Port Louis","mu","mus","af","mur","拆","Moris"
"mv","960","Male","mv","mdv","as","mvr","拆","Maldivez"
"mw","265","Lilongwe","mw","mwi","af","mwk","拆","Malawi"
"mx","52","Mexico City","mx","mex","na","mxn","拆","Mec始hiko"
"my","60","Kuala Lumpur","my","mys","as","myr","拆","Malaysia"
"mz","258","Maputo","mz","moz","af","mzn","拆","Mozambik"
"na","264","Windhoek","na","nam","af","nad","仇","Namibia"
"nc","687","Noumea","nc","ncl","oc","xpf","仇","Kaledonia Nevez"
"ne","227","Niamey","ne","ner","af","xof","仇","Niger"
"nf","672","Kingston","nf","nfk","oc","aud","仇","Enez Norfolk"
"ng","234","Abuja","ng","nga","af","ngn","仇","Nigeria"
"ni","505","Managua","ni","nic","na","nio","仇","Nicaragua"
"nl","31","Amsterdam","nl","nld","eu","eur","仇","Izelvroio霉"
"no","47","Oslo","no","nor","eu","nok","仇","Norvegia"
"np","977","Kathmandu","np","npl","as","npr","仇","Nepal"
"nr","674","Yaren","nr","nru","oc","aud","仇","Nauru"
"nu","683","Alofi","nu","niu","oc","nzd","仇","Niue"
"nz","64","Wellington","nz","nzl","oc","nzd","仇","Zeland-Nevez"
"om","968","Muscat","om","omn","as","omr","答","Oman"
"pa","507","Panama City","pa","pan","na","pab","叼","Panam谩"
"pe","51","Lima","pe","per","sa","pen","叼","Perou"
"pf","689","Papeete","pf","pyf","oc","xpf","叼","Polinezia C始hall"
"pg","675","Port Moresby","pg","png","oc","pgk","叼","Papoua Ginea-Nevez"
"ph","63","Manila","ph","phl","as","php","叼","Filipinez"
"pk","92","Islamabad","pk","pak","as","pkr","叼","Pakistan"
"pl","48","Warsaw","pl","pol","eu","pln","叼","Polonia"
"pm","508","Saint-Pierre","pm","spm","na","eur","叼","Sant-P锚r-ha-Mikelon"
"pn","870","Adamstown","pn","pcn","oc","nzd","叼","Enez Pitcairn"
"pr","1787","San Juan","pr","pri","na","usd","叼","Puerto Rico"
"ps","970","East Jerusalem","ps","pse","as","ils","叼","Tiriado霉 Palestina"
"pt","351","Lisbon","pt","prt","eu","eur","叼","Portugal"
"pw","680","Melekeok","pw","plw","oc","usd","叼","Palau"
"py","595","Asuncion","py","pry","sa","pyg","叼","Paraguay"
"qa","974","Doha","qa","qat","as","qar","娥","Qatar"
"re","262","Saint-Denis","re","reu","af","eur","佛","Ar Re眉nion"
"ro","40","Bucharest","ro","rou","eu","ron","佛","Roumania"
"rs","381","Belgrade","rs","srb","eu","rsd","佛","Serbia"
"ru","7","Moscow","ru","rus","eu","rub","佛","Rusia"
"rw","250","Kigali","rw","rwa","af","rwf","佛","Rwanda"
"sa","966","Riyadh","sa","sau","as","sar","葛","Arabia Saoudat"
"sb","677","Honiara","sb","slb","oc","sbd","葛","Inizi Salomon"
"sc","248","Victoria","sc","syc","af","scr","葛","Sechelez"
"sd","249","Khartoum","sd","sdn","af","sdg","葛","Soudan"
"se","46","Stockholm","se","swe","eu","sek","葛","Sveden"
"sg","65","Singapur","sg","sgp","as","sgd","葛","Singapour"
"sh","290","Jamestown","sh","shn","af","shp","葛","Saint-Helena"
"si","386","Ljubljana","si","svn","eu","eur","葛","Slovenia"
"sj","47","Longyearbyen","sj","sjm","eu","nok","葛","Svalbard"
"sk","421","Bratislava","sk","svk","eu","eur","葛","Slovakia"
"sl","232","Freetown","sl","sle","af","sll","葛","Sierra Leone"
"sm","378","San Marino","sm","smr","eu","eur","葛","San Marino"
"sn","221","Dakar","sn","sen","af","xof","葛","Senegal"
"so","252","Mogadishu","so","som","af","sos","葛","Somalia"
"sr","597","Paramaribo","sr","sur","sa","srd","葛","Surinam"
"ss","211","Juba","ss","ssd","af","ssp","葛","Susoudan"
"st","239","Sao Tome","st","stp","af","std","葛","S茫o Tom茅 ha Pr铆ncipe"
"sv","503","San Salvador","sv","slv","na","usd","葛","Salvador"
"sx","599","Philipsburg","sx","sxm","na","ang","葛","Sint Maarten"
"sy","963","Damascus","sy","syr","as","syp","葛","Siria"
"sz","268","Mbabane","sz","swz","af","szl","葛","Eswatini"
"tc","1649","Cockburn Town","tc","tca","na","usd","桂","Inizi Turks ha Caicos"
"td","235","N'Djamena","td","tcd","af","xaf","桂","Tchad"
"tf","","Port-aux-Francais","tf","atf","an","eur","桂","Douaro霉 aostral Fra帽s"
"tg","228","Lome","tg","tgo","af","xof","桂","Togo"
"th","66","Bangkok","th","tha","as","thb","桂","Thailand"
"tj","992","Dushanbe","tj","tjk","as","tjs","桂","Tadjikistan"
"tk","690","","tk","tkl","oc","nzd","桂","Tokelau"
"tl","670","Dili","tl","tls","oc","usd","桂","Timor-Leste"
"tm","993","Ashgabat","tm","tkm","as","tmt","桂","Turkmenistan"
"tn","216","Tunis","tn","tun","af","tnd","桂","Tunizia"
"to","676","Nuku'alofa","to","ton","oc","top","桂","Tonga"
"tr","90","Ankara","tr","tur","as","try","桂","Turkia"
"tt","1868","Port of Spain","tt","tto","na","ttd","桂","Trinidad ha Tobago"
"tv","688","Funafuti","tv","tuv","oc","aud","桂","Tuvalu"
"tw","886","Taipei","tw","twn","as","twd","桂","Taiwan"
"tz","255","Dodoma","tz","tza","af","tzs","桂","Tanzania"
"ua","380","Kiev","ua","ukr","eu","uah","吼","Ukraina"
"ug","256","Kampala","ug","uga","af","ugx","吼","Ouganda"
"um","246","","um","umi","oc","usd","吼","Inizi diabell ar Stado霉-Unanet"
"us","1","Washington","us","usa","na","usd","吼","Stado霉-Unanet"
"uy","598","Montevideo","uy","ury","sa","uyu","吼","Uruguay"
"uz","998","Tashkent","uz","uzb","as","uzs","吼","Ouzbekistan"
"va","379","Vatican City","va","vat","eu","eur","火","Vatikan"
"vc","1784","Kingstown","vc","vct","na","xcd","火","Sant Visant hag ar Grenadinez"
"ve","58","Caracas","ve","ven","sa","vef","火","Venezuela"
"vg","1284","Road Town","vg","vgb","na","usd","火","Inizi Gwerc始h Breizh-Veur"
"vi","1340","Charlotte Amalie","vi","vir","na","usd","火","Inizi Gwerc始h ar Stado霉-Unanet"
"vn","84","Hanoi","vn","vnm","as","vnd","火","Vi锚t Nam"
"vu","678","Port Vila","vu","vut","oc","vuv","火","Vanuatu"
"wf","681","Mata Utu","wf","wlf","oc","xpf","拣","Wallis ha Futuna"
"ws","685","Apia","ws","wsm","oc","wst","拣","Samoa"
"xk","383","Pristina","xk","xkx","eu","eur","金","Kosovo"
"ye","967","Sanaa","ye","yem","as","yer","攫","Yemen"
"yt","262","Mamoudzou","yt","myt","af","eur","攫","Mayotte"
"za","27","Pretoria","za","zaf","af","zar","筐","Suafrika"
"zm","260","Lusaka","zm","zmb","af","zmk","筐","Zambia"
"zw","263","Harare","zw","zwe","af","zwl","筐","Zimbabwe"
