"id","calling_code","capital_city","code_2","code_3","continent_id","currency_id","flag","name"
"ad","376","Andorra la Vella","ad","and","eu","eur","游뷣릖","Andoora"
"ae","971","Abu Dhabi","ae","are","as","aed","游뷣릖","Laaraw Imaarawey Margantey"
"af","93","Kabul","af","afg","as","afn","游뷣릖","Afgaanistan"
"ag","1268","St. John's","ag","atg","na","xcd","游뷣릖","Antigua nda Barbuuda"
"ai","1264","The Valley","ai","aia","na","xcd","游뷣릖","Angiiya"
"al","355","Tirana","al","alb","eu","all","游뷣릖","Albaani"
"am","374","Yerevan","am","arm","as","amd","游뷣릖","Armeeni"
"ao","244","Luanda","ao","ago","af","aoa","游뷣릖","Angoola"
"aq","672","","aq","ata","an","","游뷣릖","AQ"
"ar","54","Buenos Aires","ar","arg","sa","ars","游뷣릖","Argentine"
"as","1684","Pago Pago","as","asm","oc","usd","游뷣릖","Ameriki Samoa"
"at","43","Vienna","at","aut","eu","eur","游뷣릖","Otri코i"
"au","61","Canberra","au","aus","oc","aud","游뷣릖","Ostraali"
"aw","297","Oranjestad","aw","abw","na","awg","游뷣릖","Aruuba"
"ax","358","Mariehamn","ax","ala","eu","eur","游뷣릖","AX"
"az","994","Baku","az","aze","as","azn","游뷣릖","Azerbaayija콂"
"ba","387","Sarajevo","ba","bih","eu","bam","游游","Bosni nda Herzegovine"
"bb","1246","Bridgetown","bb","brb","na","bbd","游游","Barbaados"
"bd","880","Dhaka","bd","bgd","as","bdt","游游","Banglade코i"
"be","32","Brussels","be","bel","eu","eur","游游","Belgiiki"
"bf","226","Ouagadougou","bf","bfa","af","xof","游游","Burkina faso"
"bg","359","Sofia","bg","bgr","eu","bgn","游游","Bulgaari"
"bh","973","Manama","bh","bhr","as","bhd","游游","Bahareen"
"bi","257","Bujumbura","bi","bdi","af","bif","游游","Burundi"
"bj","229","Porto-Novo","bj","ben","af","xof","游游","Beni콂"
"bl","590","Gustavia","bl","blm","na","eur","游游","BL"
"bm","1441","Hamilton","bm","bmu","na","bmd","游游","Bermuda"
"bn","673","Bandar Seri Begawan","bn","brn","as","bnd","游游","Bruunee"
"bo","591","Sucre","bo","bol","sa","bob","游游","Boolivi"
"bq","599","","bq","bes","na","usd","游游","BQ"
"br","55","Brasilia","br","bra","sa","brl","游游","Breezil"
"bs","1242","Nassau","bs","bhs","na","bsd","游游","Bahamas"
"bt","975","Thimphu","bt","btn","as","btn","游游","Buuta콂"
"bv","55","","bv","bvt","an","nok","游游","BV"
"bw","267","Gaborone","bw","bwa","af","bwp","游游","Botswaana"
"by","375","Minsk","by","blr","eu","byr","游游","Bilori코i"
"bz","501","Belmopan","bz","blz","na","bzd","游游","Beliizi"
"ca","1","Ottawa","ca","can","na","cad","游뻟릖","Kanaada"
"cc","61","West Island","cc","cck","as","aud","游뻟릖","CC"
"cd","243","Kinshasa","cd","cod","af","cdf","游뻟릖","Kongoo demookaratiki laboo"
"cf","236","Bangui","cf","caf","af","xaf","游뻟릖","Centraafriki koyra"
"cg","242","Brazzaville","cg","cog","af","xaf","游뻟릖","Kongoo"
"ch","41","Berne","ch","che","eu","chf","游뻟릖","Swisu"
"ci","225","Yamoussoukro","ci","civ","af","xof","游뻟릖","Kudwar"
"ck","682","Avarua","ck","cok","oc","nzd","游뻟릖","Kuuk gungey"
"cl","56","Santiago","cl","chl","sa","clp","游뻟릖","말ili"
"cm","237","Yaounde","cm","cmr","af","xaf","游뻟릖","Kameruun"
"cn","86","Beijing","cn","chn","as","cny","游뻟릖","말in"
"co","57","Bogota","co","col","sa","cop","游뻟릖","Kolombi"
"cr","506","San Jose","cr","cri","na","crc","游뻟릖","Kosta rika"
"cu","53","Havana","cu","cub","na","cup","游뻟릖","Kuuba"
"cv","238","Praia","cv","cpv","af","cve","游뻟릖","Kapuver gungey"
"cw","599"," Willemstad","cw","cuw","na","ang","游뻟릖","CW"
"cx","61","Flying Fish Cove","cx","cxr","as","aud","游뻟릖","CX"
"cy","357","Nicosia","cy","cyp","eu","eur","游뻟릖","말ipur"
"cz","420","Prague","cz","cze","eu","czk","游뻟릖","Cek labo"
"de","49","Berlin","de","deu","eu","eur","游뾇릖","Almaa쑌"
"dj","253","Djibouti","dj","dji","af","djf","游뾇릖","Jibuuti"
"dk","45","Copenhagen","dk","dnk","eu","dkk","游뾇릖","Danemark"
"dm","1767","Roseau","dm","dma","na","xcd","游뾇릖","DM"
"do","1809","Santo Domingo","do","dom","na","dop","游뾇릖","Doominiki laboo"
"dz","213","Algiers","dz","dza","af","dzd","游뾇릖","Al쬰eri"
"ec","593","Quito","ec","ecu","sa","usd","游쀯릖","Ekwateer"
"ee","372","Tallinn","ee","est","eu","eur","游쀯릖","Estooni"
"eg","20","Cairo","eg","egy","af","egp","游쀯릖","Misra"
"eh","212","El-Aaiun","eh","esh","af","mad","游쀯릖","EH"
"er","291","Asmara","er","eri","af","ern","游쀯릖","Eritree"
"es","34","Madrid","es","esp","eu","eur","游쀯릖","Espaa쑌"
"et","251","Addis Ababa","et","eth","af","etb","游쀯릖","Ecioopi"
"fi","358","Helsinki","fi","fin","eu","eur","游游","Finlandu"
"fj","679","Suva","fj","fji","oc","fjd","游游","Fiji"
"fk","500","Stanley","fk","flk","sa","fkp","游游","Kalkan gungey"
"fm","691","Palikir","fm","fsm","oc","usd","游游","Mikronezi"
"fo","298","Torshavn","fo","fro","eu","dkk","游游","FO"
"fr","33","Paris","fr","fra","eu","eur","游游","Faransi"
"ga","241","Libreville","ga","gab","af","xaf","游섫릖","Gaabon"
"gb","44","London","gb","gbr","eu","gbp","游섫릖","Albaasalaama Marganta"
"gd","1473","St. George's","gd","grd","na","xcd","游섫릖","Grenaada"
"ge","995","Tbilisi","ge","geo","as","gel","游섫릖","Gorgi"
"gf","594","Cayenne","gf","guf","sa","eur","游섫릖","Faransi Guyaan"
"gg","44","St Peter Port","gg","ggy","eu","gbp","游섫릖","GG"
"gh","233","Accra","gh","gha","af","ghs","游섫릖","Gaana"
"gi","350","Gibraltar","gi","gib","eu","gip","游섫릖","Gibraltar"
"gl","299","Nuuk","gl","grl","na","dkk","游섫릖","Grinland"
"gm","220","Banjul","gm","gmb","af","gmd","游섫릖","Gambi"
"gn","224","Conakry","gn","gin","af","gnf","游섫릖","Gine"
"gp","590","Basse-Terre","gp","glp","na","eur","游섫릖","Gwadeluup"
"gq","240","Malabo","gq","gnq","af","xaf","游섫릖","Ginee Ekwatorial"
"gr","30","Athens","gr","grc","eu","eur","游섫릖","Greece"
"gs","500","Grytviken","gs","sgs","an","gbp","游섫릖","GS"
"gt","502","Guatemala City","gt","gtm","na","gtq","游섫릖","Gwatemaala"
"gu","1671","Hagatna","gu","gum","oc","usd","游섫릖","Guam"
"gw","245","Bissau","gw","gnb","af","xof","游섫릖","Gine-Bisso"
"gy","592","Georgetown","gy","guy","sa","gyd","游섫릖","Guyaane"
"hk","852","Hong Kong","hk","hkg","as","hkd","游쇓릖","HK"
"hn","504","Tegucigalpa","hn","hnd","na","hnl","游쇓릖","Honduras"
"hr","385","Zagreb","hr","hrv","eu","hrk","游쇓릖","Krwaasi"
"ht","509","Port-au-Prince","ht","hti","na","htg","游쇓릖","Haiti"
"hu","36","Budapest","hu","hun","eu","huf","游쇓릖","Hungaari"
"id","62","Jakarta","id","idn","as","idr","游쉻릖","Indoneezi"
"ie","353","Dublin","ie","irl","eu","eur","游쉻릖","Irlandu"
"il","972","Jerusalem","il","isr","as","ils","游쉻릖","Israyel"
"im","44","Douglas, Isle of Man","im","imn","eu","gbp","游쉻릖","IM"
"in","91","New Delhi","in","ind","as","inr","游쉻릖","Indu laboo"
"io","246","Diego Garcia","io","iot","as","usd","游쉻릖","Briti코i Indu teekoo laama"
"iq","964","Baghdad","iq","irq","as","iqd","游쉻릖","Iraak"
"ir","98","Tehran","ir","irn","as","irr","游쉻릖","Iraan"
"is","354","Reykjavik","is","isl","eu","isk","游쉻릖","Ayseland"
"it","39","Rome","it","ita","eu","eur","游쉻릖","Itaali"
"je","44","Saint Helier","je","jey","eu","gbp","游游","JE"
"jm","1876","Kingston","jm","jam","na","jmd","游游","Jamaayik"
"jo","962","Amman","jo","jor","as","jod","游游","Urdun"
"jp","81","Tokyo","jp","jpn","as","jpy","游游","Jaapo콂"
"ke","254","Nairobi","ke","ken","af","kes","游썷릖","Keeniya"
"kg","996","Bishkek","kg","kgz","as","kgs","游썷릖","Kyrgyzstan"
"kh","855","Phnom Penh","kh","khm","as","khr","游썷릖","kamboogi"
"ki","686","Tarawa","ki","kir","oc","aud","游썷릖","Kiribaati"
"km","269","Moroni","km","com","af","kmf","游썷릖","Komoor"
"kn","1869","Basseterre","kn","kna","na","xcd","游썷릖","Se콂 Kitts nda Nevis"
"kp","850","Pyongyang","kp","prk","as","kpw","游썷릖","Gurma Kooree"
"kr","82","Seoul","kr","kor","as","krw","游썷릖","Hawsa Kooree"
"kw","965","Kuwait City","kw","kwt","as","kwd","游썷릖","Kuweet"
"ky","1345","George Town","ky","cym","na","kyd","游썷릖","Kayman gungey"
"kz","7","Astana","kz","kaz","as","kzt","游썷릖","Kaazakstan"
"la","856","Vientiane","la","lao","as","lak","游쐟릖","Laawos"
"lb","961","Beirut","lb","lbn","as","lbp","游쐟릖","Lubnaan"
"lc","1758","Castries","lc","lca","na","xcd","游쐟릖","Se콂 Lussia"
"li","423","Vaduz","li","lie","eu","chf","游쐟릖","Liechtenstein"
"lk","94","Colombo","lk","lka","as","lkr","游쐟릖","Srilanka"
"lr","231","Monrovia","lr","lbr","af","lrd","游쐟릖","Liberia"
"ls","266","Maseru","ls","lso","af","lsl","游쐟릖","Leesoto"
"lt","370","Vilnius","lt","ltu","eu","ltl","游쐟릖","Lituaani"
"lu","352","Luxembourg","lu","lux","eu","eur","游쐟릖","Luxembourg"
"lv","371","Riga","lv","lva","eu","eur","游쐟릖","Letooni"
"ly","218","Tripolis","ly","lby","af","lyd","游쐟릖","Liibi"
"ma","212","Rabat","ma","mar","af","mad","游쓇릖","Maarok"
"mc","377","Monaco","mc","mco","eu","eur","游쓇릖","Monako"
"md","373","Chisinau","md","mda","eu","mdl","游쓇릖","Moldovi"
"me","382","Podgorica","me","mne","eu","eur","游쓇릖","ME"
"mf","590","Marigot","mf","maf","na","eur","游쓇릖","MF"
"mg","261","Antananarivo","mg","mdg","af","mga","游쓇릖","Madagascar"
"mh","692","Majuro","mh","mhl","oc","usd","游쓇릖","Mar코al gungey"
"mk","389","Skopje","mk","mkd","eu","mkd","游쓇릖","MK"
"ml","223","Bamako","ml","mli","af","xof","游쓇릖","Maali"
"mm","95","Nay Pyi Taw","mm","mmr","as","mmk","游쓇릖","Maynamar"
"mn","976","Ulan Bator","mn","mng","as","mnt","游쓇릖","Mongooli"
"mo","853","Macao","mo","mac","as","mop","游쓇릖","MO"
"mp","1670","Saipan","mp","mnp","oc","usd","游쓇릖","Mariana Gurma Gungey"
"mq","596","Fort-de-France","mq","mtq","na","eur","游쓇릖","Martiniiki"
"mr","222","Nouakchott","mr","mrt","af","mro","游쓇릖","Mooritaani"
"ms","1664","Plymouth","ms","msr","na","xcd","游쓇릖","Montserrat"
"mt","356","Valletta","mt","mlt","eu","eur","游쓇릖","Malta"
"mu","230","Port Louis","mu","mus","af","mur","游쓇릖","Mooris gungey"
"mv","960","Male","mv","mdv","as","mvr","游쓇릖","Maldiivu"
"mw","265","Lilongwe","mw","mwi","af","mwk","游쓇릖","Malaawi"
"mx","52","Mexico City","mx","mex","na","mxn","游쓇릖","Mexiki"
"my","60","Kuala Lumpur","my","mys","as","myr","游쓇릖","Maleezi"
"mz","258","Maputo","mz","moz","af","mzn","游쓇릖","Mozambik"
"na","264","Windhoek","na","nam","af","nad","游游","Naamibi"
"nc","687","Noumea","nc","ncl","oc","xpf","游游","Kaaledooni Taagaa"
"ne","227","Niamey","ne","ner","af","xof","游游","Ni쬰r"
"nf","672","Kingston","nf","nfk","oc","aud","游游","Norfolk Gungoo"
"ng","234","Abuja","ng","nga","af","ngn","游游","Naajiriia"
"ni","505","Managua","ni","nic","na","nio","游游","Nikaragwa"
"nl","31","Amsterdam","nl","nld","eu","eur","游游","Hollandu"
"no","47","Oslo","no","nor","eu","nok","游游","Norveej"
"np","977","Kathmandu","np","npl","as","npr","游游","Neepal"
"nr","674","Yaren","nr","nru","oc","aud","游游","Nauru"
"nu","683","Alofi","nu","niu","oc","nzd","游游","Niue"
"nz","64","Wellington","nz","nzl","oc","nzd","游游","Zeelandu Taaga"
"om","968","Muscat","om","omn","as","omr","游엃릖","Omaan"
"pa","507","Panama City","pa","pan","na","pab","游왫릖","Panama"
"pe","51","Lima","pe","per","sa","pen","游왫릖","Peeru"
"pf","689","Papeete","pf","pyf","oc","xpf","游왫릖","Faransi Polineezi"
"pg","675","Port Moresby","pg","png","oc","pgk","游왫릖","Papua Ginee Taaga"
"ph","63","Manila","ph","phl","as","php","游왫릖","Filipine"
"pk","92","Islamabad","pk","pak","as","pkr","游왫릖","Paakistan"
"pl","48","Warsaw","pl","pol","eu","pln","游왫릖","Polo쑌"
"pm","508","Saint-Pierre","pm","spm","na","eur","游왫릖","Se콂 Piyer nda Mikelon"
"pn","870","Adamstown","pn","pcn","oc","nzd","游왫릖","Pitikarin"
"pr","1787","San Juan","pr","pri","na","usd","游왫릖","Porto Riko"
"ps","970","East Jerusalem","ps","pse","as","ils","游왫릖","Palestine Dangay nda Gaaza"
"pt","351","Lisbon","pt","prt","eu","eur","游왫릖","Portugaal"
"pw","680","Melekeok","pw","plw","oc","usd","游왫릖","Palu"
"py","595","Asuncion","py","pry","sa","pyg","游왫릖","Paraguwey"
"qa","974","Doha","qa","qat","as","qar","游윓릖","Kataar"
"re","262","Saint-Denis","re","reu","af","eur","游游","Reenio콂"
"ro","40","Bucharest","ro","rou","eu","ron","游游","Rumaani"
"rs","381","Belgrade","rs","srb","eu","rsd","游游","RS"
"ru","7","Moscow","ru","rus","eu","rub","游游","Iri코i laboo"
"rw","250","Kigali","rw","rwa","af","rwf","游游","Rwanda"
"sa","966","Riyadh","sa","sau","as","sar","游젏릖","Saudiya"
"sb","677","Honiara","sb","slb","oc","sbd","游젏릖","Solomon Gungey"
"sc","248","Victoria","sc","syc","af","scr","游젏릖","See코el"
"sd","249","Khartoum","sd","sdn","af","sdg","游젏릖","Suuda콂"
"se","46","Stockholm","se","swe","eu","sek","游젏릖","Sweede"
"sg","65","Singapur","sg","sgp","as","sgd","游젏릖","Singapur"
"sh","290","Jamestown","sh","shn","af","shp","游젏릖","Se콂 Helena"
"si","386","Ljubljana","si","svn","eu","eur","游젏릖","Sloveeni"
"sj","47","Longyearbyen","sj","sjm","eu","nok","游젏릖","SJ"
"sk","421","Bratislava","sk","svk","eu","eur","游젏릖","Slovaaki"
"sl","232","Freetown","sl","sle","af","sll","游젏릖","Seera Leon"
"sm","378","San Marino","sm","smr","eu","eur","游젏릖","San Marino"
"sn","221","Dakar","sn","sen","af","xof","游젏릖","Senegal"
"so","252","Mogadishu","so","som","af","sos","游젏릖","Somaali"
"sr","597","Paramaribo","sr","sur","sa","srd","游젏릖","Surinaam"
"ss","211","Juba","ss","ssd","af","ssp","游젏릖","SS"
"st","239","Sao Tome","st","stp","af","std","游젏릖","Sao Tome nda Prinsipe"
"sv","503","San Salvador","sv","slv","na","usd","游젏릖","Salvador laboo"
"sx","599","Philipsburg","sx","sxm","na","ang","游젏릖","SX"
"sy","963","Damascus","sy","syr","as","syp","游젏릖","Suuria"
"sz","268","Mbabane","sz","swz","af","szl","游젏릖","Swaziland"
"tc","1649","Cockburn Town","tc","tca","na","usd","游좷릖","Turk nda Kayikos Gungey"
"td","235","N'Djamena","td","tcd","af","xaf","游좷릖","Caadu"
"tf","","Port-aux-Francais","tf","atf","an","eur","游좷릖","TF"
"tg","228","Lome","tg","tgo","af","xof","游좷릖","Togo"
"th","66","Bangkok","th","tha","as","thb","游좷릖","Taayiland"
"tj","992","Dushanbe","tj","tjk","as","tjs","游좷릖","Taa쬴kistan"
"tk","690","","tk","tkl","oc","nzd","游좷릖","Tokelau"
"tl","670","Dili","tl","tls","oc","usd","游좷릖","Timoor hawsa"
"tm","993","Ashgabat","tm","tkm","as","tmt","游좷릖","Turkmenista콂"
"tn","216","Tunis","tn","tun","af","tnd","游좷릖","Tunizi"
"to","676","Nuku'alofa","to","ton","oc","top","游좷릖","Tonga"
"tr","90","Ankara","tr","tur","as","try","游좷릖","Turki"
"tt","1868","Port of Spain","tt","tto","na","ttd","游좷릖","Trinidad nda Tobaago"
"tv","688","Funafuti","tv","tuv","oc","aud","游좷릖","Tuvalu"
"tw","886","Taipei","tw","twn","as","twd","游좷릖","Taayiwan"
"tz","255","Dodoma","tz","tza","af","tzs","游좷릖","Tanzaani"
"ua","380","Kiev","ua","ukr","eu","uah","游쥟릖","Ukreen"
"ug","256","Kampala","ug","uga","af","ugx","游쥟릖","Uganda"
"um","246","","um","umi","oc","usd","游쥟릖","UM"
"us","1","Washington","us","usa","na","usd","游쥟릖","Ameriki Laabu Margantey"
"uy","598","Montevideo","uy","ury","sa","uyu","游쥟릖","Uruguwey"
"uz","998","Tashkent","uz","uzb","as","uzs","游쥟릖","Uzbeekistan"
"va","379","Vatican City","va","vat","eu","eur","游游","Vaatikan Laama"
"vc","1784","Kingstown","vc","vct","na","xcd","游游","Se콂vinsa콂 nda Grenadine"
"ve","58","Caracas","ve","ven","sa","vef","游游","Veneezuyeela"
"vg","1284","Road Town","vg","vgb","na","usd","游游","Briti코i Virgin gungey"
"vi","1340","Charlotte Amalie","vi","vir","na","usd","游游","Ameerik Virgin Gungey"
"vn","84","Hanoi","vn","vnm","as","vnd","游游","Vietnaam"
"vu","678","Port Vila","vu","vut","oc","vuv","游游","Vanautu"
"wf","681","Mata Utu","wf","wlf","oc","xpf","游쩛릖","Wallis nda Futuna"
"ws","685","Apia","ws","wsm","oc","wst","游쩛릖","Samoa"
"xk","383","Pristina","xk","xkx","eu","eur","游쬃릖","XK"
"ye","967","Sanaa","ye","yem","as","yer","游쮫릖","Yaman"
"yt","262","Mamoudzou","yt","myt","af","eur","游쮫릖","Mayooti"
"za","27","Pretoria","za","zaf","af","zar","游游","Hawsa Afriki Laboo"
"zm","260","Lusaka","zm","zmb","af","zmk","游游","Zambi"
"zw","263","Harare","zw","zwe","af","zwl","游游","Zimbabwe"
