"id","calling_code","capital_city","code_2","code_3","continent_id","currency_id","flag","name"
"ad","376","Andorra la Vella","ad","and","eu","eur","","Andorra"
"ae","971","Abu Dhabi","ae","are","as","aed","","Zjadnoone arabiske emiraty"
"af","93","Kabul","af","afg","as","afn","","Afghanistan"
"ag","1268","St. John's","ag","atg","na","xcd","","Antigua a Barbuda"
"ai","1264","The Valley","ai","aia","na","xcd","","Anguilla"
"al","355","Tirana","al","alb","eu","all","","Albaska"
"am","374","Yerevan","am","arm","as","amd","","Armeska"
"ao","244","Luanda","ao","ago","af","aoa","","Angola"
"aq","672","","aq","ata","an","","","Antarktis"
"ar","54","Buenos Aires","ar","arg","sa","ars","","Argentinska"
"as","1684","Pago Pago","as","asm","oc","usd","","Ameriska Samoa"
"at","43","Vienna","at","aut","eu","eur","","Awstriska"
"au","61","Canberra","au","aus","oc","aud","","Awstralska"
"aw","297","Oranjestad","aw","abw","na","awg","","Aruba"
"ax","358","Mariehamn","ax","ala","eu","eur","","land"
"az","994","Baku","az","aze","as","azn","","Azerbajd啪an"
"ba","387","Sarajevo","ba","bih","eu","bam","ю","Bosniska a Hercegowina"
"bb","1246","Bridgetown","bb","brb","na","bbd","ю","Barbados"
"bd","880","Dhaka","bd","bgd","as","bdt","ю","Banglade拧"
"be","32","Brussels","be","bel","eu","eur","ю","Belgiska"
"bf","226","Ouagadougou","bf","bfa","af","xof","ю","Burkina Faso"
"bg","359","Sofia","bg","bgr","eu","bgn","ю","Bulgarska"
"bh","973","Manama","bh","bhr","as","bhd","ю","Bahrain"
"bi","257","Bujumbura","bi","bdi","af","bif","ю","Burundi"
"bj","229","Porto-Novo","bj","ben","af","xof","ю","Benin"
"bl","590","Gustavia","bl","blm","na","eur","ю","St. Barth茅lemy"
"bm","1441","Hamilton","bm","bmu","na","bmd","ю","Bermudy"
"bn","673","Bandar Seri Begawan","bn","brn","as","bnd","ю","Brunei"
"bo","591","Sucre","bo","bol","sa","bob","ю","Boliwiska"
"bq","599","","bq","bes","na","usd","ю","Karibiska Ni啪ozemska"
"br","55","Brasilia","br","bra","sa","brl","ю","Brazilska"
"bs","1242","Nassau","bs","bhs","na","bsd","ю","Bahamy"
"bt","975","Thimphu","bt","btn","as","btn","ю","Bhutan"
"bv","55","","bv","bvt","an","nok","ю","Bouvetowa kupa"
"bw","267","Gaborone","bw","bwa","af","bwp","ю","Botswana"
"by","375","Minsk","by","blr","eu","byr","ю","Boruska"
"bz","501","Belmopan","bz","blz","na","bzd","ю","Belize"
"ca","1","Ottawa","ca","can","na","cad","","Kanada"
"cc","61","West Island","cc","cck","as","aud","","Kokosowe kupy"
"cd","243","Kinshasa","cd","cod","af","cdf","","Kongo-Kinshasa"
"cf","236","Bangui","cf","caf","af","xaf","","Centralnoafriska republika"
"cg","242","Brazzaville","cg","cog","af","xaf","","Kongo-Brazzaville"
"ch","41","Berne","ch","che","eu","chf","","wicarska"
"ci","225","Yamoussoukro","ci","civ","af","xof","","C么te dIvoire"
"ck","682","Avarua","ck","cok","oc","nzd","","Cookowe kupy"
"cl","56","Santiago","cl","chl","sa","clp","","Chilska"
"cm","237","Yaounde","cm","cmr","af","xaf","","Kamerun"
"cn","86","Beijing","cn","chn","as","cny","","China"
"co","57","Bogota","co","col","sa","cop","","Kolumbiska"
"cr","506","San Jose","cr","cri","na","crc","","Kosta Rika"
"cu","53","Havana","cu","cub","na","cup","","Kuba"
"cv","238","Praia","cv","cpv","af","cve","","Kap Verde"
"cw","599"," Willemstad","cw","cuw","na","ang","","Cura莽ao"
"cx","61","Flying Fish Cove","cx","cxr","as","aud","","G贸downe kupy"
"cy","357","Nicosia","cy","cyp","eu","eur","","Cypriska"
"cz","420","Prague","cz","cze","eu","czk","","eska republika"
"de","49","Berlin","de","deu","eu","eur","","Nimska"
"dj","253","Djibouti","dj","dji","af","djf","","D啪ibuti"
"dk","45","Copenhagen","dk","dnk","eu","dkk","","Daska"
"dm","1767","Roseau","dm","dma","na","xcd","","Dominika"
"do","1809","Santo Domingo","do","dom","na","dop","","Dominikaska republika"
"dz","213","Algiers","dz","dza","af","dzd","","Algeriska"
"ec","593","Quito","ec","ecu","sa","usd","","Ekwador"
"ee","372","Tallinn","ee","est","eu","eur","","Estniska"
"eg","20","Cairo","eg","egy","af","egp","","Egyptojska"
"eh","212","El-Aaiun","eh","esh","af","mad","","P贸dwjacorna Sahara"
"er","291","Asmara","er","eri","af","ern","","Eritreja"
"es","34","Madrid","es","esp","eu","eur","","paska"
"et","251","Addis Ababa","et","eth","af","etb","","Etiopiska"
"fi","358","Helsinki","fi","fin","eu","eur","","Finska"
"fj","679","Suva","fj","fji","oc","fjd","","Fid啪i"
"fk","500","Stanley","fk","flk","sa","fkp","","Falklandske kupy"
"fm","691","Palikir","fm","fsm","oc","usd","","Mikroneziska"
"fo","298","Torshavn","fo","fro","eu","dkk","","F盲r枚je"
"fr","33","Paris","fr","fra","eu","eur","","Francojska"
"ga","241","Libreville","ga","gab","af","xaf","","Gabun"
"gb","44","London","gb","gbr","eu","gbp","","Zjadnoone kralejstwo"
"gd","1473","St. George's","gd","grd","na","xcd","","Grenada"
"ge","995","Tbilisi","ge","geo","as","gel","","Georgiska"
"gf","594","Cayenne","gf","guf","sa","eur","","Francojska Guyana"
"gg","44","St Peter Port","gg","ggy","eu","gbp","","Guernsey"
"gh","233","Accra","gh","gha","af","ghs","","Ghana"
"gi","350","Gibraltar","gi","gib","eu","gip","","Gibraltar"
"gl","299","Nuuk","gl","grl","na","dkk","","Gr枚nlandska"
"gm","220","Banjul","gm","gmb","af","gmd","","Gambija"
"gn","224","Conakry","gn","gin","af","gnf","","Gineja"
"gp","590","Basse-Terre","gp","glp","na","eur","","Guadeloupe"
"gq","240","Malabo","gq","gnq","af","xaf","","Ekwatorialna Gineja"
"gr","30","Athens","gr","grc","eu","eur","","Grichiska"
"gs","500","Grytviken","gs","sgs","an","gbp","","P贸dpodnjowa Georgiska a P贸dpodnjowe Sandwichowe kupy"
"gt","502","Guatemala City","gt","gtm","na","gtq","","Guatemala"
"gu","1671","Hagatna","gu","gum","oc","usd","","Guam"
"gw","245","Bissau","gw","gnb","af","xof","","Gineja-Bissau"
"gy","592","Georgetown","gy","guy","sa","gyd","","Guyana"
"hk","852","Hong Kong","hk","hkg","as","hkd","","W贸sebna zastojnstwowa cona Hongkong"
"hn","504","Tegucigalpa","hn","hnd","na","hnl","","Honduras"
"hr","385","Zagreb","hr","hrv","eu","hrk","","Chorwatska"
"ht","509","Port-au-Prince","ht","hti","na","htg","","Haiti"
"hu","36","Budapest","hu","hun","eu","huf","","Hungorska"
"id","62","Jakarta","id","idn","as","idr","","Indoneziska"
"ie","353","Dublin","ie","irl","eu","eur","","Irska"
"il","972","Jerusalem","il","isr","as","ils","","Israel"
"im","44","Douglas, Isle of Man","im","imn","eu","gbp","","Man"
"in","91","New Delhi","in","ind","as","inr","","Indiska"
"io","246","Diego Garcia","io","iot","as","usd","","Britiski indiskooceaniski teritorium"
"iq","964","Baghdad","iq","irq","as","iqd","","Irak"
"ir","98","Tehran","ir","irn","as","irr","","Iran"
"is","354","Reykjavik","is","isl","eu","isk","","Islandska"
"it","39","Rome","it","ita","eu","eur","","Italska"
"je","44","Saint Helier","je","jey","eu","gbp","","Jersey"
"jm","1876","Kingston","jm","jam","na","jmd","","Jamaika"
"jo","962","Amman","jo","jor","as","jod","","Jordaniska"
"jp","81","Tokyo","jp","jpn","as","jpy","","Japaska"
"ke","254","Nairobi","ke","ken","af","kes","梆","Kenia"
"kg","996","Bishkek","kg","kgz","as","kgs","梆","Kirgizistan"
"kh","855","Phnom Penh","kh","khm","as","khr","梆","Kambod啪a"
"ki","686","Tarawa","ki","kir","oc","aud","梆","Kiribati"
"km","269","Moroni","km","com","af","kmf","梆","Komory"
"kn","1869","Basseterre","kn","kna","na","xcd","梆","St. Kitts a Nevis"
"kp","850","Pyongyang","kp","prk","as","kpw","梆","P贸dponocna Koreja"
"kr","82","Seoul","kr","kor","as","krw","梆","P贸dpodnjowa Koreja"
"kw","965","Kuwait City","kw","kwt","as","kwd","梆","Kuwait"
"ky","1345","George Town","ky","cym","na","kyd","梆","Kajmaniske kupy"
"kz","7","Astana","kz","kaz","as","kzt","梆","Kazachstan"
"la","856","Vientiane","la","lao","as","lak","别","Laos"
"lb","961","Beirut","lb","lbn","as","lbp","别","Libanon"
"lc","1758","Castries","lc","lca","na","xcd","别","St. Lucia"
"li","423","Vaduz","li","lie","eu","chf","别","Liechtenstein"
"lk","94","Colombo","lk","lka","as","lkr","别","Sri Lanka"
"lr","231","Monrovia","lr","lbr","af","lrd","别","Liberija"
"ls","266","Maseru","ls","lso","af","lsl","别","Lesotho"
"lt","370","Vilnius","lt","ltu","eu","ltl","别","Litawska"
"lu","352","Luxembourg","lu","lux","eu","eur","别","Luxemburgska"
"lv","371","Riga","lv","lva","eu","eur","别","Letiska"
"ly","218","Tripolis","ly","lby","af","lyd","别","Libyska"
"ma","212","Rabat","ma","mar","af","mad","拆","Marokko"
"mc","377","Monaco","mc","mco","eu","eur","拆","Monaco"
"md","373","Chisinau","md","mda","eu","mdl","拆","Moldawska"
"me","382","Podgorica","me","mne","eu","eur","拆","Carna G贸ra"
"mf","590","Marigot","mf","maf","na","eur","拆","St. Martin"
"mg","261","Antananarivo","mg","mdg","af","mga","拆","Madagaskar"
"mh","692","Majuro","mh","mhl","oc","usd","拆","Marshallowe kupy"
"mk","389","Skopje","mk","mkd","eu","mkd","拆","MK"
"ml","223","Bamako","ml","mli","af","xof","拆","Mali"
"mm","95","Nay Pyi Taw","mm","mmr","as","mmk","拆","Myanmar"
"mn","976","Ulan Bator","mn","mng","as","mnt","拆","Mongolska"
"mo","853","Macao","mo","mac","as","mop","拆","W贸sebna zastojnstwowa cona Macao"
"mp","1670","Saipan","mp","mnp","oc","usd","拆","P贸dponocne Mariany"
"mq","596","Fort-de-France","mq","mtq","na","eur","拆","Martinique"
"mr","222","Nouakchott","mr","mrt","af","mro","拆","Mawretaska"
"ms","1664","Plymouth","ms","msr","na","xcd","拆","Montserrat"
"mt","356","Valletta","mt","mlt","eu","eur","拆","Malta"
"mu","230","Port Louis","mu","mus","af","mur","拆","Mauritius"
"mv","960","Male","mv","mdv","as","mvr","拆","Malediwy"
"mw","265","Lilongwe","mw","mwi","af","mwk","拆","Malawi"
"mx","52","Mexico City","mx","mex","na","mxn","拆","Mexiko"
"my","60","Kuala Lumpur","my","mys","as","myr","拆","Malajzija"
"mz","258","Maputo","mz","moz","af","mzn","拆","Mosambik"
"na","264","Windhoek","na","nam","af","nad","仇","Namibija"
"nc","687","Noumea","nc","ncl","oc","xpf","仇","Nowa Kaledoniska"
"ne","227","Niamey","ne","ner","af","xof","仇","Niger"
"nf","672","Kingston","nf","nfk","oc","aud","仇","Norfolkowa kupa"
"ng","234","Abuja","ng","nga","af","ngn","仇","Nigerija"
"ni","505","Managua","ni","nic","na","nio","仇","Nikaragua"
"nl","31","Amsterdam","nl","nld","eu","eur","仇","Ni啪ozemska"
"no","47","Oslo","no","nor","eu","nok","仇","Norwegska"
"np","977","Kathmandu","np","npl","as","npr","仇","Nepal"
"nr","674","Yaren","nr","nru","oc","aud","仇","Nauru"
"nu","683","Alofi","nu","niu","oc","nzd","仇","Niue"
"nz","64","Wellington","nz","nzl","oc","nzd","仇","Nowoseelandska"
"om","968","Muscat","om","omn","as","omr","答","Oman"
"pa","507","Panama City","pa","pan","na","pab","叼","Panama"
"pe","51","Lima","pe","per","sa","pen","叼","Peru"
"pf","689","Papeete","pf","pyf","oc","xpf","叼","Francojska Polyneziska"
"pg","675","Port Moresby","pg","png","oc","pgk","叼","Papua-Neuguinea"
"ph","63","Manila","ph","phl","as","php","叼","Filipiny"
"pk","92","Islamabad","pk","pak","as","pkr","叼","Pakistan"
"pl","48","Warsaw","pl","pol","eu","pln","叼","P贸lska"
"pm","508","Saint-Pierre","pm","spm","na","eur","叼","St. Pierre a Miquelon"
"pn","870","Adamstown","pn","pcn","oc","nzd","叼","Pitcairnowe kupy"
"pr","1787","San Juan","pr","pri","na","usd","叼","Puerto Rico"
"ps","970","East Jerusalem","ps","pse","as","ils","叼","Palestinski awtonomny teritorium"
"pt","351","Lisbon","pt","prt","eu","eur","叼","Portugalska"
"pw","680","Melekeok","pw","plw","oc","usd","叼","Palau"
"py","595","Asuncion","py","pry","sa","pyg","叼","Paraguay"
"qa","974","Doha","qa","qat","as","qar","娥","Katar"
"re","262","Saint-Denis","re","reu","af","eur","佛","R茅union"
"ro","40","Bucharest","ro","rou","eu","ron","佛","Rumuska"
"rs","381","Belgrade","rs","srb","eu","rsd","佛","Serbiska"
"ru","7","Moscow","ru","rus","eu","rub","佛","Ruska"
"rw","250","Kigali","rw","rwa","af","rwf","佛","Ruanda"
"sa","966","Riyadh","sa","sau","as","sar","葛","Saudi-Arabiska"
"sb","677","Honiara","sb","slb","oc","sbd","葛","Salomony"
"sc","248","Victoria","sc","syc","af","scr","葛","Seychelle"
"sd","249","Khartoum","sd","sdn","af","sdg","葛","Sudan"
"se","46","Stockholm","se","swe","eu","sek","葛","wedska"
"sg","65","Singapur","sg","sgp","as","sgd","葛","Singapur"
"sh","290","Jamestown","sh","shn","af","shp","葛","St. Helena"
"si","386","Ljubljana","si","svn","eu","eur","葛","Sowjeska"
"sj","47","Longyearbyen","sj","sjm","eu","nok","葛","Svalbard a Jan Mayen"
"sk","421","Bratislava","sk","svk","eu","eur","葛","Sowakska"
"sl","232","Freetown","sl","sle","af","sll","葛","Sierra Leone"
"sm","378","San Marino","sm","smr","eu","eur","葛","San Marino"
"sn","221","Dakar","sn","sen","af","xof","葛","Senegal"
"so","252","Mogadishu","so","som","af","sos","葛","Somalija"
"sr","597","Paramaribo","sr","sur","sa","srd","葛","Surinamska"
"ss","211","Juba","ss","ssd","af","ssp","葛","P贸dpodnjowy Sudan"
"st","239","Sao Tome","st","stp","af","std","葛","S茫o Tom茅 a Pr铆ncipe"
"sv","503","San Salvador","sv","slv","na","usd","葛","El Salvador"
"sx","599","Philipsburg","sx","sxm","na","ang","葛","Sint Maarten"
"sy","963","Damascus","sy","syr","as","syp","葛","Syriska"
"sz","268","Mbabane","sz","swz","af","szl","葛","Swasiska"
"tc","1649","Cockburn Town","tc","tca","na","usd","桂","Turks a Caicos kupy"
"td","235","N'Djamena","td","tcd","af","xaf","桂","ad"
"tf","","Port-aux-Francais","tf","atf","an","eur","桂","Francojski p贸dpodnjowy a antarktiski teritorium"
"tg","228","Lome","tg","tgo","af","xof","桂","Togo"
"th","66","Bangkok","th","tha","as","thb","桂","Thailandska"
"tj","992","Dushanbe","tj","tjk","as","tjs","桂","Tad藕ikistan"
"tk","690","","tk","tkl","oc","nzd","桂","Tokelau"
"tl","670","Dili","tl","tls","oc","usd","桂","Timor-Leste"
"tm","993","Ashgabat","tm","tkm","as","tmt","桂","Turkmeniska"
"tn","216","Tunis","tn","tun","af","tnd","桂","Tuneziska"
"to","676","Nuku'alofa","to","ton","oc","top","桂","Tonga"
"tr","90","Ankara","tr","tur","as","try","桂","Turkojska"
"tt","1868","Port of Spain","tt","tto","na","ttd","桂","Trinidad a Tobago"
"tv","688","Funafuti","tv","tuv","oc","aud","桂","Tuvalu"
"tw","886","Taipei","tw","twn","as","twd","桂","Taiwan"
"tz","255","Dodoma","tz","tza","af","tzs","桂","Tansanija"
"ua","380","Kiev","ua","ukr","eu","uah","吼","Ukraina"
"ug","256","Kampala","ug","uga","af","ugx","吼","Uganda"
"um","246","","um","umi","oc","usd","吼","Ameriska Oceaniska"
"us","1","Washington","us","usa","na","usd","吼","Zjadnoone staty Ameriki"
"uy","598","Montevideo","uy","ury","sa","uyu","吼","Uruguay"
"uz","998","Tashkent","uz","uzb","as","uzs","吼","Uzbekistan"
"va","379","Vatican City","va","vat","eu","eur","火","Vatikaske msto"
"vc","1784","Kingstown","vc","vct","na","xcd","火","St. Vincent a Grenadiny"
"ve","58","Caracas","ve","ven","sa","vef","火","Venezuela"
"vg","1284","Road Town","vg","vgb","na","usd","火","Britiske kn啪niske kupy"
"vi","1340","Charlotte Amalie","vi","vir","na","usd","火","Ameriske kn啪niske kupy"
"vn","84","Hanoi","vn","vnm","as","vnd","火","Vietnam"
"vu","678","Port Vila","vu","vut","oc","vuv","火","Vanuatu"
"wf","681","Mata Utu","wf","wlf","oc","xpf","拣","Wallis a Futuna"
"ws","685","Apia","ws","wsm","oc","wst","拣","Samoa"
"xk","383","Pristina","xk","xkx","eu","eur","金","Kosowo"
"ye","967","Sanaa","ye","yem","as","yer","攫","Jemen"
"yt","262","Mamoudzou","yt","myt","af","eur","攫","Mayotte"
"za","27","Pretoria","za","zaf","af","zar","筐","P贸dpodnjowa Afrika (Republika)"
"zm","260","Lusaka","zm","zmb","af","zmk","筐","Sambija"
"zw","263","Harare","zw","zwe","af","zwl","筐","Simbabwe"
