"id","calling_code","capital_city","code_2","code_3","continent_id","currency_id","flag","name"
"ad","376","Andorra la Vella","ad","and","eu","eur","🇦🇩","Andorra nutome"
"ae","971","Abu Dhabi","ae","are","as","aed","🇦🇪","United Arab Emirates nutome"
"af","93","Kabul","af","afg","as","afn","🇦🇫","Afghanistan nutome"
"ag","1268","St. John's","ag","atg","na","xcd","ğŸ‡¦ğŸ‡¬","ÌAntigua kple Barbuda nutome"
"ai","1264","The Valley","ai","aia","na","xcd","🇦🇮","Anguilla nutome"
"al","355","Tirana","al","alb","eu","all","🇦🇱","Albania nutome"
"am","374","Yerevan","am","arm","as","amd","🇦🇲","Armenia nutome"
"ao","244","Luanda","ao","ago","af","aoa","🇦🇴","Angola nutome"
"aq","672","","aq","ata","an","","🇦🇶","Antartica nutome"
"ar","54","Buenos Aires","ar","arg","sa","ars","🇦🇷","Argentina nutome"
"as","1684","Pago Pago","as","asm","oc","usd","🇦🇸","Amerika Samoa nutome"
"at","43","Vienna","at","aut","eu","eur","🇦🇹","Austria nutome"
"au","61","Canberra","au","aus","oc","aud","🇦🇺","Australia nutome"
"aw","297","Oranjestad","aw","abw","na","awg","🇦🇼","Aruba nutome"
"ax","358","Mariehamn","ax","ala","eu","eur","🇦🇽","Åland ƒudomekpo nutome"
"az","994","Baku","az","aze","as","azn","🇦🇿","Azerbaijan nutome"
"ba","387","Sarajevo","ba","bih","eu","bam","🇧🇦","Bosnia kple Herzergovina nutome"
"bb","1246","Bridgetown","bb","brb","na","bbd","🇧🇧","Barbados nutome"
"bd","880","Dhaka","bd","bgd","as","bdt","🇧🇩","Bangladesh nutome"
"be","32","Brussels","be","bel","eu","eur","🇧🇪","Belgium nutome"
"bf","226","Ouagadougou","bf","bfa","af","xof","🇧🇫","Burkina Faso nutome"
"bg","359","Sofia","bg","bgr","eu","bgn","🇧🇬","Bulgaria nutome"
"bh","973","Manama","bh","bhr","as","bhd","🇧🇭","Bahrain nutome"
"bi","257","Bujumbura","bi","bdi","af","bif","🇧🇮","Burundi nutome"
"bj","229","Porto-Novo","bj","ben","af","xof","🇧🇯","Benin nutome"
"bl","590","Gustavia","bl","blm","na","eur","🇧🇱","Saint Barthélemy nutome"
"bm","1441","Hamilton","bm","bmu","na","bmd","🇧🇲","Bermuda nutome"
"bn","673","Bandar Seri Begawan","bn","brn","as","bnd","🇧🇳","Brunei nutome"
"bo","591","Sucre","bo","bol","sa","bob","🇧🇴","Bolivia nutome"
"bq","599","","bq","bes","na","usd","🇧🇶","BQ"
"br","55","Brasilia","br","bra","sa","brl","🇧🇷","Brazil nutome"
"bs","1242","Nassau","bs","bhs","na","bsd","🇧🇸","Bahamas nutome"
"bt","975","Thimphu","bt","btn","as","btn","🇧🇹","Bhutan nutome"
"bv","55","","bv","bvt","an","nok","🇧🇻","Bouvet ƒudomekpo nutome"
"bw","267","Gaborone","bw","bwa","af","bwp","🇧🇼","Botswana nutome"
"by","375","Minsk","by","blr","eu","byr","🇧🇾","Belarus nutome"
"bz","501","Belmopan","bz","blz","na","bzd","🇧🇿","Belize nutome"
"ca","1","Ottawa","ca","can","na","cad","🇨🇦","Canada nutome"
"cc","61","West Island","cc","cck","as","aud","🇨🇨","Kokos (Kiling) fudomekpo nutome"
"cd","243","Kinshasa","cd","cod","af","cdf","🇨🇩","Kongo Kinshasa nutome"
"cf","236","Bangui","cf","caf","af","xaf","🇨🇫","Titina Afrika repɔblik nutome"
"cg","242","Brazzaville","cg","cog","af","xaf","🇨🇬","Kongo Brazzaville nutome"
"ch","41","Berne","ch","che","eu","chf","🇨🇭","Switzerland nutome"
"ci","225","Yamoussoukro","ci","civ","af","xof","🇨🇮","Kote d’Ivoire nutome"
"ck","682","Avarua","ck","cok","oc","nzd","🇨🇰","Kook ƒudomekpo nutome"
"cl","56","Santiago","cl","chl","sa","clp","🇨🇱","Tsile nutome"
"cm","237","Yaounde","cm","cmr","af","xaf","🇨🇲","Kamerun nutome"
"cn","86","Beijing","cn","chn","as","cny","🇨🇳","Tsaina nutome"
"co","57","Bogota","co","col","sa","cop","🇨🇴","Kolombia nutome"
"cr","506","San Jose","cr","cri","na","crc","🇨🇷","Kosta Rika nutome"
"cu","53","Havana","cu","cub","na","cup","🇨🇺","Kuba nutome"
"cv","238","Praia","cv","cpv","af","cve","🇨🇻","Kape Verde nutome"
"cw","599"," Willemstad","cw","cuw","na","ang","🇨🇼","CW"
"cx","61","Flying Fish Cove","cx","cxr","as","aud","🇨🇽","Kristmas ƒudomekpo nutome"
"cy","357","Nicosia","cy","cyp","eu","eur","🇨🇾","Saiprus nutome"
"cz","420","Prague","cz","cze","eu","czk","🇨🇿","Tsɛk repɔblik nutome"
"de","49","Berlin","de","deu","eu","eur","🇩🇪","Germania nutome"
"dj","253","Djibouti","dj","dji","af","djf","🇩🇯","Dzibuti nutome"
"dk","45","Copenhagen","dk","dnk","eu","dkk","🇩🇰","Denmark nutome"
"dm","1767","Roseau","dm","dma","na","xcd","🇩🇲","Dominika nutome"
"do","1809","Santo Domingo","do","dom","na","dop","🇩🇴","Dominika repɔblik nutome"
"dz","213","Algiers","dz","dza","af","dzd","🇩🇿","Algeria nutome"
"ec","593","Quito","ec","ecu","sa","usd","🇪🇨","Ekuadɔ nutome"
"ee","372","Tallinn","ee","est","eu","eur","🇪🇪","Estonia nutome"
"eg","20","Cairo","eg","egy","af","egp","🇪🇬","Egypte nutome"
"eh","212","El-Aaiun","eh","esh","af","mad","🇪🇭","Ɣetoɖoƒe Sahara nutome"
"er","291","Asmara","er","eri","af","ern","🇪🇷","Eritrea nutome"
"es","34","Madrid","es","esp","eu","eur","🇪🇸","Spain nutome"
"et","251","Addis Ababa","et","eth","af","etb","🇪🇹","Etiopia nutome"
"fi","358","Helsinki","fi","fin","eu","eur","🇫🇮","Finland nutome"
"fj","679","Suva","fj","fji","oc","fjd","🇫🇯","Fidzi nutome"
"fk","500","Stanley","fk","flk","sa","fkp","🇫🇰","Falkland ƒudomekpowo nutome"
"fm","691","Palikir","fm","fsm","oc","usd","🇫🇲","Mikronesia nutome"
"fo","298","Torshavn","fo","fro","eu","dkk","🇫🇴","Faroe ƒudomekpowo nutome"
"fr","33","Paris","fr","fra","eu","eur","🇫🇷","France nutome"
"ga","241","Libreville","ga","gab","af","xaf","🇬🇦","Gabɔn nutome"
"gb","44","London","gb","gbr","eu","gbp","🇬🇧","United Kingdom nutome"
"gd","1473","St. George's","gd","grd","na","xcd","🇬🇩","Grenada nutome"
"ge","995","Tbilisi","ge","geo","as","gel","🇬🇪","Georgia nutome"
"gf","594","Cayenne","gf","guf","sa","eur","🇬🇫","Frentsi Gayana nutome"
"gg","44","St Peter Port","gg","ggy","eu","gbp","🇬🇬","Guernse nutome"
"gh","233","Accra","gh","gha","af","ghs","🇬🇭","Ghana nutome"
"gi","350","Gibraltar","gi","gib","eu","gip","🇬🇮","Gibraltar nutome"
"gl","299","Nuuk","gl","grl","na","dkk","🇬🇱","Grinland nutome"
"gm","220","Banjul","gm","gmb","af","gmd","🇬🇲","Gambia nutome"
"gn","224","Conakry","gn","gin","af","gnf","🇬🇳","Guini nutome"
"gp","590","Basse-Terre","gp","glp","na","eur","🇬🇵","Guadelupe nutome"
"gq","240","Malabo","gq","gnq","af","xaf","🇬🇶","Ekuatorial Guini nutome"
"gr","30","Athens","gr","grc","eu","eur","🇬🇷","Greece nutome"
"gs","500","Grytviken","gs","sgs","an","gbp","🇬🇸","Anyiehe Georgia kple Anyiehe Sandwich ƒudomekpowo nutome"
"gt","502","Guatemala City","gt","gtm","na","gtq","🇬🇹","Guatemala nutome"
"gu","1671","Hagatna","gu","gum","oc","usd","🇬🇺","Guam nutome"
"gw","245","Bissau","gw","gnb","af","xof","🇬🇼","Gini-Bisao nutome"
"gy","592","Georgetown","gy","guy","sa","gyd","🇬🇾","Guyanadu"
"hk","852","Hong Kong","hk","hkg","as","hkd","🇭🇰","Hɔng Kɔng SAR Tsaina nutome"
"hn","504","Tegucigalpa","hn","hnd","na","hnl","🇭🇳","Hondurasdu"
"hr","385","Zagreb","hr","hrv","eu","hrk","🇭🇷","Kroatsia nutome"
"ht","509","Port-au-Prince","ht","hti","na","htg","🇭🇹","Haiti nutome"
"hu","36","Budapest","hu","hun","eu","huf","🇭🇺","Hungari nutome"
"id","62","Jakarta","id","idn","as","idr","🇮🇩","Indonesia nutome"
"ie","353","Dublin","ie","irl","eu","eur","🇮🇪","Ireland nutome"
"il","972","Jerusalem","il","isr","as","ils","🇮🇱","Israel nutome"
"im","44","Douglas, Isle of Man","im","imn","eu","gbp","🇮🇲","Aisle of Man nutome"
"in","91","New Delhi","in","ind","as","inr","🇮🇳","India nutome"
"io","246","Diego Garcia","io","iot","as","usd","🇮🇴","Britaintɔwo ƒe india ƒudome nutome"
"iq","964","Baghdad","iq","irq","as","iqd","🇮🇶","iraqdukɔ"
"ir","98","Tehran","ir","irn","as","irr","🇮🇷","Iran nutome"
"is","354","Reykjavik","is","isl","eu","isk","🇮🇸","Aiseland nutome"
"it","39","Rome","it","ita","eu","eur","🇮🇹","Italia nutome"
"je","44","Saint Helier","je","jey","eu","gbp","🇯🇪","Dzɛse nutome"
"jm","1876","Kingston","jm","jam","na","jmd","🇯🇲","Dzamaika nutome"
"jo","962","Amman","jo","jor","as","jod","🇯🇴","Yordan nutome"
"jp","81","Tokyo","jp","jpn","as","jpy","🇯🇵","Dzapan nutome"
"ke","254","Nairobi","ke","ken","af","kes","🇰🇪","Kenya nutome"
"kg","996","Bishkek","kg","kgz","as","kgs","🇰🇬","Kirgizstan nutome"
"kh","855","Phnom Penh","kh","khm","as","khr","🇰🇭","Kambodia nutome"
"ki","686","Tarawa","ki","kir","oc","aud","🇰🇮","Kiribati nutome"
"km","269","Moroni","km","com","af","kmf","🇰🇲","Komoros nutome"
"kn","1869","Basseterre","kn","kna","na","xcd","🇰🇳","Saint Kitis kple Nevis nutome"
"kp","850","Pyongyang","kp","prk","as","kpw","🇰🇵","Dziehe Korea nutome"
"kr","82","Seoul","kr","kor","as","krw","🇰🇷","Anyiehe Korea nutome"
"kw","965","Kuwait City","kw","kwt","as","kwd","🇰🇼","Kuwait nutome"
"ky","1345","George Town","ky","cym","na","kyd","🇰🇾","Kayman ƒudomekpowo nutome"
"kz","7","Astana","kz","kaz","as","kzt","🇰🇿","Kazakstan nutome"
"la","856","Vientiane","la","lao","as","lak","🇱🇦","Laos nutome"
"lb","961","Beirut","lb","lbn","as","lbp","🇱🇧","Lebanɔn nutome"
"lc","1758","Castries","lc","lca","na","xcd","🇱🇨","Saint Lusia nutome"
"li","423","Vaduz","li","lie","eu","chf","🇱🇮","Litsenstein nutome"
"lk","94","Colombo","lk","lka","as","lkr","🇱🇰","Sri Lanka nutome"
"lr","231","Monrovia","lr","lbr","af","lrd","🇱🇷","Liberia nutome"
"ls","266","Maseru","ls","lso","af","lsl","🇱🇸","Lɛsoto nutome"
"lt","370","Vilnius","lt","ltu","eu","ltl","🇱🇹","Lituania nutome"
"lu","352","Luxembourg","lu","lux","eu","eur","🇱🇺","Lazembɔg nutome"
"lv","371","Riga","lv","lva","eu","eur","🇱🇻","Latvia nutome"
"ly","218","Tripolis","ly","lby","af","lyd","🇱🇾","Libya nutome"
"ma","212","Rabat","ma","mar","af","mad","🇲🇦","Moroko nutome"
"mc","377","Monaco","mc","mco","eu","eur","🇲🇨","Monako nutome"
"md","373","Chisinau","md","mda","eu","mdl","🇲🇩","Moldova nutome"
"me","382","Podgorica","me","mne","eu","eur","🇲🇪","Montenegro nutome"
"mf","590","Marigot","mf","maf","na","eur","🇲🇫","Saint Martin nutome"
"mg","261","Antananarivo","mg","mdg","af","mga","🇲🇬","Madagaska nutome"
"mh","692","Majuro","mh","mhl","oc","usd","🇲🇭","Marshal ƒudomekpowo nutome"
"mk","389","Skopje","mk","mkd","eu","mkd","🇲🇰","MK"
"ml","223","Bamako","ml","mli","af","xof","🇲🇱","Mali nutome"
"mm","95","Nay Pyi Taw","mm","mmr","as","mmk","🇲🇲","Myanmar (Burma) nutome"
"mn","976","Ulan Bator","mn","mng","as","mnt","🇲🇳","Mongolia nutome"
"mo","853","Macao","mo","mac","as","mop","🇲🇴","Macau SAR Tsaina nutome"
"mp","1670","Saipan","mp","mnp","oc","usd","🇲🇵","Dziehe Marina ƒudomekpowo nutome"
"mq","596","Fort-de-France","mq","mtq","na","eur","🇲🇶","Martiniki nutome"
"mr","222","Nouakchott","mr","mrt","af","mro","🇲🇷","Mauritania nutome"
"ms","1664","Plymouth","ms","msr","na","xcd","🇲🇸","Montserrat nutome"
"mt","356","Valletta","mt","mlt","eu","eur","🇲🇹","Malta nutome"
"mu","230","Port Louis","mu","mus","af","mur","🇲🇺","mauritiusdukɔ"
"mv","960","Male","mv","mdv","as","mvr","🇲🇻","maldivesdukɔ"
"mw","265","Lilongwe","mw","mwi","af","mwk","🇲🇼","Malawi nutome"
"mx","52","Mexico City","mx","mex","na","mxn","🇲🇽","Mexico nutome"
"my","60","Kuala Lumpur","my","mys","as","myr","🇲🇾","Malaysia nutome"
"mz","258","Maputo","mz","moz","af","mzn","🇲🇿","Mozambiki nutome"
"na","264","Windhoek","na","nam","af","nad","🇳🇦","Namibia nutome"
"nc","687","Noumea","nc","ncl","oc","xpf","🇳🇨","New Kaledonia nutome"
"ne","227","Niamey","ne","ner","af","xof","🇳🇪","Niger nutome"
"nf","672","Kingston","nf","nfk","oc","aud","🇳🇫","Norfolk ƒudomekpo nutome"
"ng","234","Abuja","ng","nga","af","ngn","🇳🇬","Nigeria nutome"
"ni","505","Managua","ni","nic","na","nio","🇳🇮","Nicaraguadukɔ"
"nl","31","Amsterdam","nl","nld","eu","eur","🇳🇱","Netherlands nutome"
"no","47","Oslo","no","nor","eu","nok","🇳🇴","Norway nutome"
"np","977","Kathmandu","np","npl","as","npr","🇳🇵","Nepal nutome"
"nr","674","Yaren","nr","nru","oc","aud","🇳🇷","Nauru nutome"
"nu","683","Alofi","nu","niu","oc","nzd","🇳🇺","Niue nutome"
"nz","64","Wellington","nz","nzl","oc","nzd","🇳🇿","New Zealand nutome"
"om","968","Muscat","om","omn","as","omr","🇴🇲","Oman nutome"
"pa","507","Panama City","pa","pan","na","pab","🇵🇦","Panama nutome"
"pe","51","Lima","pe","per","sa","pen","🇵🇪","Peru nutome"
"pf","689","Papeete","pf","pyf","oc","xpf","🇵🇫","Frentsi Pɔlinesia nutome"
"pg","675","Port Moresby","pg","png","oc","pgk","🇵🇬","Papua New Gini nutome"
"ph","63","Manila","ph","phl","as","php","🇵🇭","Filipini nutome"
"pk","92","Islamabad","pk","pak","as","pkr","🇵🇰","Pakistan nutome"
"pl","48","Warsaw","pl","pol","eu","pln","🇵🇱","Poland nutome"
"pm","508","Saint-Pierre","pm","spm","na","eur","🇵🇲","Saint Pierre kple Mikelɔn nutome"
"pn","870","Adamstown","pn","pcn","oc","nzd","🇵🇳","Pitkairn ƒudomekpo nutome"
"pr","1787","San Juan","pr","pri","na","usd","🇵🇷","Puerto Riko nutome"
"ps","970","East Jerusalem","ps","pse","as","ils","🇵🇸","Palestinia nutome"
"pt","351","Lisbon","pt","prt","eu","eur","🇵🇹","Portugal nutome"
"pw","680","Melekeok","pw","plw","oc","usd","🇵🇼","Palau nutome"
"py","595","Asuncion","py","pry","sa","pyg","🇵🇾","Paragua nutome"
"qa","974","Doha","qa","qat","as","qar","🇶🇦","Katar nutome"
"re","262","Saint-Denis","re","reu","af","eur","🇷🇪","Réunion nutome"
"ro","40","Bucharest","ro","rou","eu","ron","🇷🇴","Romania nutome"
"rs","381","Belgrade","rs","srb","eu","rsd","🇷🇸","RS"
"ru","7","Moscow","ru","rus","eu","rub","🇷🇺","Russia nutome"
"rw","250","Kigali","rw","rwa","af","rwf","🇷🇼","Rwanda nutome"
"sa","966","Riyadh","sa","sau","as","sar","🇸🇦","Saudi Arabia nutome"
"sb","677","Honiara","sb","slb","oc","sbd","🇸🇧","Solomon ƒudomekpowo nutome"
"sc","248","Victoria","sc","syc","af","scr","🇸🇨","Seshɛls nutome"
"sd","249","Khartoum","sd","sdn","af","sdg","🇸🇩","Sudan nutome"
"se","46","Stockholm","se","swe","eu","sek","🇸🇪","Sweden nutome"
"sg","65","Singapur","sg","sgp","as","sgd","🇸🇬","Singapɔr nutome"
"sh","290","Jamestown","sh","shn","af","shp","🇸🇭","Saint Helena nutome"
"si","386","Ljubljana","si","svn","eu","eur","🇸🇮","Slovenia nutome"
"sj","47","Longyearbyen","sj","sjm","eu","nok","🇸🇯","Svalbard kple Yan Mayen nutome"
"sk","421","Bratislava","sk","svk","eu","eur","🇸🇰","Slovakia nutome"
"sl","232","Freetown","sl","sle","af","sll","🇸🇱","Sierra Leone nutome"
"sm","378","San Marino","sm","smr","eu","eur","🇸🇲","San Marino nutome"
"sn","221","Dakar","sn","sen","af","xof","🇸🇳","Senegal nutome"
"so","252","Mogadishu","so","som","af","sos","🇸🇴","Somalia nutome"
"sr","597","Paramaribo","sr","sur","sa","srd","🇸🇷","Suriname nutome"
"ss","211","Juba","ss","ssd","af","ssp","🇸🇸","SS"
"st","239","Sao Tome","st","stp","af","std","🇸🇹","São Tomé kple Príncipe nutome"
"sv","503","San Salvador","sv","slv","na","usd","🇸🇻","El Salvadɔ nutome"
"sx","599","Philipsburg","sx","sxm","na","ang","🇸🇽","SX"
"sy","963","Damascus","sy","syr","as","syp","🇸🇾","Siria nutome"
"sz","268","Mbabane","sz","swz","af","szl","🇸🇿","Swaziland nutome"
"tc","1649","Cockburn Town","tc","tca","na","usd","🇹🇨","Tɛks kple Kaikos ƒudomekpowo nutome"
"td","235","N'Djamena","td","tcd","af","xaf","🇹🇩","Tsad nutome"
"tf","","Port-aux-Francais","tf","atf","an","eur","🇹🇫","Anyiehe Franseme nutome"
"tg","228","Lome","tg","tgo","af","xof","🇹🇬","Togo nutome"
"th","66","Bangkok","th","tha","as","thb","🇹🇭","Thailand nutome"
"tj","992","Dushanbe","tj","tjk","as","tjs","🇹🇯","Tajikistan nutome"
"tk","690","","tk","tkl","oc","nzd","🇹🇰","Tokelau nutome"
"tl","670","Dili","tl","tls","oc","usd","🇹🇱","Timor-Leste nutome"
"tm","993","Ashgabat","tm","tkm","as","tmt","🇹🇲","Tɛkmenistan nutome"
"tn","216","Tunis","tn","tun","af","tnd","🇹🇳","Tunisia nutome"
"to","676","Nuku'alofa","to","ton","oc","top","🇹🇴","Tonga nutome"
"tr","90","Ankara","tr","tur","as","try","🇹🇷","Tɛki nutome"
"tt","1868","Port of Spain","tt","tto","na","ttd","🇹🇹","Trinidad kple Tobago nutome"
"tv","688","Funafuti","tv","tuv","oc","aud","🇹🇻","Tuvalu nutome"
"tw","886","Taipei","tw","twn","as","twd","🇹🇼","Taiwan nutome"
"tz","255","Dodoma","tz","tza","af","tzs","🇹🇿","Tanzania nutome"
"ua","380","Kiev","ua","ukr","eu","uah","🇺🇦","Ukraine nutome"
"ug","256","Kampala","ug","uga","af","ugx","🇺🇬","Uganda nutome"
"um","246","","um","umi","oc","usd","🇺🇲","U.S. Minor Outlaying ƒudomekpowo nutome"
"us","1","Washington","us","usa","na","usd","🇺🇸","USA nutome"
"uy","598","Montevideo","uy","ury","sa","uyu","🇺🇾","uruguaydukɔ"
"uz","998","Tashkent","uz","uzb","as","uzs","🇺🇿","Uzbekistan nutome"
"va","379","Vatican City","va","vat","eu","eur","🇻🇦","Vatikandu nutome"
"vc","1784","Kingstown","vc","vct","na","xcd","🇻🇨","Saint Vincent kple Grenadine nutome"
"ve","58","Caracas","ve","ven","sa","vef","🇻🇪","Venezuela nutome"
"vg","1284","Road Town","vg","vgb","na","usd","🇻🇬","Britaintɔwo ƒe Virgin ƒudomekpowo nutome"
"vi","1340","Charlotte Amalie","vi","vir","na","usd","🇻🇮","U.S. Vɛrgin ƒudomekpowo nutome"
"vn","84","Hanoi","vn","vnm","as","vnd","🇻🇳","Vietnam nutome"
"vu","678","Port Vila","vu","vut","oc","vuv","🇻🇺","Vanuatu nutome"
"wf","681","Mata Utu","wf","wlf","oc","xpf","🇼🇫","Wallis kple Futuna nutome"
"ws","685","Apia","ws","wsm","oc","wst","🇼🇸","Samoa nutome"
"xk","383","Pristina","xk","xkx","eu","eur","🇽🇰","XK"
"ye","967","Sanaa","ye","yem","as","yer","🇾🇪","Yemen nutome"
"yt","262","Mamoudzou","yt","myt","af","eur","🇾🇹","Mayotte nutome"
"za","27","Pretoria","za","zaf","af","zar","🇿🇦","Anyiehe Africa nutome"
"zm","260","Lusaka","zm","zmb","af","zmk","🇿🇲","Zambia nutome"
"zw","263","Harare","zw","zwe","af","zwl","🇿🇼","Zimbabwe nutome"
