"id","calling_code","capital_city","code_2","code_3","continent_id","currency_id","flag","name"
"ad","376","Andorra la Vella","ad","and","eu","eur","游뷣릖","Andorra"
"ae","971","Abu Dhabi","ae","are","as","aed","游뷣릖","Emiratos 츼rabes Unidos"
"af","93","Kabul","af","afg","as","afn","游뷣릖","Afganist치n"
"ag","1268","St. John's","ag","atg","na","xcd","游뷣릖","Antigua y Barbuda"
"ai","1264","The Valley","ai","aia","na","xcd","游뷣릖","Anguila"
"al","355","Tirana","al","alb","eu","all","游뷣릖","Albania"
"am","374","Yerevan","am","arm","as","amd","游뷣릖","Armenia"
"ao","244","Luanda","ao","ago","af","aoa","游뷣릖","Angola"
"aq","672","","aq","ata","an","","游뷣릖","Ant치rtida"
"ar","54","Buenos Aires","ar","arg","sa","ars","游뷣릖","Argentina"
"as","1684","Pago Pago","as","asm","oc","usd","游뷣릖","Samoa Americana"
"at","43","Vienna","at","aut","eu","eur","游뷣릖","Austria"
"au","61","Canberra","au","aus","oc","aud","游뷣릖","Australia"
"aw","297","Oranjestad","aw","abw","na","awg","游뷣릖","Aruba"
"ax","358","Mariehamn","ax","ala","eu","eur","游뷣릖","Islas 칀land"
"az","994","Baku","az","aze","as","azn","游뷣릖","Azerbaiy치n"
"ba","387","Sarajevo","ba","bih","eu","bam","游游","Bosnia-Herzegovina"
"bb","1246","Bridgetown","bb","brb","na","bbd","游游","Barbados"
"bd","880","Dhaka","bd","bgd","as","bdt","游游","Banglad칠s"
"be","32","Brussels","be","bel","eu","eur","游游","B칠lgica"
"bf","226","Ouagadougou","bf","bfa","af","xof","游游","Burkina Faso"
"bg","359","Sofia","bg","bgr","eu","bgn","游游","Bulgaria"
"bh","973","Manama","bh","bhr","as","bhd","游游","Bar칠in"
"bi","257","Bujumbura","bi","bdi","af","bif","游游","Burundi"
"bj","229","Porto-Novo","bj","ben","af","xof","游游","Ben칤n"
"bl","590","Gustavia","bl","blm","na","eur","游游","San Bartolom칠"
"bm","1441","Hamilton","bm","bmu","na","bmd","游游","Bermudas"
"bn","673","Bandar Seri Begawan","bn","brn","as","bnd","游游","Brun칠i"
"bo","591","Sucre","bo","bol","sa","bob","游游","Bolivia"
"bq","599","","bq","bes","na","usd","游游","Caribe neerland칠s"
"br","55","Brasilia","br","bra","sa","brl","游游","Brasil"
"bs","1242","Nassau","bs","bhs","na","bsd","游游","Bahamas"
"bt","975","Thimphu","bt","btn","as","btn","游游","But치n"
"bv","55","","bv","bvt","an","nok","游游","Isla Bouvet"
"bw","267","Gaborone","bw","bwa","af","bwp","游游","Botsuana"
"by","375","Minsk","by","blr","eu","byr","游游","Bielorrusia"
"bz","501","Belmopan","bz","blz","na","bzd","游游","Belice"
"ca","1","Ottawa","ca","can","na","cad","游뻟릖","Canad치"
"cc","61","West Island","cc","cck","as","aud","游뻟릖","Islas Cocos"
"cd","243","Kinshasa","cd","cod","af","cdf","游뻟릖","Rep칰blica Democr치tica del Congo"
"cf","236","Bangui","cf","caf","af","xaf","游뻟릖","Rep칰blica Centroafricana"
"cg","242","Brazzaville","cg","cog","af","xaf","游뻟릖","Rep칰blica del Congo"
"ch","41","Berne","ch","che","eu","chf","游뻟릖","Suiza"
"ci","225","Yamoussoukro","ci","civ","af","xof","游뻟릖","Costa de Marfil"
"ck","682","Avarua","ck","cok","oc","nzd","游뻟릖","Islas Cook"
"cl","56","Santiago","cl","chl","sa","clp","游뻟릖","Chile"
"cm","237","Yaounde","cm","cmr","af","xaf","游뻟릖","Camer칰n"
"cn","86","Beijing","cn","chn","as","cny","游뻟릖","China"
"co","57","Bogota","co","col","sa","cop","游뻟릖","Colombia"
"cr","506","San Jose","cr","cri","na","crc","游뻟릖","Costa Rica"
"cu","53","Havana","cu","cub","na","cup","游뻟릖","Cuba"
"cv","238","Praia","cv","cpv","af","cve","游뻟릖","Cabo Verde"
"cw","599"," Willemstad","cw","cuw","na","ang","游뻟릖","Curazao"
"cx","61","Flying Fish Cove","cx","cxr","as","aud","游뻟릖","Isla de Navidad"
"cy","357","Nicosia","cy","cyp","eu","eur","游뻟릖","Chipre"
"cz","420","Prague","cz","cze","eu","czk","游뻟릖","Chequia"
"de","49","Berlin","de","deu","eu","eur","游뾇릖","Alemania"
"dj","253","Djibouti","dj","dji","af","djf","游뾇릖","Yibuti"
"dk","45","Copenhagen","dk","dnk","eu","dkk","游뾇릖","Dinamarca"
"dm","1767","Roseau","dm","dma","na","xcd","游뾇릖","Dominica"
"do","1809","Santo Domingo","do","dom","na","dop","游뾇릖","Rep칰blica Dominicana"
"dz","213","Algiers","dz","dza","af","dzd","游뾇릖","Argelia"
"ec","593","Quito","ec","ecu","sa","usd","游쀯릖","Ecuador"
"ee","372","Tallinn","ee","est","eu","eur","游쀯릖","Estonia"
"eg","20","Cairo","eg","egy","af","egp","游쀯릖","Egipto"
"eh","212","El-Aaiun","eh","esh","af","mad","游쀯릖","S치hara Occidental"
"er","291","Asmara","er","eri","af","ern","游쀯릖","Eritrea"
"es","34","Madrid","es","esp","eu","eur","游쀯릖","Espa침a"
"et","251","Addis Ababa","et","eth","af","etb","游쀯릖","Etiop칤a"
"fi","358","Helsinki","fi","fin","eu","eur","游游","Finlandia"
"fj","679","Suva","fj","fji","oc","fjd","游游","Fiyi"
"fk","500","Stanley","fk","flk","sa","fkp","游游","Islas Malvinas"
"fm","691","Palikir","fm","fsm","oc","usd","游游","Micronesia"
"fo","298","Torshavn","fo","fro","eu","dkk","游游","Islas Feroe"
"fr","33","Paris","fr","fra","eu","eur","游游","Francia"
"ga","241","Libreville","ga","gab","af","xaf","游섫릖","Gab칩n"
"gb","44","London","gb","gbr","eu","gbp","游섫릖","Reino Unido"
"gd","1473","St. George's","gd","grd","na","xcd","游섫릖","Granada"
"ge","995","Tbilisi","ge","geo","as","gel","游섫릖","Georgia"
"gf","594","Cayenne","gf","guf","sa","eur","游섫릖","Guayana Francesa"
"gg","44","St Peter Port","gg","ggy","eu","gbp","游섫릖","Guernesey"
"gh","233","Accra","gh","gha","af","ghs","游섫릖","Ghana"
"gi","350","Gibraltar","gi","gib","eu","gip","游섫릖","Gibraltar"
"gl","299","Nuuk","gl","grl","na","dkk","游섫릖","Groenlandia"
"gm","220","Banjul","gm","gmb","af","gmd","游섫릖","Gambia"
"gn","224","Conakry","gn","gin","af","gnf","游섫릖","Guinea"
"gp","590","Basse-Terre","gp","glp","na","eur","游섫릖","Guadalupe"
"gq","240","Malabo","gq","gnq","af","xaf","游섫릖","Guinea Ecuatorial"
"gr","30","Athens","gr","grc","eu","eur","游섫릖","Grecia"
"gs","500","Grytviken","gs","sgs","an","gbp","游섫릖","Islas Georgia del Sur y Sandwich del Sur"
"gt","502","Guatemala City","gt","gtm","na","gtq","游섫릖","Guatemala"
"gu","1671","Hagatna","gu","gum","oc","usd","游섫릖","Guam"
"gw","245","Bissau","gw","gnb","af","xof","游섫릖","Guinea-Bis치u"
"gy","592","Georgetown","gy","guy","sa","gyd","游섫릖","Guyana"
"hk","852","Hong Kong","hk","hkg","as","hkd","游쇓릖","RAE de Hong Kong (China)"
"hn","504","Tegucigalpa","hn","hnd","na","hnl","游쇓릖","Honduras"
"hr","385","Zagreb","hr","hrv","eu","hrk","游쇓릖","Croacia"
"ht","509","Port-au-Prince","ht","hti","na","htg","游쇓릖","Hait칤"
"hu","36","Budapest","hu","hun","eu","huf","游쇓릖","Hungr칤a"
"id","62","Jakarta","id","idn","as","idr","游쉻릖","Indonesia"
"ie","353","Dublin","ie","irl","eu","eur","游쉻릖","Irlanda"
"il","972","Jerusalem","il","isr","as","ils","游쉻릖","Israel"
"im","44","Douglas, Isle of Man","im","imn","eu","gbp","游쉻릖","Isla de Man"
"in","91","New Delhi","in","ind","as","inr","游쉻릖","India"
"io","246","Diego Garcia","io","iot","as","usd","游쉻릖","Territorio Brit치nico del Oc칠ano 칈ndico"
"iq","964","Baghdad","iq","irq","as","iqd","游쉻릖","Irak"
"ir","98","Tehran","ir","irn","as","irr","游쉻릖","Ir치n"
"is","354","Reykjavik","is","isl","eu","isk","游쉻릖","Islandia"
"it","39","Rome","it","ita","eu","eur","游쉻릖","Italia"
"je","44","Saint Helier","je","jey","eu","gbp","游游","Jersey"
"jm","1876","Kingston","jm","jam","na","jmd","游游","Jamaica"
"jo","962","Amman","jo","jor","as","jod","游游","Jordania"
"jp","81","Tokyo","jp","jpn","as","jpy","游游","Jap칩n"
"ke","254","Nairobi","ke","ken","af","kes","游썷릖","Kenia"
"kg","996","Bishkek","kg","kgz","as","kgs","游썷릖","Kirguist치n"
"kh","855","Phnom Penh","kh","khm","as","khr","游썷릖","Camboya"
"ki","686","Tarawa","ki","kir","oc","aud","游썷릖","Kiribati"
"km","269","Moroni","km","com","af","kmf","游썷릖","Comoras"
"kn","1869","Basseterre","kn","kna","na","xcd","游썷릖","San Crist칩bal y Nieves"
"kp","850","Pyongyang","kp","prk","as","kpw","游썷릖","Corea del Norte"
"kr","82","Seoul","kr","kor","as","krw","游썷릖","Corea del Sur"
"kw","965","Kuwait City","kw","kwt","as","kwd","游썷릖","Kuwait"
"ky","1345","George Town","ky","cym","na","kyd","游썷릖","Islas Caim치n"
"kz","7","Astana","kz","kaz","as","kzt","游썷릖","Kazajist치n"
"la","856","Vientiane","la","lao","as","lak","游쐟릖","Laos"
"lb","961","Beirut","lb","lbn","as","lbp","游쐟릖","L칤bano"
"lc","1758","Castries","lc","lca","na","xcd","游쐟릖","Santa Luc칤a"
"li","423","Vaduz","li","lie","eu","chf","游쐟릖","Liechtenstein"
"lk","94","Colombo","lk","lka","as","lkr","游쐟릖","Sri Lanka"
"lr","231","Monrovia","lr","lbr","af","lrd","游쐟릖","Liberia"
"ls","266","Maseru","ls","lso","af","lsl","游쐟릖","Lesoto"
"lt","370","Vilnius","lt","ltu","eu","ltl","游쐟릖","Lituania"
"lu","352","Luxembourg","lu","lux","eu","eur","游쐟릖","Luxemburgo"
"lv","371","Riga","lv","lva","eu","eur","游쐟릖","Letonia"
"ly","218","Tripolis","ly","lby","af","lyd","游쐟릖","Libia"
"ma","212","Rabat","ma","mar","af","mad","游쓇릖","Marruecos"
"mc","377","Monaco","mc","mco","eu","eur","游쓇릖","M칩naco"
"md","373","Chisinau","md","mda","eu","mdl","游쓇릖","Moldavia"
"me","382","Podgorica","me","mne","eu","eur","游쓇릖","Montenegro"
"mf","590","Marigot","mf","maf","na","eur","游쓇릖","San Mart칤n"
"mg","261","Antananarivo","mg","mdg","af","mga","游쓇릖","Madagascar"
"mh","692","Majuro","mh","mhl","oc","usd","游쓇릖","Islas Marshall"
"mk","389","Skopje","mk","mkd","eu","mkd","游쓇릖","Macedonia del Norte"
"ml","223","Bamako","ml","mli","af","xof","游쓇릖","Mali"
"mm","95","Nay Pyi Taw","mm","mmr","as","mmk","游쓇릖","Myanmar (Birmania)"
"mn","976","Ulan Bator","mn","mng","as","mnt","游쓇릖","Mongolia"
"mo","853","Macao","mo","mac","as","mop","游쓇릖","RAE de Macao (China)"
"mp","1670","Saipan","mp","mnp","oc","usd","游쓇릖","Islas Marianas del Norte"
"mq","596","Fort-de-France","mq","mtq","na","eur","游쓇릖","Martinica"
"mr","222","Nouakchott","mr","mrt","af","mro","游쓇릖","Mauritania"
"ms","1664","Plymouth","ms","msr","na","xcd","游쓇릖","Montserrat"
"mt","356","Valletta","mt","mlt","eu","eur","游쓇릖","Malta"
"mu","230","Port Louis","mu","mus","af","mur","游쓇릖","Mauricio"
"mv","960","Male","mv","mdv","as","mvr","游쓇릖","Maldivas"
"mw","265","Lilongwe","mw","mwi","af","mwk","游쓇릖","Malaui"
"mx","52","Mexico City","mx","mex","na","mxn","游쓇릖","M칠xico"
"my","60","Kuala Lumpur","my","mys","as","myr","游쓇릖","Malasia"
"mz","258","Maputo","mz","moz","af","mzn","游쓇릖","Mozambique"
"na","264","Windhoek","na","nam","af","nad","游游","Namibia"
"nc","687","Noumea","nc","ncl","oc","xpf","游游","Nueva Caledonia"
"ne","227","Niamey","ne","ner","af","xof","游游","N칤ger"
"nf","672","Kingston","nf","nfk","oc","aud","游游","Isla Norfolk"
"ng","234","Abuja","ng","nga","af","ngn","游游","Nigeria"
"ni","505","Managua","ni","nic","na","nio","游游","Nicaragua"
"nl","31","Amsterdam","nl","nld","eu","eur","游游","Pa칤ses Bajos"
"no","47","Oslo","no","nor","eu","nok","游游","Noruega"
"np","977","Kathmandu","np","npl","as","npr","游游","Nepal"
"nr","674","Yaren","nr","nru","oc","aud","游游","Nauru"
"nu","683","Alofi","nu","niu","oc","nzd","游游","Niue"
"nz","64","Wellington","nz","nzl","oc","nzd","游游","Nueva Zelanda"
"om","968","Muscat","om","omn","as","omr","游엃릖","Om치n"
"pa","507","Panama City","pa","pan","na","pab","游왫릖","Panam치"
"pe","51","Lima","pe","per","sa","pen","游왫릖","Per칰"
"pf","689","Papeete","pf","pyf","oc","xpf","游왫릖","Polinesia Francesa"
"pg","675","Port Moresby","pg","png","oc","pgk","游왫릖","Pap칰a Nueva Guinea"
"ph","63","Manila","ph","phl","as","php","游왫릖","Filipinas"
"pk","92","Islamabad","pk","pak","as","pkr","游왫릖","Pakist치n"
"pl","48","Warsaw","pl","pol","eu","pln","游왫릖","Polonia"
"pm","508","Saint-Pierre","pm","spm","na","eur","游왫릖","San Pedro y Miquel칩n"
"pn","870","Adamstown","pn","pcn","oc","nzd","游왫릖","Islas Pitcairn"
"pr","1787","San Juan","pr","pri","na","usd","游왫릖","Puerto Rico"
"ps","970","East Jerusalem","ps","pse","as","ils","游왫릖","Territorios Palestinos"
"pt","351","Lisbon","pt","prt","eu","eur","游왫릖","Portugal"
"pw","680","Melekeok","pw","plw","oc","usd","游왫릖","Palaos"
"py","595","Asuncion","py","pry","sa","pyg","游왫릖","Paraguay"
"qa","974","Doha","qa","qat","as","qar","游윓릖","Catar"
"re","262","Saint-Denis","re","reu","af","eur","游游","Reuni칩n"
"ro","40","Bucharest","ro","rou","eu","ron","游游","Ruman칤a"
"rs","381","Belgrade","rs","srb","eu","rsd","游游","Serbia"
"ru","7","Moscow","ru","rus","eu","rub","游游","Rusia"
"rw","250","Kigali","rw","rwa","af","rwf","游游","Ruanda"
"sa","966","Riyadh","sa","sau","as","sar","游젏릖","Arabia Saud칤"
"sb","677","Honiara","sb","slb","oc","sbd","游젏릖","Islas Salom칩n"
"sc","248","Victoria","sc","syc","af","scr","游젏릖","Seychelles"
"sd","249","Khartoum","sd","sdn","af","sdg","游젏릖","Sud치n"
"se","46","Stockholm","se","swe","eu","sek","游젏릖","Suecia"
"sg","65","Singapur","sg","sgp","as","sgd","游젏릖","Singapur"
"sh","290","Jamestown","sh","shn","af","shp","游젏릖","Santa Elena"
"si","386","Ljubljana","si","svn","eu","eur","游젏릖","Eslovenia"
"sj","47","Longyearbyen","sj","sjm","eu","nok","游젏릖","Svalbard y Jan Mayen"
"sk","421","Bratislava","sk","svk","eu","eur","游젏릖","Eslovaquia"
"sl","232","Freetown","sl","sle","af","sll","游젏릖","Sierra Leona"
"sm","378","San Marino","sm","smr","eu","eur","游젏릖","San Marino"
"sn","221","Dakar","sn","sen","af","xof","游젏릖","Senegal"
"so","252","Mogadishu","so","som","af","sos","游젏릖","Somalia"
"sr","597","Paramaribo","sr","sur","sa","srd","游젏릖","Surinam"
"ss","211","Juba","ss","ssd","af","ssp","游젏릖","Sud치n del Sur"
"st","239","Sao Tome","st","stp","af","std","游젏릖","Santo Tom칠 y Pr칤ncipe"
"sv","503","San Salvador","sv","slv","na","usd","游젏릖","El Salvador"
"sx","599","Philipsburg","sx","sxm","na","ang","游젏릖","Sint Maarten"
"sy","963","Damascus","sy","syr","as","syp","游젏릖","Siria"
"sz","268","Mbabane","sz","swz","af","szl","游젏릖","Esuatini"
"tc","1649","Cockburn Town","tc","tca","na","usd","游좷릖","Islas Turcas y Caicos"
"td","235","N'Djamena","td","tcd","af","xaf","游좷릖","Chad"
"tf","","Port-aux-Francais","tf","atf","an","eur","游좷릖","Territorios Australes Franceses"
"tg","228","Lome","tg","tgo","af","xof","游좷릖","Togo"
"th","66","Bangkok","th","tha","as","thb","游좷릖","Tailandia"
"tj","992","Dushanbe","tj","tjk","as","tjs","游좷릖","Tayikist치n"
"tk","690","","tk","tkl","oc","nzd","游좷릖","Tokelau"
"tl","670","Dili","tl","tls","oc","usd","游좷릖","Timor-Leste"
"tm","993","Ashgabat","tm","tkm","as","tmt","游좷릖","Turkmenist치n"
"tn","216","Tunis","tn","tun","af","tnd","游좷릖","T칰nez"
"to","676","Nuku'alofa","to","ton","oc","top","游좷릖","Tonga"
"tr","90","Ankara","tr","tur","as","try","游좷릖","Turqu칤a"
"tt","1868","Port of Spain","tt","tto","na","ttd","游좷릖","Trinidad y Tobago"
"tv","688","Funafuti","tv","tuv","oc","aud","游좷릖","Tuvalu"
"tw","886","Taipei","tw","twn","as","twd","游좷릖","Taiw치n"
"tz","255","Dodoma","tz","tza","af","tzs","游좷릖","Tanzania"
"ua","380","Kiev","ua","ukr","eu","uah","游쥟릖","Ucrania"
"ug","256","Kampala","ug","uga","af","ugx","游쥟릖","Uganda"
"um","246","","um","umi","oc","usd","游쥟릖","Islas menores alejadas de EE. UU."
"us","1","Washington","us","usa","na","usd","游쥟릖","Estados Unidos"
"uy","598","Montevideo","uy","ury","sa","uyu","游쥟릖","Uruguay"
"uz","998","Tashkent","uz","uzb","as","uzs","游쥟릖","Uzbekist치n"
"va","379","Vatican City","va","vat","eu","eur","游游","Ciudad del Vaticano"
"vc","1784","Kingstown","vc","vct","na","xcd","游游","San Vicente y las Granadinas"
"ve","58","Caracas","ve","ven","sa","vef","游游","Venezuela"
"vg","1284","Road Town","vg","vgb","na","usd","游游","Islas V칤rgenes Brit치nicas"
"vi","1340","Charlotte Amalie","vi","vir","na","usd","游游","Islas V칤rgenes de EE. UU."
"vn","84","Hanoi","vn","vnm","as","vnd","游游","Vietnam"
"vu","678","Port Vila","vu","vut","oc","vuv","游游","Vanuatu"
"wf","681","Mata Utu","wf","wlf","oc","xpf","游쩛릖","Wallis y Futuna"
"ws","685","Apia","ws","wsm","oc","wst","游쩛릖","Samoa"
"xk","383","Pristina","xk","xkx","eu","eur","游쬃릖","Kosovo"
"ye","967","Sanaa","ye","yem","as","yer","游쮫릖","Yemen"
"yt","262","Mamoudzou","yt","myt","af","eur","游쮫릖","Mayotte"
"za","27","Pretoria","za","zaf","af","zar","游游","Sud치frica"
"zm","260","Lusaka","zm","zmb","af","zmk","游游","Zambia"
"zw","263","Harare","zw","zwe","af","zwl","游游","Zimbabue"
