"id","calling_code","capital_city","code_2","code_3","continent_id","currency_id","flag","name"
"ad","376","Andorra la Vella","ad","and","eu","eur","游뷣릖","And칩r"
"ae","971","Abu Dhabi","ae","are","as","aed","游뷣릖","Bemir치 y치 Ar치b톛 un칤"
"af","93","Kabul","af","afg","as","afn","游뷣릖","Af톛ganis톛t치n"
"ag","1268","St. John's","ag","atg","na","xcd","游뷣릖","Ant칤gwa ai Bar톛b칰da"
"ai","1264","The Valley","ai","aia","na","xcd","游뷣릖","Ang칤y톛"
"al","355","Tirana","al","alb","eu","all","游뷣릖","Al톛b치nia"
"am","374","Yerevan","am","arm","as","amd","游뷣릖","Ar톛m칠nia"
"ao","244","Luanda","ao","ago","af","aoa","游뷣릖","Angol치"
"aq","672","","aq","ata","an","","游뷣릖","AQ"
"ar","54","Buenos Aires","ar","arg","sa","ars","游뷣릖","Ar톛hen톛t칤na"
"as","1684","Pago Pago","as","asm","oc","usd","游뷣릖","B톛sam칩a y치 Am톛패r톛ka"
"at","43","Vienna","at","aut","eu","eur","游뷣릖","Os톛t톛l칤a"
"au","61","Canberra","au","aus","oc","aud","游뷣릖","Os톛t톛lal칤"
"aw","297","Oranjestad","aw","abw","na","awg","游뷣릖","Ar칰ba"
"ax","358","Mariehamn","ax","ala","eu","eur","游뷣릖","AX"
"az","994","Baku","az","aze","as","azn","游뷣릖","Az톝r톛baidz치콂"
"ba","387","Sarajevo","ba","bih","eu","bam","游游","Bos톛n칤 ai 톝r톛zegov칤n"
"bb","1246","Bridgetown","bb","brb","na","bbd","游游","Bar톛b치d"
"bd","880","Dhaka","bd","bgd","as","bdt","游游","Bangalad톝패s"
"be","32","Brussels","be","bel","eu","eur","游游","B톝l톛h칤g"
"bf","226","Ouagadougou","bf","bfa","af","xof","游游","Bul톛kin치 Fas칩"
"bg","359","Sofia","bg","bgr","eu","bgn","游游","Bul톛gar칤"
"bh","973","Manama","bh","bhr","as","bhd","游游","Bah톛r톝패n"
"bi","257","Bujumbura","bi","bdi","af","bif","游游","Burund칤"
"bj","229","Porto-Novo","bj","ben","af","xof","游游","B톛n칤콂"
"bl","590","Gustavia","bl","blm","na","eur","游游","BL"
"bm","1441","Hamilton","bm","bmu","na","bmd","游游","B톝r톛m칰d"
"bn","673","Bandar Seri Begawan","bn","brn","as","bnd","游游","Bulun칠"
"bo","591","Sucre","bo","bol","sa","bob","游游","Bol칤via"
"bq","599","","bq","bes","na","usd","游游","BQ"
"br","55","Brasilia","br","bra","sa","brl","游游","B톛laz칤l"
"bs","1242","Nassau","bs","bhs","na","bsd","游游","Bah치mas"
"bt","975","Thimphu","bt","btn","as","btn","游游","But치콂"
"bv","55","","bv","bvt","an","nok","游游","BV"
"bw","267","Gaborone","bw","bwa","af","bwp","游游","Botswan치"
"by","375","Minsk","by","blr","eu","byr","游游","B톛lar칰s"
"bz","501","Belmopan","bz","blz","na","bzd","游游","B톛l칤s"
"ca","1","Ottawa","ca","can","na","cad","游뻟릖","kanad치"
"cc","61","West Island","cc","cck","as","aud","游뻟릖","CC"
"cd","243","Kinshasa","cd","cod","af","cdf","游뻟릖","킻nam Kong칩 Demok톛lat칤g"
"cf","236","Bangui","cf","caf","af","xaf","游뻟릖","킻nam Z킕콂 Afirik치"
"cg","242","Brazzaville","cg","cog","af","xaf","游뻟릖","Kong칩"
"ch","41","Berne","ch","che","eu","chf","游뻟릖","Su칤s"
"ci","225","Yamoussoukro","ci","civ","af","xof","游뻟릖","K칩d Div톖패r"
"ck","682","Avarua","ck","cok","oc","nzd","游뻟릖","Minl치n M칤 k칰g"
"cl","56","Santiago","cl","chl","sa","clp","游뻟릖","Tsil칤"
"cm","237","Yaounde","cm","cmr","af","xaf","游뻟릖","Kam톛r칰n"
"cn","86","Beijing","cn","chn","as","cny","游뻟릖","Ts치ina"
"co","57","Bogota","co","col","sa","cop","游뻟릖","Kol톖mb칤"
"cr","506","San Jose","cr","cri","na","crc","游뻟릖","Kosta R칤ka"
"cu","53","Havana","cu","cub","na","cup","游뻟릖","Kub치"
"cv","238","Praia","cv","cpv","af","cve","游뻟릖","Minl치n M칤 K치b V톝r"
"cw","599"," Willemstad","cw","cuw","na","ang","游뻟릖","CW"
"cx","61","Flying Fish Cove","cx","cxr","as","aud","游뻟릖","CX"
"cy","357","Nicosia","cy","cyp","eu","eur","游뻟릖","Sip톛l칰s"
"cz","420","Prague","cz","cze","eu","czk","游뻟릖","킺nam Ts톝패g"
"de","49","Berlin","de","deu","eu","eur","游뾇릖","Ndz치man"
"dj","253","Djibouti","dj","dji","af","djf","游뾇릖","Dzibut칤"
"dk","45","Copenhagen","dk","dnk","eu","dkk","游뾇릖","Dan톛m치r톛g"
"dm","1767","Roseau","dm","dma","na","xcd","游뾇릖","D칩m톛nika"
"do","1809","Santo Domingo","do","dom","na","dop","游뾇릖","R칠publique dominicaine"
"dz","213","Algiers","dz","dza","af","dzd","游뾇릖","Al톛y칠ria"
"ec","593","Quito","ec","ecu","sa","usd","游쀯릖","Ekwat칩r"
"ee","372","Tallinn","ee","est","eu","eur","游쀯릖","Eseton칤"
"eg","20","Cairo","eg","egy","af","egp","游쀯릖","Eh칤b톛t톝n"
"eh","212","El-Aaiun","eh","esh","af","mad","游쀯릖","EH"
"er","291","Asmara","er","eri","af","ern","游쀯릖","Elit톛l칠"
"es","34","Madrid","es","esp","eu","eur","游쀯릖","Kp톛ny치"
"et","251","Addis Ababa","et","eth","af","etb","游쀯릖","Etiop칤"
"fi","358","Helsinki","fi","fin","eu","eur","游游","Fin톛l치n"
"fj","679","Suva","fj","fji","oc","fjd","游游","Fidz칤"
"fk","500","Stanley","fk","flk","sa","fkp","游游","Minl치n Mi F칩l톛k톛lan"
"fm","691","Palikir","fm","fsm","oc","usd","游游","Mikoron칠sia"
"fo","298","Torshavn","fo","fro","eu","dkk","游游","FO"
"fr","33","Paris","fr","fra","eu","eur","游游","Ful톝ns칤"
"ga","241","Libreville","ga","gab","af","xaf","游섫릖","Gab칩콂"
"gb","44","London","gb","gbr","eu","gbp","游섫릖","킺nam Eng톛lis"
"gd","1473","St. George's","gd","grd","na","xcd","游섫릖","G톛l톛n치d톛"
"ge","995","Tbilisi","ge","geo","as","gel","游섫릖","Hor톛패yia"
"gf","594","Cayenne","gf","guf","sa","eur","游섫릖","Guy치n y치 Ful톝ns칤"
"gg","44","St Peter Port","gg","ggy","eu","gbp","游섫릖","GG"
"gh","233","Accra","gh","gha","af","ghs","游섫릖","Gan치"
"gi","350","Gibraltar","gi","gib","eu","gip","游섫릖","Yil톛balat치r"
"gl","299","Nuuk","gl","grl","na","dkk","游섫릖","Goel치n"
"gm","220","Banjul","gm","gmb","af","gmd","游섫릖","Gamb칤"
"gn","224","Conakry","gn","gin","af","gnf","游섫릖","Gin칠"
"gp","590","Basse-Terre","gp","glp","na","eur","游섫릖","Guad톛l칰b"
"gq","240","Malabo","gq","gnq","af","xaf","游섫릖","Gin칠 Ekwat칩"
"gr","30","Athens","gr","grc","eu","eur","游섫릖","G톛l톝패s"
"gs","500","Grytviken","gs","sgs","an","gbp","游섫릖","GS"
"gt","502","Guatemala City","gt","gtm","na","gtq","游섫릖","Guatemal치"
"gu","1671","Hagatna","gu","gum","oc","usd","游섫릖","Gu치m"
"gw","245","Bissau","gw","gnb","af","xof","游섫릖","Gin칠 Bisa칩"
"gy","592","Georgetown","gy","guy","sa","gyd","游섫릖","Guy치n"
"hk","852","Hong Kong","hk","hkg","as","hkd","游쇓릖","HK"
"hn","504","Tegucigalpa","hn","hnd","na","hnl","游쇓릖","Ondur치s"
"hr","385","Zagreb","hr","hrv","eu","hrk","游쇓릖","K톛low치sia"
"ht","509","Port-au-Prince","ht","hti","na","htg","游쇓릖","Ait칤"
"hu","36","Budapest","hu","hun","eu","huf","游쇓릖","Ongir칤"
"id","62","Jakarta","id","idn","as","idr","游쉻릖","톝ndon칠sia"
"ie","353","Dublin","ie","irl","eu","eur","游쉻릖","Ir톛l치nd톛"
"il","972","Jerusalem","il","isr","as","ils","游쉻릖","Is톛ra톝패l"
"im","44","Douglas, Isle of Man","im","imn","eu","gbp","游쉻릖","IM"
"in","91","New Delhi","in","ind","as","inr","游쉻릖","톝패nd톛"
"io","246","Diego Garcia","io","iot","as","usd","游쉻릖","킻nam 톝ng톛l칤s y치 M치콂 m톛패 톝패nd톛"
"iq","964","Baghdad","iq","irq","as","iqd","游쉻릖","Ir치g"
"ir","98","Tehran","ir","irn","as","irr","游쉻릖","Ir치n"
"is","354","Reykjavik","is","isl","eu","isk","游쉻릖","Is톛l치nd톛"
"it","39","Rome","it","ita","eu","eur","游쉻릖","It치li톝n"
"je","44","Saint Helier","je","jey","eu","gbp","游游","JE"
"jm","1876","Kingston","jm","jam","na","jmd","游游","Hama칤ka"
"jo","962","Amman","jo","jor","as","jod","游游","Hor톛dan칤"
"jp","81","Tokyo","jp","jpn","as","jpy","游游","Hap톖패n"
"ke","254","Nairobi","ke","ken","af","kes","游썷릖","Keni치"
"kg","996","Bishkek","kg","kgz","as","kgs","游썷릖","Kirigis톛t치n"
"kh","855","Phnom Penh","kh","khm","as","khr","游썷릖","kambod칤a"
"ki","686","Tarawa","ki","kir","oc","aud","游썷릖","Kiribat칤"
"km","269","Moroni","km","com","af","kmf","游썷릖","Kom톖패r"
"kn","1869","Basseterre","kn","kna","na","xcd","游썷릖","킺f칰f칰b-Kilis톛t칩v-ai-Nevis"
"kp","850","Pyongyang","kp","prk","as","kpw","游썷릖","Kor칠 y치 N칩r"
"kr","82","Seoul","kr","kor","as","krw","游썷릖","Kor칠 y치 S칰d"
"kw","965","Kuwait City","kw","kwt","as","kwd","游썷릖","Kow톝패d"
"ky","1345","George Town","ky","cym","na","kyd","游썷릖","Minl치n M칤 Kalim치콂"
"kz","7","Astana","kz","kaz","as","kzt","游썷릖","Kazak톛t치콂"
"la","856","Vientiane","la","lao","as","lak","游쐟릖","La칩s"
"lb","961","Beirut","lb","lbn","as","lbp","游쐟릖","Lib치콂"
"lc","1758","Castries","lc","lca","na","xcd","游쐟릖","킺f칰f칰b-L칰sia"
"li","423","Vaduz","li","lie","eu","chf","游쐟릖","L칤s톛패s톛패t치in"
"lk","94","Colombo","lk","lka","as","lkr","游쐟릖","S톛ri La콂k치"
"lr","231","Monrovia","lr","lbr","af","lrd","游쐟릖","Lib칠ria"
"ls","266","Maseru","ls","lso","af","lsl","游쐟릖","L톛sot칩"
"lt","370","Vilnius","lt","ltu","eu","ltl","游쐟릖","Lituan칤"
"lu","352","Luxembourg","lu","lux","eu","eur","游쐟릖","Luk톛zamb칰d"
"lv","371","Riga","lv","lva","eu","eur","游쐟릖","L톛ton칤"
"ly","218","Tripolis","ly","lby","af","lyd","游쐟릖","Lib칤"
"ma","212","Rabat","ma","mar","af","mad","游쓇릖","Mar톖패g"
"mc","377","Monaco","mc","mco","eu","eur","游쓇릖","M톖nak칩"
"md","373","Chisinau","md","mda","eu","mdl","游쓇릖","Mol톛dav칤"
"me","382","Podgorica","me","mne","eu","eur","游쓇릖","ME"
"mf","590","Marigot","mf","maf","na","eur","游쓇릖","MF"
"mg","261","Antananarivo","mg","mdg","af","mga","游쓇릖","Madagas톛k치r톛"
"mh","692","Majuro","mh","mhl","oc","usd","游쓇릖","Minl치n M칤 Mares치l"
"mk","389","Skopje","mk","mkd","eu","mkd","游쓇릖","MK"
"ml","223","Bamako","ml","mli","af","xof","游쓇릖","Mal칤"
"mm","95","Nay Pyi Taw","mm","mmr","as","mmk","游쓇릖","Mian톛m치r"
"mn","976","Ulan Bator","mn","mng","as","mnt","游쓇릖","M톖ng톖패lia"
"mo","853","Macao","mo","mac","as","mop","游쓇릖","MO"
"mp","1670","Saipan","mp","mnp","oc","usd","游쓇릖","Minl치n Mi Mari치n y치 N칩r"
"mq","596","Fort-de-France","mq","mtq","na","eur","游쓇릖","Mar톛tin칤g"
"mr","222","Nouakchott","mr","mrt","af","mro","游쓇릖","Moritan칤"
"ms","1664","Plymouth","ms","msr","na","xcd","游쓇릖","M톖패ntser치d"
"mt","356","Valletta","mt","mlt","eu","eur","游쓇릖","M치l톛t톛"
"mu","230","Port Louis","mu","mus","af","mur","游쓇릖","Mor칤s"
"mv","960","Male","mv","mdv","as","mvr","游쓇릖","Mal톛d칤v톛"
"mw","265","Lilongwe","mw","mwi","af","mwk","游쓇릖","Malaw칤"
"mx","52","Mexico City","mx","mex","na","mxn","游쓇릖","M톝k톛s칤g"
"my","60","Kuala Lumpur","my","mys","as","myr","游쓇릖","Mal톝패zia"
"mz","258","Maputo","mz","moz","af","mzn","游쓇릖","Mozamb칤g"
"na","264","Windhoek","na","nam","af","nad","游游","Namib칤"
"nc","687","Noumea","nc","ncl","oc","xpf","游游","킺kp치m톝n Kaled칩nia"
"ne","227","Niamey","ne","ner","af","xof","游游","Nih톝패r"
"nf","672","Kingston","nf","nfk","oc","aud","游游","Minl치n N톖r톛f톖패l톛k톛"
"ng","234","Abuja","ng","nga","af","ngn","游游","Nih칠ria"
"ni","505","Managua","ni","nic","na","nio","游游","Nikar치gua"
"nl","31","Amsterdam","nl","nld","eu","eur","游游","P톝칤b치"
"no","47","Oslo","no","nor","eu","nok","游游","N톖r톛v톝패s"
"np","977","Kathmandu","np","npl","as","npr","游游","Nep치l"
"nr","674","Yaren","nr","nru","oc","aud","游游","Naur칰"
"nu","683","Alofi","nu","niu","oc","nzd","游游","Niu칠"
"nz","64","Wellington","nz","nzl","oc","nzd","游游","킺kp치m톝n Zel치콂"
"om","968","Muscat","om","omn","as","omr","游엃릖","Om치n"
"pa","507","Panama City","pa","pan","na","pab","游왫릖","Panam치"
"pe","51","Lima","pe","per","sa","pen","游왫릖","Per칰"
"pf","689","Papeete","pf","pyf","oc","xpf","游왫릖","Polines칤 y치 Ful톝ns칤"
"pg","675","Port Moresby","pg","png","oc","pgk","游왫릖","Papwazi y치 킺kp치m톝패n Gin칠"
"ph","63","Manila","ph","phl","as","php","游왫릖","Filip칤n"
"pk","92","Islamabad","pk","pak","as","pkr","游왫릖","Pakis톛t치n"
"pl","48","Warsaw","pl","pol","eu","pln","游왫릖","f칩lis"
"pm","508","Saint-Pierre","pm","spm","na","eur","游왫릖","킺f칰f칰b-P칤톝r-ai-Mik톛l톖패콂"
"pn","870","Adamstown","pn","pcn","oc","nzd","游왫릖","P칤t톛패k톝패r톝n톛"
"pr","1787","San Juan","pr","pri","na","usd","游왫릖","Pw톝r톛to R칤ko"
"ps","970","East Jerusalem","ps","pse","as","ils","游왫릖","킺nam Pal톝s톛t칤n"
"pt","351","Lisbon","pt","prt","eu","eur","游왫릖","f톖r톛tug톝패s"
"pw","680","Melekeok","pw","plw","oc","usd","游왫릖","Palau"
"py","595","Asuncion","py","pry","sa","pyg","游왫릖","Paragu칠"
"qa","974","Doha","qa","qat","as","qar","游윓릖","Kat치r"
"re","262","Saint-Denis","re","reu","af","eur","游游","Reuni톖패콂"
"ro","40","Bucharest","ro","rou","eu","ron","游游","Ruman칤"
"rs","381","Belgrade","rs","srb","eu","rsd","游游","RS"
"ru","7","Moscow","ru","rus","eu","rub","游游","R칰sian"
"rw","250","Kigali","rw","rwa","af","rwf","游游","Ruwand치"
"sa","966","Riyadh","sa","sau","as","sar","游젏릖","Arab칤 Saud칤"
"sb","677","Honiara","sb","slb","oc","sbd","游젏릖","Minl치n M칤 Solom톖패n"
"sc","248","Victoria","sc","syc","af","scr","游젏릖","S톝s톝패l"
"sd","249","Khartoum","sd","sdn","af","sdg","游젏릖","Sud치콂"
"se","46","Stockholm","se","swe","eu","sek","游젏릖","Suw톝패d"
"sg","65","Singapur","sg","sgp","as","sgd","游젏릖","Singap칰r"
"sh","290","Jamestown","sh","shn","af","shp","游젏릖","킺f칰f칰b-쿯l톝패na"
"si","386","Ljubljana","si","svn","eu","eur","游젏릖","S톛lov칠nia"
"sj","47","Longyearbyen","sj","sjm","eu","nok","游젏릖","SJ"
"sk","421","Bratislava","sk","svk","eu","eur","游젏릖","S톛lovak칤"
"sl","232","Freetown","sl","sle","af","sll","游젏릖","Sier치-le칩n톛"
"sm","378","San Marino","sm","smr","eu","eur","游젏릖","킺f칰f칰b Mar칤no"
"sn","221","Dakar","sn","sen","af","xof","游젏릖","Seneg치l"
"so","252","Mogadishu","so","som","af","sos","游젏릖","Som치lia"
"sr","597","Paramaribo","sr","sur","sa","srd","游젏릖","Surin치m"
"ss","211","Juba","ss","ssd","af","ssp","游젏릖","SS"
"st","239","Sao Tome","st","stp","af","std","游젏릖","Sa칩 Tom칠 ai P톛lin톛s칤pe"
"sv","503","San Salvador","sv","slv","na","usd","游젏릖","Sal톛vad칩r"
"sx","599","Philipsburg","sx","sxm","na","ang","游젏릖","SX"
"sy","963","Damascus","sy","syr","as","syp","游젏릖","Sir칤"
"sz","268","Mbabane","sz","swz","af","szl","游젏릖","Swazil치nd톛"
"tc","1649","Cockburn Town","tc","tca","na","usd","游좷릖","Minl치n M칤 t칰r톛패g-ai-Ka칤g"
"td","235","N'Djamena","td","tcd","af","xaf","游좷릖","Ts치d"
"tf","","Port-aux-Francais","tf","atf","an","eur","游좷릖","TF"
"tg","228","Lome","tg","tgo","af","xof","游좷릖","Tog칩"
"th","66","Bangkok","th","tha","as","thb","游좷릖","Tail치n"
"tj","992","Dushanbe","tj","tjk","as","tjs","游좷릖","Tadzikis톛t치콂"
"tk","690","","tk","tkl","oc","nzd","游좷릖","Tokel칩"
"tl","670","Dili","tl","tls","oc","usd","游좷릖","Tim칪r"
"tm","993","Ashgabat","tm","tkm","as","tmt","游좷릖","Tur톛k톛m톛nis톛t치콂"
"tn","216","Tunis","tn","tun","af","tnd","游좷릖","Tunis칤"
"to","676","Nuku'alofa","to","ton","oc","top","游좷릖","T톖ng치"
"tr","90","Ankara","tr","tur","as","try","游좷릖","Tur톛k칤"
"tt","1868","Port of Spain","tt","tto","na","ttd","游좷릖","T톛linit칠-ai-Tob치go"
"tv","688","Funafuti","tv","tuv","oc","aud","游좷릖","Tuval칰"
"tw","886","Taipei","tw","twn","as","twd","游좷릖","Taiw치n"
"tz","255","Dodoma","tz","tza","af","tzs","游좷릖","Ta콂톛zan칤"
"ua","380","Kiev","ua","ukr","eu","uah","游쥟릖","Uk톛r톝패n"
"ug","256","Kampala","ug","uga","af","ugx","游쥟릖","Ugand치"
"um","246","","um","umi","oc","usd","游쥟릖","UM"
"us","1","Washington","us","usa","na","usd","游쥟릖","킺nam Am톝r톛k톛"
"uy","598","Montevideo","uy","ury","sa","uyu","游쥟릖","Urugu칠"
"uz","998","Tashkent","uz","uzb","as","uzs","游쥟릖","Uzubekis톛t치n"
"va","379","Vatican City","va","vat","eu","eur","游游","킺nam Vatik치n"
"vc","1784","Kingstown","vc","vct","na","xcd","游游","킺f칰f칰b-V톝ng톛s치콂-ai-B톛 G톛l톛nad칤n"
"ve","58","Caracas","ve","ven","sa","vef","游游","Venezu칠la"
"vg","1284","Road Town","vg","vgb","na","usd","游游","켻nam Minl치n 톝패ng톛l칤s"
"vi","1340","Charlotte Amalie","vi","vir","na","usd","游游","Minl치n Mi Am톝r톛k톛"
"vn","84","Hanoi","vn","vnm","as","vnd","游游","Vi톝d톛n치m"
"vu","678","Port Vila","vu","vut","oc","vuv","游游","Vanu치tu"
"wf","681","Mata Utu","wf","wlf","oc","xpf","游쩛릖","Wal칤s-ai-Fut칰na"
"ws","685","Apia","ws","wsm","oc","wst","游쩛릖","Samo치"
"xk","383","Pristina","xk","xkx","eu","eur","游쬃릖","XK"
"ye","967","Sanaa","ye","yem","as","yer","游쮫릖","Yem톝패n"
"yt","262","Mamoudzou","yt","myt","af","eur","游쮫릖","May톖패d"
"za","27","Pretoria","za","zaf","af","zar","游游","Afir칤ka y치 S칰d"
"zm","260","Lusaka","zm","zmb","af","zmk","游游","Zamb칤"
"zw","263","Harare","zw","zwe","af","zwl","游游","Zimbabw칠"
