"id","calling_code","capital_city","code_2","code_3","continent_id","currency_id","flag","name"
"ad","376","Andorra la Vella","ad","and","eu","eur","游뷣릖","Andorra"
"ae","971","Abu Dhabi","ae","are","as","aed","游뷣릖","Sameindu Emirr칤kini"
"af","93","Kabul","af","afg","as","afn","游뷣릖","Afganistan"
"ag","1268","St. John's","ag","atg","na","xcd","游뷣릖","Antigua & Barbuda"
"ai","1264","The Valley","ai","aia","na","xcd","游뷣릖","Anguilla"
"al","355","Tirana","al","alb","eu","all","游뷣릖","Albania"
"am","374","Yerevan","am","arm","as","amd","游뷣릖","Armenia"
"ao","244","Luanda","ao","ago","af","aoa","游뷣릖","Angola"
"aq","672","","aq","ata","an","","游뷣릖","Antarktis"
"ar","54","Buenos Aires","ar","arg","sa","ars","游뷣릖","Argentina"
"as","1684","Pago Pago","as","asm","oc","usd","游뷣릖","Amerikanska Samoa"
"at","43","Vienna","at","aut","eu","eur","游뷣릖","Eysturr칤ki"
"au","61","Canberra","au","aus","oc","aud","游뷣릖","Avstralia"
"aw","297","Oranjestad","aw","abw","na","awg","游뷣릖","Aruba"
"ax","358","Mariehamn","ax","ala","eu","eur","游뷣릖","츼land"
"az","994","Baku","az","aze","as","azn","游뷣릖","Aserbadjan"
"ba","387","Sarajevo","ba","bih","eu","bam","游游","Bosnia-Hersegovina"
"bb","1246","Bridgetown","bb","brb","na","bbd","游游","Barbados"
"bd","880","Dhaka","bd","bgd","as","bdt","游游","Bangladesj"
"be","32","Brussels","be","bel","eu","eur","游游","Belgia"
"bf","226","Ouagadougou","bf","bfa","af","xof","游游","Burkina Faso"
"bg","359","Sofia","bg","bgr","eu","bgn","游游","Bulgaria"
"bh","973","Manama","bh","bhr","as","bhd","游游","Barein"
"bi","257","Bujumbura","bi","bdi","af","bif","游游","Burundi"
"bj","229","Porto-Novo","bj","ben","af","xof","游游","Benin"
"bl","590","Gustavia","bl","blm","na","eur","游游","St. Barth칠lemy"
"bm","1441","Hamilton","bm","bmu","na","bmd","游游","Bermuda"
"bn","673","Bandar Seri Begawan","bn","brn","as","bnd","游游","Brunei"
"bo","591","Sucre","bo","bol","sa","bob","游游","Bolivia"
"bq","599","","bq","bes","na","usd","游游","Ni칧urlonds Karibia"
"br","55","Brasilia","br","bra","sa","brl","游游","Brasil"
"bs","1242","Nassau","bs","bhs","na","bsd","游游","Bahamaoyggjar"
"bt","975","Thimphu","bt","btn","as","btn","游游","Butan"
"bv","55","","bv","bvt","an","nok","游游","Bouvetoyggj"
"bw","267","Gaborone","bw","bwa","af","bwp","游游","Botsvana"
"by","375","Minsk","by","blr","eu","byr","游游","Hv칤tarussland"
"bz","501","Belmopan","bz","blz","na","bzd","游游","Belis"
"ca","1","Ottawa","ca","can","na","cad","游뻟릖","Kanada"
"cc","61","West Island","cc","cck","as","aud","游뻟릖","Kokosoyggjar"
"cd","243","Kinshasa","cd","cod","af","cdf","游뻟릖","Kongo, Dem. L칳칧veldi칧"
"cf","236","Bangui","cf","caf","af","xaf","游뻟릖","Mi칧afrikal칳칧veldi칧"
"cg","242","Brazzaville","cg","cog","af","xaf","游뻟릖","Kongo"
"ch","41","Berne","ch","che","eu","chf","游뻟릖","Sveis"
"ci","225","Yamoussoukro","ci","civ","af","xof","游뻟릖","F칤labeinsstrondin"
"ck","682","Avarua","ck","cok","oc","nzd","游뻟릖","Cooksoyggjar"
"cl","56","Santiago","cl","chl","sa","clp","游뻟릖","Kili"
"cm","237","Yaounde","cm","cmr","af","xaf","游뻟릖","Kamerun"
"cn","86","Beijing","cn","chn","as","cny","游뻟릖","Kina"
"co","57","Bogota","co","col","sa","cop","游뻟릖","Kolombia"
"cr","506","San Jose","cr","cri","na","crc","游뻟릖","Kosta Rika"
"cu","53","Havana","cu","cub","na","cup","游뻟릖","Kuba"
"cv","238","Praia","cv","cpv","af","cve","游뻟릖","Gr칮nh칮vdaoyggjar"
"cw","599"," Willemstad","cw","cuw","na","ang","游뻟릖","Cura칞ao"
"cx","61","Flying Fish Cove","cx","cxr","as","aud","游뻟릖","J칩laoyggjin"
"cy","357","Nicosia","cy","cyp","eu","eur","游뻟릖","K칳pros"
"cz","420","Prague","cz","cze","eu","czk","游뻟릖","Kekkia"
"de","49","Berlin","de","deu","eu","eur","游뾇릖","T칳skland"
"dj","253","Djibouti","dj","dji","af","djf","游뾇릖","Djibuti"
"dk","45","Copenhagen","dk","dnk","eu","dkk","游뾇릖","Danmark"
"dm","1767","Roseau","dm","dma","na","xcd","游뾇릖","Dominika"
"do","1809","Santo Domingo","do","dom","na","dop","游뾇릖","Dominikal칳칧veldi칧"
"dz","213","Algiers","dz","dza","af","dzd","游뾇릖","Algeria"
"ec","593","Quito","ec","ecu","sa","usd","游쀯릖","Ekvador"
"ee","372","Tallinn","ee","est","eu","eur","游쀯릖","Estland"
"eg","20","Cairo","eg","egy","af","egp","游쀯릖","Egyptaland"
"eh","212","El-Aaiun","eh","esh","af","mad","游쀯릖","Vestursahara"
"er","291","Asmara","er","eri","af","ern","游쀯릖","Eritrea"
"es","34","Madrid","es","esp","eu","eur","游쀯릖","Spania"
"et","251","Addis Ababa","et","eth","af","etb","游쀯릖","Etiopia"
"fi","358","Helsinki","fi","fin","eu","eur","游游","Finnland"
"fj","679","Suva","fj","fji","oc","fjd","游游","Fiji"
"fk","500","Stanley","fk","flk","sa","fkp","游游","Falklandsoyggjar"
"fm","691","Palikir","fm","fsm","oc","usd","游游","Mikronesiasamveldi칧"
"fo","298","Torshavn","fo","fro","eu","dkk","游游","F칮royar"
"fr","33","Paris","fr","fra","eu","eur","游游","Frakland"
"ga","241","Libreville","ga","gab","af","xaf","游섫릖","Gabon"
"gb","44","London","gb","gbr","eu","gbp","游섫릖","St칩rabretland"
"gd","1473","St. George's","gd","grd","na","xcd","游섫릖","Grenada"
"ge","995","Tbilisi","ge","geo","as","gel","游섫릖","Georgia"
"gf","594","Cayenne","gf","guf","sa","eur","游섫릖","Franska Gujana"
"gg","44","St Peter Port","gg","ggy","eu","gbp","游섫릖","Guernsey"
"gh","233","Accra","gh","gha","af","ghs","游섫릖","Gana"
"gi","350","Gibraltar","gi","gib","eu","gip","游섫릖","Gibraltar"
"gl","299","Nuuk","gl","grl","na","dkk","游섫릖","Gr칮nland"
"gm","220","Banjul","gm","gmb","af","gmd","游섫릖","Gambia"
"gn","224","Conakry","gn","gin","af","gnf","游섫릖","Guinea"
"gp","590","Basse-Terre","gp","glp","na","eur","游섫릖","Guadeloupe"
"gq","240","Malabo","gq","gnq","af","xaf","游섫릖","Ekvatorguinea"
"gr","30","Athens","gr","grc","eu","eur","游섫릖","Grikkaland"
"gs","500","Grytviken","gs","sgs","an","gbp","游섫릖","Su칧urgeorgia og Su칧ursandwichoyggjar"
"gt","502","Guatemala City","gt","gtm","na","gtq","游섫릖","Guatemala"
"gu","1671","Hagatna","gu","gum","oc","usd","游섫릖","Guam"
"gw","245","Bissau","gw","gnb","af","xof","游섫릖","Guinea-Bissau"
"gy","592","Georgetown","gy","guy","sa","gyd","游섫릖","Gujana"
"hk","852","Hong Kong","hk","hkg","as","hkd","游쇓릖","Hong Kong SAR Kina"
"hn","504","Tegucigalpa","hn","hnd","na","hnl","游쇓릖","Honduras"
"hr","385","Zagreb","hr","hrv","eu","hrk","游쇓릖","Kroatia"
"ht","509","Port-au-Prince","ht","hti","na","htg","游쇓릖","Haiti"
"hu","36","Budapest","hu","hun","eu","huf","游쇓릖","Ungarn"
"id","62","Jakarta","id","idn","as","idr","游쉻릖","Indonesia"
"ie","353","Dublin","ie","irl","eu","eur","游쉻릖","칈rland"
"il","972","Jerusalem","il","isr","as","ils","游쉻릖","칈srael"
"im","44","Douglas, Isle of Man","im","imn","eu","gbp","游쉻릖","Isle of Man"
"in","91","New Delhi","in","ind","as","inr","游쉻릖","India"
"io","246","Diego Garcia","io","iot","as","usd","游쉻릖","St칩ra Bretlands Indiahavoyggjar"
"iq","964","Baghdad","iq","irq","as","iqd","游쉻릖","Irak"
"ir","98","Tehran","ir","irn","as","irr","游쉻릖","Iran"
"is","354","Reykjavik","is","isl","eu","isk","游쉻릖","칈sland"
"it","39","Rome","it","ita","eu","eur","游쉻릖","Italia"
"je","44","Saint Helier","je","jey","eu","gbp","游游","Jersey"
"jm","1876","Kingston","jm","jam","na","jmd","游游","Jamaika"
"jo","962","Amman","jo","jor","as","jod","游游","Jordan"
"jp","81","Tokyo","jp","jpn","as","jpy","游游","Japan"
"ke","254","Nairobi","ke","ken","af","kes","游썷릖","Kenja"
"kg","996","Bishkek","kg","kgz","as","kgs","游썷릖","Kirgisia"
"kh","855","Phnom Penh","kh","khm","as","khr","游썷릖","Kambodja"
"ki","686","Tarawa","ki","kir","oc","aud","游썷릖","Kiribati"
"km","269","Moroni","km","com","af","kmf","游썷릖","Komoroyggjar"
"kn","1869","Basseterre","kn","kna","na","xcd","游썷릖","St. Kitts & Nevis"
"kp","850","Pyongyang","kp","prk","as","kpw","游썷릖","Nor칧urkorea"
"kr","82","Seoul","kr","kor","as","krw","游썷릖","Su칧urkorea"
"kw","965","Kuwait City","kw","kwt","as","kwd","游썷릖","Kuvait"
"ky","1345","George Town","ky","cym","na","kyd","游썷릖","Caymanoyggjar"
"kz","7","Astana","kz","kaz","as","kzt","游썷릖","Kasakstan"
"la","856","Vientiane","la","lao","as","lak","游쐟릖","Laos"
"lb","961","Beirut","lb","lbn","as","lbp","游쐟릖","Libanon"
"lc","1758","Castries","lc","lca","na","xcd","游쐟릖","St. Lusia"
"li","423","Vaduz","li","lie","eu","chf","游쐟릖","Liktinstein"
"lk","94","Colombo","lk","lka","as","lkr","游쐟릖","Sri Lanka"
"lr","231","Monrovia","lr","lbr","af","lrd","游쐟릖","Liberia"
"ls","266","Maseru","ls","lso","af","lsl","游쐟릖","Lesoto"
"lt","370","Vilnius","lt","ltu","eu","ltl","游쐟릖","Litava"
"lu","352","Luxembourg","lu","lux","eu","eur","游쐟릖","Luksemborg"
"lv","371","Riga","lv","lva","eu","eur","游쐟릖","Lettland"
"ly","218","Tripolis","ly","lby","af","lyd","游쐟릖","Libya"
"ma","212","Rabat","ma","mar","af","mad","游쓇릖","Marokko"
"mc","377","Monaco","mc","mco","eu","eur","游쓇릖","Monako"
"md","373","Chisinau","md","mda","eu","mdl","游쓇릖","Moldova"
"me","382","Podgorica","me","mne","eu","eur","游쓇릖","Montenegro"
"mf","590","Marigot","mf","maf","na","eur","游쓇릖","St-Martin"
"mg","261","Antananarivo","mg","mdg","af","mga","游쓇릖","Madagaskar"
"mh","692","Majuro","mh","mhl","oc","usd","游쓇릖","Marshalloyggjar"
"mk","389","Skopje","mk","mkd","eu","mkd","游쓇릖","MK"
"ml","223","Bamako","ml","mli","af","xof","游쓇릖","Mali"
"mm","95","Nay Pyi Taw","mm","mmr","as","mmk","游쓇릖","Myanmar (Burma)"
"mn","976","Ulan Bator","mn","mng","as","mnt","游쓇릖","Mongolia"
"mo","853","Macao","mo","mac","as","mop","游쓇릖","Makao SAR Kina"
"mp","1670","Saipan","mp","mnp","oc","usd","游쓇릖","Nor칧aru Mariuoyggjar"
"mq","596","Fort-de-France","mq","mtq","na","eur","游쓇릖","Martinique"
"mr","222","Nouakchott","mr","mrt","af","mro","游쓇릖","M칩ritania"
"ms","1664","Plymouth","ms","msr","na","xcd","游쓇릖","Montserrat"
"mt","356","Valletta","mt","mlt","eu","eur","游쓇릖","Malta"
"mu","230","Port Louis","mu","mus","af","mur","游쓇릖","M칩ritius"
"mv","960","Male","mv","mdv","as","mvr","游쓇릖","Maldivoyggjar"
"mw","265","Lilongwe","mw","mwi","af","mwk","游쓇릖","Malavi"
"mx","52","Mexico City","mx","mex","na","mxn","游쓇릖","Meksiko"
"my","60","Kuala Lumpur","my","mys","as","myr","游쓇릖","Malaisia"
"mz","258","Maputo","mz","moz","af","mzn","游쓇릖","Mosambik"
"na","264","Windhoek","na","nam","af","nad","游游","Namibia"
"nc","687","Noumea","nc","ncl","oc","xpf","游游","N칳kaled칩nia"
"ne","227","Niamey","ne","ner","af","xof","游游","Niger"
"nf","672","Kingston","nf","nfk","oc","aud","游游","Norfolksoyggj"
"ng","234","Abuja","ng","nga","af","ngn","游游","Nigeria"
"ni","505","Managua","ni","nic","na","nio","游游","Nikaragua"
"nl","31","Amsterdam","nl","nld","eu","eur","游游","Ni칧urlond"
"no","47","Oslo","no","nor","eu","nok","游游","Noreg"
"np","977","Kathmandu","np","npl","as","npr","游游","Nepal"
"nr","674","Yaren","nr","nru","oc","aud","游游","Nauru"
"nu","683","Alofi","nu","niu","oc","nzd","游游","Niue"
"nz","64","Wellington","nz","nzl","oc","nzd","游游","N칳s칝land"
"om","968","Muscat","om","omn","as","omr","游엃릖","Oman"
"pa","507","Panama City","pa","pan","na","pab","游왫릖","Panama"
"pe","51","Lima","pe","per","sa","pen","游왫릖","Peru"
"pf","689","Papeete","pf","pyf","oc","xpf","游왫릖","Franska Polynesia"
"pg","675","Port Moresby","pg","png","oc","pgk","游왫릖","Papua N칳guinea"
"ph","63","Manila","ph","phl","as","php","游왫릖","Filipsoyggjar"
"pk","92","Islamabad","pk","pak","as","pkr","游왫릖","Pakistan"
"pl","48","Warsaw","pl","pol","eu","pln","游왫릖","P칩lland"
"pm","508","Saint-Pierre","pm","spm","na","eur","游왫릖","Saint Pierre & Miquelon"
"pn","870","Adamstown","pn","pcn","oc","nzd","游왫릖","Pitcairnoyggjar"
"pr","1787","San Juan","pr","pri","na","usd","游왫릖","Puerto Riko"
"ps","970","East Jerusalem","ps","pse","as","ils","游왫릖","Palestinskt land칮ki"
"pt","351","Lisbon","pt","prt","eu","eur","游왫릖","Portugal"
"pw","680","Melekeok","pw","plw","oc","usd","游왫릖","Palau"
"py","595","Asuncion","py","pry","sa","pyg","游왫릖","Paraguai"
"qa","974","Doha","qa","qat","as","qar","游윓릖","Katar"
"re","262","Saint-Denis","re","reu","af","eur","游游","R칠union"
"ro","40","Bucharest","ro","rou","eu","ron","游游","Rumenia"
"rs","381","Belgrade","rs","srb","eu","rsd","游游","Serbia"
"ru","7","Moscow","ru","rus","eu","rub","游游","Russland"
"rw","250","Kigali","rw","rwa","af","rwf","游游","Ruanda"
"sa","966","Riyadh","sa","sau","as","sar","游젏릖","Saudiarabia"
"sb","677","Honiara","sb","slb","oc","sbd","游젏릖","Salomonoyggjar"
"sc","248","Victoria","sc","syc","af","scr","游젏릖","Seyskelloyggjar"
"sd","249","Khartoum","sd","sdn","af","sdg","游젏릖","Sudan"
"se","46","Stockholm","se","swe","eu","sek","游젏릖","Sv칮r칤ki"
"sg","65","Singapur","sg","sgp","as","sgd","游젏릖","Singapor"
"sh","290","Jamestown","sh","shn","af","shp","游젏릖","St. Helena"
"si","386","Ljubljana","si","svn","eu","eur","游젏릖","Slovenia"
"sj","47","Longyearbyen","sj","sjm","eu","nok","游젏릖","Svalbard & Jan Mayen"
"sk","421","Bratislava","sk","svk","eu","eur","游젏릖","Slovakia"
"sl","232","Freetown","sl","sle","af","sll","游젏릖","Sierra Leona"
"sm","378","San Marino","sm","smr","eu","eur","游젏릖","San Marino"
"sn","221","Dakar","sn","sen","af","xof","游젏릖","Senegal"
"so","252","Mogadishu","so","som","af","sos","游젏릖","Somalia"
"sr","597","Paramaribo","sr","sur","sa","srd","游젏릖","Surinam"
"ss","211","Juba","ss","ssd","af","ssp","游젏릖","Su칧ursudan"
"st","239","Sao Tome","st","stp","af","std","游젏릖","Sao Tome & Prinsipi"
"sv","503","San Salvador","sv","slv","na","usd","游젏릖","El Salvador"
"sx","599","Philipsburg","sx","sxm","na","ang","游젏릖","Sint Maarten"
"sy","963","Damascus","sy","syr","as","syp","游젏릖","S칳ria"
"sz","268","Mbabane","sz","swz","af","szl","游젏릖","Esvatini"
"tc","1649","Cockburn Town","tc","tca","na","usd","游좷릖","Turks- og Caicosoyggjar"
"td","235","N'Djamena","td","tcd","af","xaf","游좷릖","Kjad"
"tf","","Port-aux-Francais","tf","atf","an","eur","游좷릖","Fronsku sunnaru landa칮ki"
"tg","228","Lome","tg","tgo","af","xof","游좷릖","Togo"
"th","66","Bangkok","th","tha","as","thb","游좷릖","Tailand"
"tj","992","Dushanbe","tj","tjk","as","tjs","游좷릖","Tadsjikistan"
"tk","690","","tk","tkl","oc","nzd","游좷릖","Tokelau"
"tl","670","Dili","tl","tls","oc","usd","游좷릖","Eysturtimor"
"tm","993","Ashgabat","tm","tkm","as","tmt","游좷릖","Turkmenistan"
"tn","216","Tunis","tn","tun","af","tnd","游좷릖","Tunesia"
"to","676","Nuku'alofa","to","ton","oc","top","游좷릖","Tonga"
"tr","90","Ankara","tr","tur","as","try","游좷릖","Turkaland"
"tt","1868","Port of Spain","tt","tto","na","ttd","游좷릖","Trinidad & Tobago"
"tv","688","Funafuti","tv","tuv","oc","aud","游좷릖","Tuvalu"
"tw","886","Taipei","tw","twn","as","twd","游좷릖","Taivan"
"tz","255","Dodoma","tz","tza","af","tzs","游좷릖","Tansania"
"ua","380","Kiev","ua","ukr","eu","uah","游쥟릖","Ukraina"
"ug","256","Kampala","ug","uga","af","ugx","游쥟릖","Uganda"
"um","246","","um","umi","oc","usd","游쥟릖","Sambandsr칤ki Amerikas fjarskotnu oyggjar"
"us","1","Washington","us","usa","na","usd","游쥟릖","Sambandsr칤ki Amerika"
"uy","598","Montevideo","uy","ury","sa","uyu","游쥟릖","Uruguai"
"uz","998","Tashkent","uz","uzb","as","uzs","游쥟릖","Usbekistan"
"va","379","Vatican City","va","vat","eu","eur","游游","Vatikanb칳ur"
"vc","1784","Kingstown","vc","vct","na","xcd","游游","St. Vinsent & Grenadinoyggjar"
"ve","58","Caracas","ve","ven","sa","vef","游游","Venesuela"
"vg","1284","Road Town","vg","vgb","na","usd","游游","St칩ra Bretlands Jomfr칰oyggjar"
"vi","1340","Charlotte Amalie","vi","vir","na","usd","游游","Sambandsr칤ki Amerikas Jomfr칰oyggjar"
"vn","84","Hanoi","vn","vnm","as","vnd","游游","Vjetnam"
"vu","678","Port Vila","vu","vut","oc","vuv","游游","Vanuatu"
"wf","681","Mata Utu","wf","wlf","oc","xpf","游쩛릖","Wallis- og Futunaoyggjar"
"ws","685","Apia","ws","wsm","oc","wst","游쩛릖","Samoa"
"xk","383","Pristina","xk","xkx","eu","eur","游쬃릖","Kosovo"
"ye","967","Sanaa","ye","yem","as","yer","游쮫릖","Jemen"
"yt","262","Mamoudzou","yt","myt","af","eur","游쮫릖","Mayotte"
"za","27","Pretoria","za","zaf","af","zar","游游","Su칧urafrika"
"zm","260","Lusaka","zm","zmb","af","zmk","游游","Sambia"
"zw","263","Harare","zw","zwe","af","zwl","游游","Simbabvi"
