"id","calling_code","capital_city","code_2","code_3","continent_id","currency_id","flag","name"
"ad","376","Andorra la Vella","ad","and","eu","eur","游뷣릖","AD"
"ae","971","Abu Dhabi","ae","are","as","aed","游뷣릖","AE"
"af","93","Kabul","af","afg","as","afn","游뷣릖","AF"
"ag","1268","St. John's","ag","atg","na","xcd","游뷣릖","AG"
"ai","1264","The Valley","ai","aia","na","xcd","游뷣릖","AI"
"al","355","Tirana","al","alb","eu","all","游뷣릖","AL"
"am","374","Yerevan","am","arm","as","amd","游뷣릖","AM"
"ao","244","Luanda","ao","ago","af","aoa","游뷣릖","AO"
"aq","672","","aq","ata","an","","游뷣릖","AQ"
"ar","54","Buenos Aires","ar","arg","sa","ars","游뷣릖","AR"
"as","1684","Pago Pago","as","asm","oc","usd","游뷣릖","AS"
"at","43","Vienna","at","aut","eu","eur","游뷣릖","AT"
"au","61","Canberra","au","aus","oc","aud","游뷣릖","N콞h콄lani"
"aw","297","Oranjestad","aw","abw","na","awg","游뷣릖","AW"
"ax","358","Mariehamn","ax","ala","eu","eur","游뷣릖","AX"
"az","994","Baku","az","aze","as","azn","游뷣릖","AZ"
"ba","387","Sarajevo","ba","bih","eu","bam","游游","BA"
"bb","1246","Bridgetown","bb","brb","na","bbd","游游","BB"
"bd","880","Dhaka","bd","bgd","as","bdt","游游","BD"
"be","32","Brussels","be","bel","eu","eur","游游","BE"
"bf","226","Ouagadougou","bf","bfa","af","xof","游游","BF"
"bg","359","Sofia","bg","bgr","eu","bgn","游游","BG"
"bh","973","Manama","bh","bhr","as","bhd","游游","BH"
"bi","257","Bujumbura","bi","bdi","af","bif","游游","BI"
"bj","229","Porto-Novo","bj","ben","af","xof","游游","BJ"
"bl","590","Gustavia","bl","blm","na","eur","游游","BL"
"bm","1441","Hamilton","bm","bmu","na","bmd","游游","BM"
"bn","673","Bandar Seri Begawan","bn","brn","as","bnd","游游","BN"
"bo","591","Sucre","bo","bol","sa","bob","游游","BO"
"bq","599","","bq","bes","na","usd","游游","BQ"
"br","55","Brasilia","br","bra","sa","brl","游游","BR"
"bs","1242","Nassau","bs","bhs","na","bsd","游游","BS"
"bt","975","Thimphu","bt","btn","as","btn","游游","BT"
"bv","55","","bv","bvt","an","nok","游游","BV"
"bw","267","Gaborone","bw","bwa","af","bwp","游游","BW"
"by","375","Minsk","by","blr","eu","byr","游游","BY"
"bz","501","Belmopan","bz","blz","na","bzd","游游","BZ"
"ca","1","Ottawa","ca","can","na","cad","游뻟릖","Kanak캐"
"cc","61","West Island","cc","cck","as","aud","游뻟릖","CC"
"cd","243","Kinshasa","cd","cod","af","cdf","游뻟릖","CD"
"cf","236","Bangui","cf","caf","af","xaf","游뻟릖","CF"
"cg","242","Brazzaville","cg","cog","af","xaf","游뻟릖","CG"
"ch","41","Berne","ch","che","eu","chf","游뻟릖","CH"
"ci","225","Yamoussoukro","ci","civ","af","xof","游뻟릖","CI"
"ck","682","Avarua","ck","cok","oc","nzd","游뻟릖","CK"
"cl","56","Santiago","cl","chl","sa","clp","游뻟릖","CL"
"cm","237","Yaounde","cm","cmr","af","xaf","游뻟릖","CM"
"cn","86","Beijing","cn","chn","as","cny","游뻟릖","Kina"
"co","57","Bogota","co","col","sa","cop","游뻟릖","CO"
"cr","506","San Jose","cr","cri","na","crc","游뻟릖","CR"
"cu","53","Havana","cu","cub","na","cup","游뻟릖","CU"
"cv","238","Praia","cv","cpv","af","cve","游뻟릖","CV"
"cw","599"," Willemstad","cw","cuw","na","ang","游뻟릖","CW"
"cx","61","Flying Fish Cove","cx","cxr","as","aud","游뻟릖","CX"
"cy","357","Nicosia","cy","cyp","eu","eur","游뻟릖","CY"
"cz","420","Prague","cz","cze","eu","czk","游뻟릖","CZ"
"de","49","Berlin","de","deu","eu","eur","游뾇릖","Kelem캐nia"
"dj","253","Djibouti","dj","dji","af","djf","游뾇릖","DJ"
"dk","45","Copenhagen","dk","dnk","eu","dkk","游뾇릖","Kenemaka"
"dm","1767","Roseau","dm","dma","na","xcd","游뾇릖","DM"
"do","1809","Santo Domingo","do","dom","na","dop","游뾇릖","DO"
"dz","213","Algiers","dz","dza","af","dzd","游뾇릖","DZ"
"ec","593","Quito","ec","ecu","sa","usd","游쀯릖","EC"
"ee","372","Tallinn","ee","est","eu","eur","游쀯릖","EE"
"eg","20","Cairo","eg","egy","af","egp","游쀯릖","EG"
"eh","212","El-Aaiun","eh","esh","af","mad","游쀯릖","EH"
"er","291","Asmara","er","eri","af","ern","游쀯릖","ER"
"es","34","Madrid","es","esp","eu","eur","游쀯릖","Kepania"
"et","251","Addis Ababa","et","eth","af","etb","游쀯릖","ET"
"fi","358","Helsinki","fi","fin","eu","eur","游游","FI"
"fj","679","Suva","fj","fji","oc","fjd","游游","FJ"
"fk","500","Stanley","fk","flk","sa","fkp","游游","FK"
"fm","691","Palikir","fm","fsm","oc","usd","游游","FM"
"fo","298","Torshavn","fo","fro","eu","dkk","游游","FO"
"fr","33","Paris","fr","fra","eu","eur","游游","Palani"
"ga","241","Libreville","ga","gab","af","xaf","游섫릖","GA"
"gb","44","London","gb","gbr","eu","gbp","游섫릖","Aupuni M콄퉡캶 Hui P콞 퉡Ia"
"gd","1473","St. George's","gd","grd","na","xcd","游섫릖","GD"
"ge","995","Tbilisi","ge","geo","as","gel","游섫릖","GE"
"gf","594","Cayenne","gf","guf","sa","eur","游섫릖","GF"
"gg","44","St Peter Port","gg","ggy","eu","gbp","游섫릖","GG"
"gh","233","Accra","gh","gha","af","ghs","游섫릖","GH"
"gi","350","Gibraltar","gi","gib","eu","gip","游섫릖","GI"
"gl","299","Nuuk","gl","grl","na","dkk","游섫릖","GL"
"gm","220","Banjul","gm","gmb","af","gmd","游섫릖","GM"
"gn","224","Conakry","gn","gin","af","gnf","游섫릖","GN"
"gp","590","Basse-Terre","gp","glp","na","eur","游섫릖","GP"
"gq","240","Malabo","gq","gnq","af","xaf","游섫릖","GQ"
"gr","30","Athens","gr","grc","eu","eur","游섫릖","Helene"
"gs","500","Grytviken","gs","sgs","an","gbp","游섫릖","GS"
"gt","502","Guatemala City","gt","gtm","na","gtq","游섫릖","GT"
"gu","1671","Hagatna","gu","gum","oc","usd","游섫릖","GU"
"gw","245","Bissau","gw","gnb","af","xof","游섫릖","GW"
"gy","592","Georgetown","gy","guy","sa","gyd","游섫릖","GY"
"hk","852","Hong Kong","hk","hkg","as","hkd","游쇓릖","HK"
"hn","504","Tegucigalpa","hn","hnd","na","hnl","游쇓릖","HN"
"hr","385","Zagreb","hr","hrv","eu","hrk","游쇓릖","HR"
"ht","509","Port-au-Prince","ht","hti","na","htg","游쇓릖","HT"
"hu","36","Budapest","hu","hun","eu","huf","游쇓릖","HU"
"id","62","Jakarta","id","idn","as","idr","游쉻릖","ID"
"ie","353","Dublin","ie","irl","eu","eur","游쉻릖","퉡Ilelani"
"il","972","Jerusalem","il","isr","as","ils","游쉻릖","퉡Isera퉡ela"
"im","44","Douglas, Isle of Man","im","imn","eu","gbp","游쉻릖","IM"
"in","91","New Delhi","in","ind","as","inr","游쉻릖","퉡캵nia"
"io","246","Diego Garcia","io","iot","as","usd","游쉻릖","IO"
"iq","964","Baghdad","iq","irq","as","iqd","游쉻릖","IQ"
"ir","98","Tehran","ir","irn","as","irr","游쉻릖","IR"
"is","354","Reykjavik","is","isl","eu","isk","游쉻릖","IS"
"it","39","Rome","it","ita","eu","eur","游쉻릖","퉡캵k캐lia"
"je","44","Saint Helier","je","jey","eu","gbp","游游","JE"
"jm","1876","Kingston","jm","jam","na","jmd","游游","JM"
"jo","962","Amman","jo","jor","as","jod","游游","JO"
"jp","81","Tokyo","jp","jpn","as","jpy","游游","I캐pana"
"ke","254","Nairobi","ke","ken","af","kes","游썷릖","KE"
"kg","996","Bishkek","kg","kgz","as","kgs","游썷릖","KG"
"kh","855","Phnom Penh","kh","khm","as","khr","游썷릖","KH"
"ki","686","Tarawa","ki","kir","oc","aud","游썷릖","KI"
"km","269","Moroni","km","com","af","kmf","游썷릖","KM"
"kn","1869","Basseterre","kn","kna","na","xcd","游썷릖","KN"
"kp","850","Pyongyang","kp","prk","as","kpw","游썷릖","KP"
"kr","82","Seoul","kr","kor","as","krw","游썷릖","KR"
"kw","965","Kuwait City","kw","kwt","as","kwd","游썷릖","KW"
"ky","1345","George Town","ky","cym","na","kyd","游썷릖","KY"
"kz","7","Astana","kz","kaz","as","kzt","游썷릖","KZ"
"la","856","Vientiane","la","lao","as","lak","游쐟릖","LA"
"lb","961","Beirut","lb","lbn","as","lbp","游쐟릖","LB"
"lc","1758","Castries","lc","lca","na","xcd","游쐟릖","LC"
"li","423","Vaduz","li","lie","eu","chf","游쐟릖","LI"
"lk","94","Colombo","lk","lka","as","lkr","游쐟릖","LK"
"lr","231","Monrovia","lr","lbr","af","lrd","游쐟릖","LR"
"ls","266","Maseru","ls","lso","af","lsl","游쐟릖","LS"
"lt","370","Vilnius","lt","ltu","eu","ltl","游쐟릖","LT"
"lu","352","Luxembourg","lu","lux","eu","eur","游쐟릖","LU"
"lv","371","Riga","lv","lva","eu","eur","游쐟릖","LV"
"ly","218","Tripolis","ly","lby","af","lyd","游쐟릖","LY"
"ma","212","Rabat","ma","mar","af","mad","游쓇릖","MA"
"mc","377","Monaco","mc","mco","eu","eur","游쓇릖","MC"
"md","373","Chisinau","md","mda","eu","mdl","游쓇릖","MD"
"me","382","Podgorica","me","mne","eu","eur","游쓇릖","ME"
"mf","590","Marigot","mf","maf","na","eur","游쓇릖","MF"
"mg","261","Antananarivo","mg","mdg","af","mga","游쓇릖","MG"
"mh","692","Majuro","mh","mhl","oc","usd","游쓇릖","MH"
"mk","389","Skopje","mk","mkd","eu","mkd","游쓇릖","MK"
"ml","223","Bamako","ml","mli","af","xof","游쓇릖","ML"
"mm","95","Nay Pyi Taw","mm","mmr","as","mmk","游쓇릖","MM"
"mn","976","Ulan Bator","mn","mng","as","mnt","游쓇릖","MN"
"mo","853","Macao","mo","mac","as","mop","游쓇릖","MO"
"mp","1670","Saipan","mp","mnp","oc","usd","游쓇릖","MP"
"mq","596","Fort-de-France","mq","mtq","na","eur","游쓇릖","MQ"
"mr","222","Nouakchott","mr","mrt","af","mro","游쓇릖","MR"
"ms","1664","Plymouth","ms","msr","na","xcd","游쓇릖","MS"
"mt","356","Valletta","mt","mlt","eu","eur","游쓇릖","MT"
"mu","230","Port Louis","mu","mus","af","mur","游쓇릖","MU"
"mv","960","Male","mv","mdv","as","mvr","游쓇릖","MV"
"mw","265","Lilongwe","mw","mwi","af","mwk","游쓇릖","MW"
"mx","52","Mexico City","mx","mex","na","mxn","游쓇릖","Mekiko"
"my","60","Kuala Lumpur","my","mys","as","myr","游쓇릖","MY"
"mz","258","Maputo","mz","moz","af","mzn","游쓇릖","MZ"
"na","264","Windhoek","na","nam","af","nad","游游","NA"
"nc","687","Noumea","nc","ncl","oc","xpf","游游","NC"
"ne","227","Niamey","ne","ner","af","xof","游游","NE"
"nf","672","Kingston","nf","nfk","oc","aud","游游","NF"
"ng","234","Abuja","ng","nga","af","ngn","游游","NG"
"ni","505","Managua","ni","nic","na","nio","游游","NI"
"nl","31","Amsterdam","nl","nld","eu","eur","游游","H콄lani"
"no","47","Oslo","no","nor","eu","nok","游游","NO"
"np","977","Kathmandu","np","npl","as","npr","游游","NP"
"nr","674","Yaren","nr","nru","oc","aud","游游","NR"
"nu","683","Alofi","nu","niu","oc","nzd","游游","NU"
"nz","64","Wellington","nz","nzl","oc","nzd","游游","Aotearoa"
"om","968","Muscat","om","omn","as","omr","游엃릖","OM"
"pa","507","Panama City","pa","pan","na","pab","游왫릖","PA"
"pe","51","Lima","pe","per","sa","pen","游왫릖","PE"
"pf","689","Papeete","pf","pyf","oc","xpf","游왫릖","PF"
"pg","675","Port Moresby","pg","png","oc","pgk","游왫릖","PG"
"ph","63","Manila","ph","phl","as","php","游왫릖","퉡ina Pilipino"
"pk","92","Islamabad","pk","pak","as","pkr","游왫릖","PK"
"pl","48","Warsaw","pl","pol","eu","pln","游왫릖","PL"
"pm","508","Saint-Pierre","pm","spm","na","eur","游왫릖","PM"
"pn","870","Adamstown","pn","pcn","oc","nzd","游왫릖","PN"
"pr","1787","San Juan","pr","pri","na","usd","游왫릖","PR"
"ps","970","East Jerusalem","ps","pse","as","ils","游왫릖","PS"
"pt","351","Lisbon","pt","prt","eu","eur","游왫릖","PT"
"pw","680","Melekeok","pw","plw","oc","usd","游왫릖","PW"
"py","595","Asuncion","py","pry","sa","pyg","游왫릖","PY"
"qa","974","Doha","qa","qat","as","qar","游윓릖","QA"
"re","262","Saint-Denis","re","reu","af","eur","游游","RE"
"ro","40","Bucharest","ro","rou","eu","ron","游游","RO"
"rs","381","Belgrade","rs","srb","eu","rsd","游游","RS"
"ru","7","Moscow","ru","rus","eu","rub","游游","L콞kia"
"rw","250","Kigali","rw","rwa","af","rwf","游游","RW"
"sa","966","Riyadh","sa","sau","as","sar","游젏릖","SA"
"sb","677","Honiara","sb","slb","oc","sbd","游젏릖","SB"
"sc","248","Victoria","sc","syc","af","scr","游젏릖","SC"
"sd","249","Khartoum","sd","sdn","af","sdg","游젏릖","SD"
"se","46","Stockholm","se","swe","eu","sek","游젏릖","SE"
"sg","65","Singapur","sg","sgp","as","sgd","游젏릖","SG"
"sh","290","Jamestown","sh","shn","af","shp","游젏릖","SH"
"si","386","Ljubljana","si","svn","eu","eur","游젏릖","SI"
"sj","47","Longyearbyen","sj","sjm","eu","nok","游젏릖","SJ"
"sk","421","Bratislava","sk","svk","eu","eur","游젏릖","SK"
"sl","232","Freetown","sl","sle","af","sll","游젏릖","SL"
"sm","378","San Marino","sm","smr","eu","eur","游젏릖","SM"
"sn","221","Dakar","sn","sen","af","xof","游젏릖","SN"
"so","252","Mogadishu","so","som","af","sos","游젏릖","SO"
"sr","597","Paramaribo","sr","sur","sa","srd","游젏릖","SR"
"ss","211","Juba","ss","ssd","af","ssp","游젏릖","SS"
"st","239","Sao Tome","st","stp","af","std","游젏릖","ST"
"sv","503","San Salvador","sv","slv","na","usd","游젏릖","SV"
"sx","599","Philipsburg","sx","sxm","na","ang","游젏릖","SX"
"sy","963","Damascus","sy","syr","as","syp","游젏릖","SY"
"sz","268","Mbabane","sz","swz","af","szl","游젏릖","SZ"
"tc","1649","Cockburn Town","tc","tca","na","usd","游좷릖","TC"
"td","235","N'Djamena","td","tcd","af","xaf","游좷릖","TD"
"tf","","Port-aux-Francais","tf","atf","an","eur","游좷릖","TF"
"tg","228","Lome","tg","tgo","af","xof","游좷릖","TG"
"th","66","Bangkok","th","tha","as","thb","游좷릖","TH"
"tj","992","Dushanbe","tj","tjk","as","tjs","游좷릖","TJ"
"tk","690","","tk","tkl","oc","nzd","游좷릖","TK"
"tl","670","Dili","tl","tls","oc","usd","游좷릖","TL"
"tm","993","Ashgabat","tm","tkm","as","tmt","游좷릖","TM"
"tn","216","Tunis","tn","tun","af","tnd","游좷릖","TN"
"to","676","Nuku'alofa","to","ton","oc","top","游좷릖","TO"
"tr","90","Ankara","tr","tur","as","try","游좷릖","TR"
"tt","1868","Port of Spain","tt","tto","na","ttd","游좷릖","TT"
"tv","688","Funafuti","tv","tuv","oc","aud","游좷릖","TV"
"tw","886","Taipei","tw","twn","as","twd","游좷릖","TW"
"tz","255","Dodoma","tz","tza","af","tzs","游좷릖","TZ"
"ua","380","Kiev","ua","ukr","eu","uah","游쥟릖","UA"
"ug","256","Kampala","ug","uga","af","ugx","游쥟릖","UG"
"um","246","","um","umi","oc","usd","游쥟릖","UM"
"us","1","Washington","us","usa","na","usd","游쥟릖","퉡Amelika Hui P콞 퉡Ia"
"uy","598","Montevideo","uy","ury","sa","uyu","游쥟릖","UY"
"uz","998","Tashkent","uz","uzb","as","uzs","游쥟릖","UZ"
"va","379","Vatican City","va","vat","eu","eur","游游","VA"
"vc","1784","Kingstown","vc","vct","na","xcd","游游","VC"
"ve","58","Caracas","ve","ven","sa","vef","游游","VE"
"vg","1284","Road Town","vg","vgb","na","usd","游游","VG"
"vi","1340","Charlotte Amalie","vi","vir","na","usd","游游","VI"
"vn","84","Hanoi","vn","vnm","as","vnd","游游","VN"
"vu","678","Port Vila","vu","vut","oc","vuv","游游","VU"
"wf","681","Mata Utu","wf","wlf","oc","xpf","游쩛릖","WF"
"ws","685","Apia","ws","wsm","oc","wst","游쩛릖","WS"
"xk","383","Pristina","xk","xkx","eu","eur","游쬃릖","XK"
"ye","967","Sanaa","ye","yem","as","yer","游쮫릖","YE"
"yt","262","Mamoudzou","yt","myt","af","eur","游쮫릖","YT"
"za","27","Pretoria","za","zaf","af","zar","游游","ZA"
"zm","260","Lusaka","zm","zmb","af","zmk","游游","ZM"
"zw","263","Harare","zw","zwe","af","zwl","游游","ZW"
