"id","calling_code","capital_city","code_2","code_3","continent_id","currency_id","flag","name"
"ad","376","Andorra la Vella","ad","and","eu","eur","","专"
"ae","971","Abu Dhabi","ae","are","as","aed",""," 专转 注专转"
"af","93","Kabul","af","afg","as","afn","","驻住"
"ag","1268","St. John's","ag","atg","na","xcd",""," 专"
"ai","1264","The Valley","ai","aia","na","xcd","",""
"al","355","Tirana","al","alb","eu","all","",""
"am","374","Yerevan","am","arm","as","amd","","专"
"ao","244","Luanda","ao","ago","af","aoa","",""
"aq","672","","aq","ata","an","","","专拽拽"
"ar","54","Buenos Aires","ar","arg","sa","ars","","专"
"as","1684","Pago Pago","as","asm","oc","usd","","住 专拽转"
"at","43","Vienna","at","aut","eu","eur","","住专"
"au","61","Canberra","au","aus","oc","aud","","住专"
"aw","297","Oranjestad","aw","abw","na","awg","","专"
"ax","358","Mariehamn","ax","ala","eu","eur",""," "
"az","994","Baku","az","aze","as","azn","","专壮"
"ba","387","Sarajevo","ba","bih","eu","bam","ю","住 专爪"
"bb","1246","Bridgetown","bb","brb","na","bbd","ю","专住"
"bd","880","Dhaka","bd","bgd","as","bdt","ю","砖"
"be","32","Brussels","be","bel","eu","eur","ю",""
"bf","226","Ouagadougou","bf","bfa","af","xof","ю","专拽 驻住"
"bg","359","Sofia","bg","bgr","eu","bgn","ю","专"
"bh","973","Manama","bh","bhr","as","bhd","ю","专"
"bi","257","Bujumbura","bi","bdi","af","bif","ю","专"
"bj","229","Porto-Novo","bj","ben","af","xof","ю",""
"bl","590","Gustavia","bl","blm","na","eur","ю","住 专转"
"bm","1441","Hamilton","bm","bmu","na","bmd","ю","专"
"bn","673","Bandar Seri Begawan","bn","brn","as","bnd","ю","专"
"bo","591","Sucre","bo","bol","sa","bob","ю",""
"bq","599","","bq","bes","na","usd","ю"," 拽专 "
"br","55","Brasilia","br","bra","sa","brl","ю","专"
"bs","1242","Nassau","bs","bhs","na","bsd","ю"," "
"bt","975","Thimphu","bt","btn","as","btn","ю",""
"bv","55","","bv","bvt","an","nok","ю"," "
"bw","267","Gaborone","bw","bwa","af","bwp","ю","爪"
"by","375","Minsk","by","blr","eu","byr","ю","专住"
"bz","501","Belmopan","bz","blz","na","bzd","ю",""
"ca","1","Ottawa","ca","can","na","cad","","拽"
"cc","61","West Island","cc","cck","as","aud",""," 拽拽住 (拽)"
"cd","243","Kinshasa","cd","cod","af","cdf","","拽 - 拽砖住"
"cf","236","Bangui","cf","caf","af","xaf","","专驻拽 专-驻专拽转"
"cg","242","Brazzaville","cg","cog","af","xaf","","拽 - 专"
"ch","41","Berne","ch","che","eu","chf","","砖抓"
"ci","225","Yamoussoukro","ci","civ","af","xof","","祝 砖"
"ck","682","Avarua","ck","cok","oc","nzd",""," 拽拽"
"cl","56","Santiago","cl","chl","sa","clp","","爪壮"
"cm","237","Yaounde","cm","cmr","af","xaf","","拽专"
"cn","86","Beijing","cn","chn","as","cny","","住"
"co","57","Bogota","co","col","sa","cop","","拽"
"cr","506","San Jose","cr","cri","na","crc","","拽住 专拽"
"cu","53","Havana","cu","cub","na","cup","","拽"
"cv","238","Praia","cv","cpv","af","cve","","祝 专"
"cw","599"," Willemstad","cw","cuw","na","ang","","拽专住"
"cx","61","Flying Fish Cove","cx","cxr","as","aud","","  "
"cy","357","Nicosia","cy","cyp","eu","eur","","拽驻专住"
"cz","420","Prague","cz","cze","eu","czk","","爪壮"
"de","49","Berlin","de","deu","eu","eur","","专"
"dj","253","Djibouti","dj","dji","af","djf","","壮"
"dk","45","Copenhagen","dk","dnk","eu","dkk","","专拽"
"dm","1767","Roseau","dm","dma","na","xcd","","拽"
"do","1809","Santo Domingo","do","dom","na","dop","","专驻拽 拽转"
"dz","213","Algiers","dz","dza","af","dzd","","壮专"
"ec","593","Quito","ec","ecu","sa","usd","","拽专"
"ee","372","Tallinn","ee","est","eu","eur","","住"
"eg","20","Cairo","eg","egy","af","egp","","爪专"
"eh","212","El-Aaiun","eh","esh","af","mad","","住专 注专转"
"er","291","Asmara","er","eri","af","ern","","专转专"
"es","34","Madrid","es","esp","eu","eur","","住驻专"
"et","251","Addis Ababa","et","eth","af","etb","","转驻"
"fi","358","Helsinki","fi","fin","eu","eur","","驻"
"fj","679","Suva","fj","fji","oc","fjd","","驻壮"
"fk","500","Stanley","fk","flk","sa","fkp",""," 驻拽"
"fm","691","Palikir","fm","fsm","oc","usd","","拽专"
"fo","298","Torshavn","fo","fro","eu","dkk",""," 驻专"
"fr","33","Paris","fr","fra","eu","eur","","爪专驻转"
"ga","241","Libreville","ga","gab","af","xaf","",""
"gb","44","London","gb","gbr","eu","gbp","","专"
"gd","1473","St. George's","gd","grd","na","xcd","","专"
"ge","995","Tbilisi","ge","geo","as","gel","","专"
"gf","594","Cayenne","gf","guf","sa","eur",""," 爪专驻转转"
"gg","44","St Peter Port","gg","ggy","eu","gbp","","专"
"gh","233","Accra","gh","gha","af","ghs","",""
"gi","350","Gibraltar","gi","gib","eu","gip","","专专"
"gl","299","Nuuk","gl","grl","na","dkk","","专"
"gm","220","Banjul","gm","gmb","af","gmd","",""
"gn","224","Conakry","gn","gin","af","gnf","",""
"gp","590","Basse-Terre","gp","glp","na","eur","","驻"
"gq","240","Malabo","gq","gnq","af","xaf",""," 砖转"
"gr","30","Athens","gr","grc","eu","eur","",""
"gs","500","Grytviken","gs","sgs","an","gbp","","壮专壮 专转  住抓壮 专"
"gt","502","Guatemala City","gt","gtm","na","gtq","",""
"gu","1671","Hagatna","gu","gum","oc","usd","",""
"gw","245","Bissau","gw","gnb","af","xof","","-住"
"gy","592","Georgetown","gy","guy","sa","gyd","",""
"hk","852","Hong Kong","hk","hkg","as","hkd",""," 拽 (专   砖 住)"
"hn","504","Tegucigalpa","hn","hnd","na","hnl","","专住"
"hr","385","Zagreb","hr","hrv","eu","hrk","","拽专"
"ht","509","Port-au-Prince","ht","hti","na","htg","",""
"hu","36","Budapest","hu","hun","eu","huf","","专"
"id","62","Jakarta","id","idn","as","idr","",""
"ie","353","Dublin","ie","irl","eu","eur","","专"
"il","972","Jerusalem","il","isr","as","ils","","砖专"
"im","44","Douglas, Isle of Man","im","imn","eu","gbp",""," "
"in","91","New Delhi","in","ind","as","inr","",""
"io","246","Diego Garcia","io","iot","as","usd","","专专 专转 拽住 "
"iq","964","Baghdad","iq","irq","as","iqd","","注专拽"
"ir","98","Tehran","ir","irn","as","irr","","专"
"is","354","Reykjavik","is","isl","eu","isk","","住"
"it","39","Rome","it","ita","eu","eur","",""
"je","44","Saint Helier","je","jey","eu","gbp","","壮专"
"jm","1876","Kingston","jm","jam","na","jmd","","壮拽"
"jo","962","Amman","jo","jor","as","jod","","专"
"jp","81","Tokyo","jp","jpn","as","jpy","","驻"
"ke","254","Nairobi","ke","ken","af","kes","梆","拽"
"kg","996","Bishkek","kg","kgz","as","kgs","梆","拽专住"
"kh","855","Phnom Penh","kh","khm","as","khr","梆","拽"
"ki","686","Tarawa","ki","kir","oc","aud","梆","拽专"
"km","269","Moroni","km","com","af","kmf","梆","拽专"
"kn","1869","Basseterre","kn","kna","na","xcd","梆","住 拽住 住"
"kp","850","Pyongyang","kp","prk","as","kpw","梆","拽专 爪驻转"
"kr","82","Seoul","kr","kor","as","krw","梆","拽专 专转"
"kw","965","Kuwait City","kw","kwt","as","kwd","梆","转"
"ky","1345","George Town","ky","cym","na","kyd","梆"," 拽"
"kz","7","Astana","kz","kaz","as","kzt","梆","拽住"
"la","856","Vientiane","la","lao","as","lak","别","住"
"lb","961","Beirut","lb","lbn","as","lbp","别",""
"lc","1758","Castries","lc","lca","na","xcd","别","住 住"
"li","423","Vaduz","li","lie","eu","chf","别","砖"
"lk","94","Colombo","lk","lka","as","lkr","别","住专 拽"
"lr","231","Monrovia","lr","lbr","af","lrd","别","专"
"ls","266","Maseru","ls","lso","af","lsl","别","住"
"lt","370","Vilnius","lt","ltu","eu","ltl","别",""
"lu","352","Luxembourg","lu","lux","eu","eur","别","拽住专"
"lv","371","Riga","lv","lva","eu","eur","别",""
"ly","218","Tripolis","ly","lby","af","lyd","别",""
"ma","212","Rabat","ma","mar","af","mad","拆","专拽"
"mc","377","Monaco","mc","mco","eu","eur","拆","拽"
"md","373","Chisinau","md","mda","eu","mdl","拆",""
"me","382","Podgorica","me","mne","eu","eur","拆","专"
"mf","590","Marigot","mf","maf","na","eur","拆","住 专"
"mg","261","Antananarivo","mg","mdg","af","mga","拆","住拽专"
"mh","692","Majuro","mh","mhl","oc","usd","拆"," 专砖"
"mk","389","Skopje","mk","mkd","eu","mkd","拆","拽 爪驻转"
"ml","223","Bamako","ml","mli","af","xof","拆",""
"mm","95","Nay Pyi Taw","mm","mmr","as","mmk","拆","专 (专)"
"mn","976","Ulan Bator","mn","mng","as","mnt","拆",""
"mo","853","Macao","mo","mac","as","mop","拆","拽 (专   砖 住)"
"mp","1670","Saipan","mp","mnp","oc","usd","拆"," 专 爪驻"
"mq","596","Fort-de-France","mq","mtq","na","eur","拆","专拽"
"mr","222","Nouakchott","mr","mrt","af","mro","拆","专"
"ms","1664","Plymouth","ms","msr","na","xcd","拆","住专"
"mt","356","Valletta","mt","mlt","eu","eur","拆",""
"mu","230","Port Louis","mu","mus","af","mur","拆","专爪住"
"mv","960","Male","mv","mdv","as","mvr","拆"," "
"mw","265","Lilongwe","mw","mwi","af","mwk","拆",""
"mx","52","Mexico City","mx","mex","na","mxn","拆","拽住拽"
"my","60","Kuala Lumpur","my","mys","as","myr","拆",""
"mz","258","Maputo","mz","moz","af","mzn","拆","拽"
"na","264","Windhoek","na","nam","af","nad","仇",""
"nc","687","Noumea","nc","ncl","oc","xpf","仇","拽 砖"
"ne","227","Niamey","ne","ner","af","xof","仇","壮专"
"nf","672","Kingston","nf","nfk","oc","aud","仇"," 专驻拽"
"ng","234","Abuja","ng","nga","af","ngn","仇","专"
"ni","505","Managua","ni","nic","na","nio","仇","拽专"
"nl","31","Amsterdam","nl","nld","eu","eur","仇",""
"no","47","Oslo","no","nor","eu","nok","仇","专"
"np","977","Kathmandu","np","npl","as","npr","仇","驻"
"nr","674","Yaren","nr","nru","oc","aud","仇","专"
"nu","683","Alofi","nu","niu","oc","nzd","仇",""
"nz","64","Wellington","nz","nzl","oc","nzd","仇"," "
"om","968","Muscat","om","omn","as","omr","答","注"
"pa","507","Panama City","pa","pan","na","pab","叼","驻"
"pe","51","Lima","pe","per","sa","pen","叼","驻专"
"pf","689","Papeete","pf","pyf","oc","xpf","叼","驻 爪专驻转转"
"pg","675","Port Moresby","pg","png","oc","pgk","叼","驻驻  砖"
"ph","63","Manila","ph","phl","as","php","叼","驻驻"
"pk","92","Islamabad","pk","pak","as","pkr","叼","驻拽住"
"pl","48","Warsaw","pl","pol","eu","pln","叼","驻"
"pm","508","Saint-Pierre","pm","spm","na","eur","叼","住 驻专 拽"
"pn","870","Adamstown","pn","pcn","oc","nzd","叼"," 驻拽专"
"pr","1787","San Juan","pr","pri","na","usd","叼","驻专 专拽"
"ps","970","East Jerusalem","ps","pse","as","ils","叼","砖 驻住"
"pt","351","Lisbon","pt","prt","eu","eur","叼","驻专"
"pw","680","Melekeok","pw","plw","oc","usd","叼","驻"
"py","595","Asuncion","py","pry","sa","pyg","叼","驻专"
"qa","974","Doha","qa","qat","as","qar","娥","拽专"
"re","262","Saint-Denis","re","reu","af","eur","佛","专"
"ro","40","Bucharest","ro","rou","eu","ron","佛","专"
"rs","381","Belgrade","rs","srb","eu","rsd","佛","住专"
"ru","7","Moscow","ru","rus","eu","rub","佛","专住"
"rw","250","Kigali","rw","rwa","af","rwf","佛","专"
"sa","966","Riyadh","sa","sau","as","sar","葛","注专 住注转"
"sb","677","Honiara","sb","slb","oc","sbd","葛"," 砖"
"sc","248","Victoria","sc","syc","af","scr","葛"," 住砖"
"sd","249","Khartoum","sd","sdn","af","sdg","葛","住"
"se","46","Stockholm","se","swe","eu","sek","葛","砖"
"sg","65","Singapur","sg","sgp","as","sgd","葛","住驻专"
"sh","290","Jamestown","sh","shn","af","shp","葛","住 "
"si","386","Ljubljana","si","svn","eu","eur","葛","住"
"sj","47","Longyearbyen","sj","sjm","eu","nok","葛","住专  "
"sk","421","Bratislava","sk","svk","eu","eur","葛","住拽"
"sl","232","Freetown","sl","sle","af","sll","葛","住专 "
"sm","378","San Marino","sm","smr","eu","eur","葛","住 专"
"sn","221","Dakar","sn","sen","af","xof","葛","住"
"so","252","Mogadishu","so","som","af","sos","葛","住"
"sr","597","Paramaribo","sr","sur","sa","srd","葛","住专"
"ss","211","Juba","ss","ssd","af","ssp","葛","专 住"
"st","239","Sao Tome","st","stp","af","std","葛","住  驻专住驻"
"sv","503","San Salvador","sv","slv","na","usd","葛"," 住专"
"sx","599","Philipsburg","sx","sxm","na","ang","葛","住 专"
"sy","963","Damascus","sy","syr","as","syp","葛","住专"
"sz","268","Mbabane","sz","swz","af","szl","葛","住"
"tc","1649","Cockburn Town","tc","tca","na","usd","桂"," 专拽住 拽拽住"
"td","235","N'Djamena","td","tcd","af","xaf","桂","爪壮"
"tf","","Port-aux-Francais","tf","atf","an","eur","桂","专专转 专转 砖 爪专驻转"
"tg","228","Lome","tg","tgo","af","xof","桂",""
"th","66","Bangkok","th","tha","as","thb","桂","转"
"tj","992","Dushanbe","tj","tjk","as","tjs","桂","壮拽住"
"tk","690","","tk","tkl","oc","nzd","桂","拽"
"tl","670","Dili","tl","tls","oc","usd","桂","专-住"
"tm","993","Ashgabat","tm","tkm","as","tmt","桂","专拽住"
"tn","216","Tunis","tn","tun","af","tnd","桂","转住"
"to","676","Nuku'alofa","to","ton","oc","top","桂",""
"tr","90","Ankara","tr","tur","as","try","桂","专拽"
"tt","1868","Port of Spain","tt","tto","na","ttd","桂","专 "
"tv","688","Funafuti","tv","tuv","oc","aud","桂",""
"tw","886","Taipei","tw","twn","as","twd","桂",""
"tz","255","Dodoma","tz","tza","af","tzs","桂",""
"ua","380","Kiev","ua","ukr","eu","uah","吼","拽专"
"ug","256","Kampala","ug","uga","af","ugx","吼",""
"um","246","","um","umi","oc","usd","吼"," 专拽 拽 砖 专状"
"us","1","Washington","us","usa","na","usd","吼","专爪转 专转"
"uy","598","Montevideo","uy","ury","sa","uyu","吼","专"
"uz","998","Tashkent","uz","uzb","as","uzs","吼","拽住"
"va","379","Vatican City","va","vat","eu","eur","火","转拽"
"vc","1784","Kingstown","vc","vct","na","xcd","火","住 住 专"
"ve","58","Caracas","ve","ven","sa","vef","火","爪"
"vg","1284","Road Town","vg","vgb","na","usd","火"," 转 专"
"vi","1340","Charlotte Amalie","vi","vir","na","usd","火"," 转 砖 专爪转 专转"
"vn","84","Hanoi","vn","vnm","as","vnd","火",""
"vu","678","Port Vila","vu","vut","oc","vuv","火",""
"wf","681","Mata Utu","wf","wlf","oc","xpf","拣"," 住 驻"
"ws","685","Apia","ws","wsm","oc","wst","拣","住"
"xk","383","Pristina","xk","xkx","eu","eur","金","拽住"
"ye","967","Sanaa","ye","yem","as","yer","攫","转"
"yt","262","Mamoudzou","yt","myt","af","eur","攫",""
"za","27","Pretoria","za","zaf","af","zar","筐","专 驻专拽"
"zm","260","Lusaka","zm","zmb","af","zmk","筐",""
"zw","263","Harare","zw","zwe","af","zwl","筐",""
