"id","calling_code","capital_city","code_2","code_3","continent_id","currency_id","flag","name"
"ad","376","Andorra la Vella","ad","and","eu","eur","游뷣릖","And칩ra"
"ae","971","Abu Dhabi","ae","are","as","aed","游뷣릖","톇temi wa K톧ar치abu"
"af","93","Kabul","af","afg","as","afn","游뷣릖","Afuganisit치ani"
"ag","1268","St. John's","ag","atg","na","xcd","游뷣릖","Antig칰ua na Barib칰uda"
"ai","1264","The Valley","ai","aia","na","xcd","游뷣릖","Angu칤ila"
"al","355","Tirana","al","alb","eu","all","游뷣릖","Alub치nia"
"am","374","Yerevan","am","arm","as","amd","游뷣릖","Arim칠nia"
"ao","244","Luanda","ao","ago","af","aoa","游뷣릖","Ang칩ola"
"aq","672","","aq","ata","an","","游뷣릖","AQ"
"ar","54","Buenos Aires","ar","arg","sa","ars","游뷣릖","Ajent칤ina"
"as","1684","Pago Pago","as","asm","oc","usd","游뷣릖","Sam칩oa ya Amer톧패ka"
"at","43","Vienna","at","aut","eu","eur","游뷣릖","츼usitiria"
"au","61","Canberra","au","aus","oc","aud","游뷣릖","Ausiter칠elia"
"aw","297","Oranjestad","aw","abw","na","awg","游뷣릖","Ar칰uba"
"ax","358","Mariehamn","ax","ala","eu","eur","游뷣릖","AX"
"az","994","Baku","az","aze","as","azn","游뷣릖","Azabaj치ani"
"ba","387","Sarajevo","ba","bih","eu","bam","游游","B칩sinia"
"bb","1246","Bridgetown","bb","brb","na","bbd","游游","Babad칩osi"
"bd","880","Dhaka","bd","bgd","as","bdt","游游","Bangalad칠eshi"
"be","32","Brussels","be","bel","eu","eur","游游","톇belig칤iji"
"bf","226","Ouagadougou","bf","bfa","af","xof","游游","Bukinaf치aso"
"bg","359","Sofia","bg","bgr","eu","bgn","游游","Buligar칤a"
"bh","973","Manama","bh","bhr","as","bhd","游游","Bahar칠eni"
"bi","257","Bujumbura","bi","bdi","af","bif","游游","Bur칰undi"
"bj","229","Porto-Novo","bj","ben","af","xof","游游","Ben칤ini"
"bl","590","Gustavia","bl","blm","na","eur","游游","BL"
"bm","1441","Hamilton","bm","bmu","na","bmd","游游","Berim칰uda"
"bn","673","Bandar Seri Begawan","bn","brn","as","bnd","游游","Burun칠ei"
"bo","591","Sucre","bo","bol","sa","bob","游游","Bol칤via"
"bq","599","","bq","bes","na","usd","游游","BQ"
"br","55","Brasilia","br","bra","sa","brl","游游","Bras칤ili"
"bs","1242","Nassau","bs","bhs","na","bsd","游游","Bah치ama"
"bt","975","Thimphu","bt","btn","as","btn","游游","But치ani"
"bv","55","","bv","bvt","an","nok","游游","BV"
"bw","267","Gaborone","bw","bwa","af","bwp","游游","Botisw치ana"
"by","375","Minsk","by","blr","eu","byr","游游","Belar칰usi"
"bz","501","Belmopan","bz","blz","na","bzd","游游","Bel칤ise"
"ca","1","Ottawa","ca","can","na","cad","游뻟릖","K치nada"
"cc","61","West Island","cc","cck","as","aud","游뻟릖","CC"
"cd","243","Kinshasa","cd","cod","af","cdf","游뻟릖","Jamuh칰uri ya K톧demokuras칤a ya K칩ongo"
"cf","236","Bangui","cf","caf","af","xaf","游뻟릖","Juh칰uri ya Af톧r톧ka ya kat톧 kat톧"
"cg","242","Brazzaville","cg","cog","af","xaf","游뻟릖","K칩ongo"
"ch","41","Berne","ch","che","eu","chf","游뻟릖","Usw칤isi"
"ci","225","Yamoussoukro","ci","civ","af","xof","游뻟릖","Ivori Kositi"
"ck","682","Avarua","ck","cok","oc","nzd","游뻟릖","Vis칤iwa vya K칰uku"
"cl","56","Santiago","cl","chl","sa","clp","游뻟릖","Ch칤ile"
"cm","237","Yaounde","cm","cmr","af","xaf","游뻟릖","Kamer칰uni"
"cn","86","Beijing","cn","chn","as","cny","游뻟릖","Ch칤ina"
"co","57","Bogota","co","col","sa","cop","游뻟릖","Kol칩mbia"
"cr","506","San Jose","cr","cri","na","crc","游뻟릖","K칩sita R톧패톧ka"
"cu","53","Havana","cu","cub","na","cup","游뻟릖","Ky칰uba"
"cv","238","Praia","cv","cpv","af","cve","游뻟릖","Kepuv칠ede"
"cw","599"," Willemstad","cw","cuw","na","ang","游뻟릖","CW"
"cx","61","Flying Fish Cove","cx","cxr","as","aud","游뻟릖","CX"
"cy","357","Nicosia","cy","cyp","eu","eur","游뻟릖","Kupur칩osi"
"cz","420","Prague","cz","cze","eu","czk","游뻟릖","Jamuh칰uri ya Ch칠eki"
"de","49","Berlin","de","deu","eu","eur","游뾇릖","톇jerum치ani"
"dj","253","Djibouti","dj","dji","af","djf","游뾇릖","Jib칰uti"
"dk","45","Copenhagen","dk","dnk","eu","dkk","游뾇릖","Denimaki"
"dm","1767","Roseau","dm","dma","na","xcd","游뾇릖","Dom칤n톧ka"
"do","1809","Santo Domingo","do","dom","na","dop","游뾇릖","Jamuh칰uri ya Domin톧ka"
"dz","213","Algiers","dz","dza","af","dzd","游뾇릖","Alij칠ria"
"ec","593","Quito","ec","ecu","sa","usd","游쀯릖","칈kwado"
"ee","372","Tallinn","ee","est","eu","eur","游쀯릖","Eston칤a"
"eg","20","Cairo","eg","egy","af","egp","游쀯릖","M칤siri"
"eh","212","El-Aaiun","eh","esh","af","mad","游쀯릖","EH"
"er","291","Asmara","er","eri","af","ern","游쀯릖","Eriterea"
"es","34","Madrid","es","esp","eu","eur","游쀯릖","Hisip치nia"
"et","251","Addis Ababa","et","eth","af","etb","游쀯릖","톇hab칠eshi"
"fi","358","Helsinki","fi","fin","eu","eur","游游","Uf칤ini"
"fj","679","Suva","fj","fji","oc","fjd","游游","F칤iji"
"fk","500","Stanley","fk","flk","sa","fkp","游游","Vis칤iwa vya Fakulandi"
"fm","691","Palikir","fm","fsm","oc","usd","游游","Mikiron칠sia"
"fo","298","Torshavn","fo","fro","eu","dkk","游游","FO"
"fr","33","Paris","fr","fra","eu","eur","游游","톇far치ansa"
"ga","241","Libreville","ga","gab","af","xaf","游섫릖","Gab칩oni"
"gb","44","London","gb","gbr","eu","gbp","游섫릖","톇톧nger칠esa"
"gd","1473","St. George's","gd","grd","na","xcd","游섫릖","Giren치ada"
"ge","995","Tbilisi","ge","geo","as","gel","游섫릖","J칩jia"
"gf","594","Cayenne","gf","guf","sa","eur","游섫릖","Gwiy치ana y툴 톇far치ansa"
"gg","44","St Peter Port","gg","ggy","eu","gbp","游섫릖","GG"
"gh","233","Accra","gh","gha","af","ghs","游섫릖","G치ana"
"gi","350","Gibraltar","gi","gib","eu","gip","游섫릖","Jibur치lita"
"gl","299","Nuuk","gl","grl","na","dkk","游섫릖","Girinil치andi"
"gm","220","Banjul","gm","gmb","af","gmd","游섫릖","G치mbia"
"gn","224","Conakry","gn","gin","af","gnf","游섫릖","G칤ine"
"gp","590","Basse-Terre","gp","glp","na","eur","游섫릖","Gwadel칰upe"
"gq","240","Malabo","gq","gnq","af","xaf","游섫릖","G칤ine Ikw칠eta"
"gr","30","Athens","gr","grc","eu","eur","游섫릖","Ugir칤ki"
"gs","500","Grytviken","gs","sgs","an","gbp","游섫릖","GS"
"gt","502","Guatemala City","gt","gtm","na","gtq","游섫릖","Gwatem치ala"
"gu","1671","Hagatna","gu","gum","oc","usd","游섫릖","Gwani"
"gw","245","Bissau","gw","gnb","af","xof","游섫릖","G칤ine Bis치au"
"gy","592","Georgetown","gy","guy","sa","gyd","游섫릖","Guy치ana"
"hk","852","Hong Kong","hk","hkg","as","hkd","游쇓릖","HK"
"hn","504","Tegucigalpa","hn","hnd","na","hnl","游쇓릖","Hondur치asi"
"hr","385","Zagreb","hr","hrv","eu","hrk","游쇓릖","Kor칠shia"
"ht","509","Port-au-Prince","ht","hti","na","htg","游쇓릖","Ha칤iti"
"hu","36","Budapest","hu","hun","eu","huf","游쇓릖","Hung치ria"
"id","62","Jakarta","id","idn","as","idr","游쉻릖","Indon칠sia"
"ie","353","Dublin","ie","irl","eu","eur","游쉻릖","Ayal치andi"
"il","972","Jerusalem","il","isr","as","ils","游쉻릖","Isira칠eli"
"im","44","Douglas, Isle of Man","im","imn","eu","gbp","游쉻릖","IM"
"in","91","New Delhi","in","ind","as","inr","游쉻릖","칈ndia"
"io","246","Diego Garcia","io","iot","as","usd","游쉻릖","쿵s톧 y툴 톇톧nger칠esa irivii ra H칤indi"
"iq","964","Baghdad","iq","irq","as","iqd","游쉻릖","Ir치aki"
"ir","98","Tehran","ir","irn","as","irr","游쉻릖","톇aj칠emi"
"is","354","Reykjavik","is","isl","eu","isk","游쉻릖","Aisil치andi"
"it","39","Rome","it","ita","eu","eur","游쉻릖","It치lia"
"je","44","Saint Helier","je","jey","eu","gbp","游游","JE"
"jm","1876","Kingston","jm","jam","na","jmd","游游","Jam치ika"
"jo","962","Amman","jo","jor","as","jod","游游","J칩dani"
"jp","81","Tokyo","jp","jpn","as","jpy","游游","Jap치ani"
"ke","254","Nairobi","ke","ken","af","kes","游썷릖","K칠enya"
"kg","996","Bishkek","kg","kgz","as","kgs","游썷릖","Kirigisit치ani"
"kh","855","Phnom Penh","kh","khm","as","khr","游썷릖","Kamb칩dia"
"ki","686","Tarawa","ki","kir","oc","aud","游썷릖","Kirib치ati"
"km","269","Moroni","km","com","af","kmf","游썷릖","Kom칩oro"
"kn","1869","Basseterre","kn","kna","na","xcd","游썷릖","M툴takat칤ifu kitisi na Nev칤isi"
"kp","850","Pyongyang","kp","prk","as","kpw","游썷릖","Kor칠a y툴 툴t툴r툴ko"
"kr","82","Seoul","kr","kor","as","krw","游썷릖","Kor칠a ya Saame"
"kw","965","Kuwait City","kw","kwt","as","kwd","游썷릖","K툴w치iti"
"ky","1345","George Town","ky","cym","na","kyd","游썷릖","Vis칤iwa vya Kayimani"
"kz","7","Astana","kz","kaz","as","kzt","游썷릖","Kazakasit치ani"
"la","856","Vientiane","la","lao","as","lak","游쐟릖","La칩osi"
"lb","961","Beirut","lb","lbn","as","lbp","游쐟릖","Leban칩oni"
"lc","1758","Castries","lc","lca","na","xcd","游쐟릖","M툴takat칤ifu Lus칤ia"
"li","423","Vaduz","li","lie","eu","chf","游쐟릖","Lishent칠eni"
"lk","94","Colombo","lk","lka","as","lkr","游쐟릖","Siril치anka"
"lr","231","Monrovia","lr","lbr","af","lrd","游쐟릖","Liib칠ria"
"ls","266","Maseru","ls","lso","af","lsl","游쐟릖","Les칩oto"
"lt","370","Vilnius","lt","ltu","eu","ltl","游쐟릖","Lisu치nia"
"lu","352","Luxembourg","lu","lux","eu","eur","游쐟릖","Lasemb치agi"
"lv","371","Riga","lv","lva","eu","eur","游쐟릖","Lativia"
"ly","218","Tripolis","ly","lby","af","lyd","游쐟릖","L칤bia"
"ma","212","Rabat","ma","mar","af","mad","游쓇릖","Mor칩oko"
"mc","377","Monaco","mc","mco","eu","eur","游쓇릖","Mon치ako"
"md","373","Chisinau","md","mda","eu","mdl","游쓇릖","Molid칩ova"
"me","382","Podgorica","me","mne","eu","eur","游쓇릖","ME"
"mf","590","Marigot","mf","maf","na","eur","游쓇릖","MF"
"mg","261","Antananarivo","mg","mdg","af","mga","游쓇릖","Buk칤ini"
"mh","692","Majuro","mh","mhl","oc","usd","游쓇릖","Vis칤iwa vya Marish치ali"
"mk","389","Skopje","mk","mkd","eu","mkd","游쓇릖","MK"
"ml","223","Bamako","ml","mli","af","xof","游쓇릖","M치ali"
"mm","95","Nay Pyi Taw","mm","mmr","as","mmk","游쓇릖","Mi치ama"
"mn","976","Ulan Bator","mn","mng","as","mnt","游쓇릖","Mong칩lia"
"mo","853","Macao","mo","mac","as","mop","游쓇릖","MO"
"mp","1670","Saipan","mp","mnp","oc","usd","游쓇릖","Visiwa vya Mariana vya Kaskazini"
"mq","596","Fort-de-France","mq","mtq","na","eur","游쓇릖","Maritin칤iki"
"mr","222","Nouakchott","mr","mrt","af","mro","游쓇릖","Morit치nia"
"ms","1664","Plymouth","ms","msr","na","xcd","游쓇릖","Monter치ati"
"mt","356","Valletta","mt","mlt","eu","eur","游쓇릖","M치lita"
"mu","230","Port Louis","mu","mus","af","mur","游쓇릖","Mor칤isi"
"mv","960","Male","mv","mdv","as","mvr","游쓇릖","Mod칤ivu"
"mw","265","Lilongwe","mw","mwi","af","mwk","游쓇릖","Mal치awi"
"mx","52","Mexico City","mx","mex","na","mxn","游쓇릖","Mekisiko"
"my","60","Kuala Lumpur","my","mys","as","myr","游쓇릖","Male칤sia"
"mz","258","Maputo","mz","moz","af","mzn","游쓇릖","Musumb칤iji"
"na","264","Windhoek","na","nam","af","nad","游游","Nam칤bia"
"nc","687","Noumea","nc","ncl","oc","xpf","游游","Kaled칩nia Ifya"
"ne","227","Niamey","ne","ner","af","xof","游游","N칤ija"
"nf","672","Kingston","nf","nfk","oc","aud","游游","Kis칤iwa cha Nofif칩oki"
"ng","234","Abuja","ng","nga","af","ngn","游游","Niij칠ria"
"ni","505","Managua","ni","nic","na","nio","游游","Nikar치g툴a"
"nl","31","Amsterdam","nl","nld","eu","eur","游游","톇hol치anzi"
"no","47","Oslo","no","nor","eu","nok","游游","Norwe"
"np","977","Kathmandu","np","npl","as","npr","游游","Nep치ali"
"nr","674","Yaren","nr","nru","oc","aud","游游","Na칰uru"
"nu","683","Alofi","nu","niu","oc","nzd","游游","Ni칰ue"
"nz","64","Wellington","nz","nzl","oc","nzd","游游","Nyuz칤landi"
"om","968","Muscat","om","omn","as","omr","游엃릖","칍mani"
"pa","507","Panama City","pa","pan","na","pab","游왫릖","Pan치ama"
"pe","51","Lima","pe","per","sa","pen","游왫릖","P칠eru"
"pf","689","Papeete","pf","pyf","oc","xpf","游왫릖","Polin칠sia y툴 톇far치ansa"
"pg","675","Port Moresby","pg","png","oc","pgk","游왫릖","Pap칰ua"
"ph","63","Manila","ph","phl","as","php","游왫릖","Ufilip칤ino"
"pk","92","Islamabad","pk","pak","as","pkr","游왫릖","Pakisit치ani"
"pl","48","Warsaw","pl","pol","eu","pln","游왫릖","P칩landi"
"pm","508","Saint-Pierre","pm","spm","na","eur","游왫릖","M툴takat칤ifu Pe칠teri na M톧ka칠eli"
"pn","870","Adamstown","pn","pcn","oc","nzd","游왫릖","Patika칤rini"
"pr","1787","San Juan","pr","pri","na","usd","游왫릖","Pwetor톧패톧ko"
"ps","970","East Jerusalem","ps","pse","as","ils","游왫릖","Mweemberera wa k툴mweeri wa G치aza"
"pt","351","Lisbon","pt","prt","eu","eur","游왫릖","톇r칠eno"
"pw","680","Melekeok","pw","plw","oc","usd","游왫릖","Pal치au"
"py","595","Asuncion","py","pry","sa","pyg","游왫릖","Paragu치ai"
"qa","974","Doha","qa","qat","as","qar","游윓릖","Kat치ari"
"re","262","Saint-Denis","re","reu","af","eur","游游","Reyuni칩oni"
"ro","40","Bucharest","ro","rou","eu","ron","游游","Roman칤ia"
"rs","381","Belgrade","rs","srb","eu","rsd","游游","RS"
"ru","7","Moscow","ru","rus","eu","rub","游游","Ur칰usi"
"rw","250","Kigali","rw","rwa","af","rwf","游游","Rw치anda"
"sa","966","Riyadh","sa","sau","as","sar","游젏릖","Saud칤ia Arab칤ia"
"sb","677","Honiara","sb","slb","oc","sbd","游젏릖","Vis칤iwa vya Solom칩oni"
"sc","248","Victoria","sc","syc","af","scr","游젏릖","Shelish칠eli"
"sd","249","Khartoum","sd","sdn","af","sdg","游젏릖","Sud치ani"
"se","46","Stockholm","se","swe","eu","sek","游젏릖","Usw칤idi"
"sg","65","Singapur","sg","sgp","as","sgd","游젏릖","Singapoo"
"sh","290","Jamestown","sh","shn","af","shp","游젏릖","M툴takat칤ifu Hel칠ena"
"si","386","Ljubljana","si","svn","eu","eur","游젏릖","Sulov칠nia"
"sj","47","Longyearbyen","sj","sjm","eu","nok","游젏릖","SJ"
"sk","421","Bratislava","sk","svk","eu","eur","游젏릖","Sulov치akia"
"sl","232","Freetown","sl","sle","af","sll","游젏릖","Serale칩oni"
"sm","378","San Marino","sm","smr","eu","eur","游젏릖","Samar칤ino"
"sn","221","Dakar","sn","sen","af","xof","游젏릖","Seneg치ali"
"so","252","Mogadishu","so","som","af","sos","游젏릖","Som치lia"
"sr","597","Paramaribo","sr","sur","sa","srd","游젏릖","Surin치amu"
"ss","211","Juba","ss","ssd","af","ssp","游젏릖","SS"
"st","239","Sao Tome","st","stp","af","std","游젏릖","Sao T칩ome na Pirinsipe"
"sv","503","San Salvador","sv","slv","na","usd","游젏릖","Elisalivado"
"sx","599","Philipsburg","sx","sxm","na","ang","游젏릖","SX"
"sy","963","Damascus","sy","syr","as","syp","游젏릖","S칤ria"
"sz","268","Mbabane","sz","swz","af","szl","游젏릖","톇sw치azi"
"tc","1649","Cockburn Town","tc","tca","na","usd","游좷릖","Vis칤iwa vya Tur칤iki na Ka칤iko"
"td","235","N'Djamena","td","tcd","af","xaf","游좷릖","Ch치adi"
"tf","","Port-aux-Francais","tf","atf","an","eur","游좷릖","TF"
"tg","228","Lome","tg","tgo","af","xof","游좷릖","T칩ogo"
"th","66","Bangkok","th","tha","as","thb","游좷릖","T치ilandi"
"tj","992","Dushanbe","tj","tjk","as","tjs","游좷릖","Tajikisit치ani"
"tk","690","","tk","tkl","oc","nzd","游좷릖","Tokel치au"
"tl","670","Dili","tl","tls","oc","usd","游좷릖","Tim칩ori yi It툴툴mba"
"tm","993","Ashgabat","tm","tkm","as","tmt","游좷릖","Uturukimenisit치ani"
"tn","216","Tunis","tn","tun","af","tnd","游좷릖","Tun칤sia"
"to","676","Nuku'alofa","to","ton","oc","top","游좷릖","T칩onga"
"tr","90","Ankara","tr","tur","as","try","游좷릖","Utur칰uki"
"tt","1868","Port of Spain","tt","tto","na","ttd","游좷릖","Tirin칤ida ya Tob치ago"
"tv","688","Funafuti","tv","tuv","oc","aud","游좷릖","Tuv치alu"
"tw","886","Taipei","tw","twn","as","twd","游좷릖","Taiw치ani"
"tz","255","Dodoma","tz","tza","af","tzs","游좷릖","Taansan칤a"
"ua","380","Kiev","ua","ukr","eu","uah","游쥟릖","톇k톧r칠eni"
"ug","256","Kampala","ug","uga","af","ugx","游쥟릖","톇g치anda"
"um","246","","um","umi","oc","usd","游쥟릖","UM"
"us","1","Washington","us","usa","na","usd","游쥟릖","Amer톧ka"
"uy","598","Montevideo","uy","ury","sa","uyu","游쥟릖","Urugu치ai"
"uz","998","Tashkent","uz","uzb","as","uzs","游쥟릖","Usibekisit치ani"
"va","379","Vatican City","va","vat","eu","eur","游游","Vatik치ani"
"vc","1784","Kingstown","vc","vct","na","xcd","游游","M툴takat칤ifu Vis칠enti na Gernad칤ini"
"ve","58","Caracas","ve","ven","sa","vef","游游","Venezu칠ela"
"vg","1284","Road Town","vg","vgb","na","usd","游游","Vis칤iwa vya Vig칤ini vya 톇톧nger칠esa"
"vi","1340","Charlotte Amalie","vi","vir","na","usd","游游","Vis칤iwa vya Vig칤ini vya Amer톧패ka"
"vn","84","Hanoi","vn","vnm","as","vnd","游游","Vietin치amu"
"vu","678","Port Vila","vu","vut","oc","vuv","游游","Vanu치atu"
"wf","681","Mata Utu","wf","wlf","oc","xpf","游쩛릖","Wal칤isi na Fut칰una"
"ws","685","Apia","ws","wsm","oc","wst","游쩛릖","Sam칩oa"
"xk","383","Pristina","xk","xkx","eu","eur","游쬃릖","XK"
"ye","967","Sanaa","ye","yem","as","yer","游쮫릖","Y칠meni"
"yt","262","Mamoudzou","yt","myt","af","eur","游쮫릖","May칩ote"
"za","27","Pretoria","za","zaf","af","zar","游游","Af톧r톧ka ya Saame"
"zm","260","Lusaka","zm","zmb","af","zmk","游游","S치mbia"
"zw","263","Harare","zw","zwe","af","zwl","游游","Simb치abwe"
