"id","calling_code","capital_city","code_2","code_3","continent_id","currency_id","flag","name"
"ad","376","Andorra la Vella","ad","and","eu","eur","","AD"
"ae","971","Abu Dhabi","ae","are","as","aed","","AE"
"af","93","Kabul","af","afg","as","afn","","AF"
"ag","1268","St. John's","ag","atg","na","xcd","","AG"
"ai","1264","The Valley","ai","aia","na","xcd","","AI"
"al","355","Tirana","al","alb","eu","all","","AL"
"am","374","Yerevan","am","arm","as","amd","","AM"
"ao","244","Luanda","ao","ago","af","aoa","","AO"
"aq","672","","aq","ata","an","","","AQ"
"ar","54","Buenos Aires","ar","arg","sa","ars","","AR"
"as","1684","Pago Pago","as","asm","oc","usd","","AS"
"at","43","Vienna","at","aut","eu","eur","","AT"
"au","61","Canberra","au","aus","oc","aud","","AU"
"aw","297","Oranjestad","aw","abw","na","awg","","AW"
"ax","358","Mariehamn","ax","ala","eu","eur","","AX"
"az","994","Baku","az","aze","as","azn","","AZ"
"ba","387","Sarajevo","ba","bih","eu","bam","ю","BA"
"bb","1246","Bridgetown","bb","brb","na","bbd","ю","BB"
"bd","880","Dhaka","bd","bgd","as","bdt","ю","BD"
"be","32","Brussels","be","bel","eu","eur","ю","BE"
"bf","226","Ouagadougou","bf","bfa","af","xof","ю","BF"
"bg","359","Sofia","bg","bgr","eu","bgn","ю","BG"
"bh","973","Manama","bh","bhr","as","bhd","ю","BH"
"bi","257","Bujumbura","bi","bdi","af","bif","ю","BI"
"bj","229","Porto-Novo","bj","ben","af","xof","ю","BJ"
"bl","590","Gustavia","bl","blm","na","eur","ю","BL"
"bm","1441","Hamilton","bm","bmu","na","bmd","ю","BM"
"bn","673","Bandar Seri Begawan","bn","brn","as","bnd","ю","BN"
"bo","591","Sucre","bo","bol","sa","bob","ю","BO"
"bq","599","","bq","bes","na","usd","ю","BQ"
"br","55","Brasilia","br","bra","sa","brl","ю","BR"
"bs","1242","Nassau","bs","bhs","na","bsd","ю","BS"
"bt","975","Thimphu","bt","btn","as","btn","ю","BT"
"bv","55","","bv","bvt","an","nok","ю","BV"
"bw","267","Gaborone","bw","bwa","af","bwp","ю","BW"
"by","375","Minsk","by","blr","eu","byr","ю","BY"
"bz","501","Belmopan","bz","blz","na","bzd","ю","BZ"
"ca","1","Ottawa","ca","can","na","cad","","U铆yapi Mak贸he"
"cc","61","West Island","cc","cck","as","aud","","CC"
"cd","243","Kinshasa","cd","cod","af","cdf","","CD"
"cf","236","Bangui","cf","caf","af","xaf","","CF"
"cg","242","Brazzaville","cg","cog","af","xaf","","CG"
"ch","41","Berne","ch","che","eu","chf","","CH"
"ci","225","Yamoussoukro","ci","civ","af","xof","","CI"
"ck","682","Avarua","ck","cok","oc","nzd","","CK"
"cl","56","Santiago","cl","chl","sa","clp","","CL"
"cm","237","Yaounde","cm","cmr","af","xaf","","CM"
"cn","86","Beijing","cn","chn","as","cny","","Peh贸kahaska Mak贸he"
"co","57","Bogota","co","col","sa","cop","","CO"
"cr","506","San Jose","cr","cri","na","crc","","CR"
"cu","53","Havana","cu","cub","na","cup","","CU"
"cv","238","Praia","cv","cpv","af","cve","","CV"
"cw","599"," Willemstad","cw","cuw","na","ang","","CW"
"cx","61","Flying Fish Cove","cx","cxr","as","aud","","CX"
"cy","357","Nicosia","cy","cyp","eu","eur","","CY"
"cz","420","Prague","cz","cze","eu","czk","","CZ"
"de","49","Berlin","de","deu","eu","eur","","Iy谩拧ia Mak贸he"
"dj","253","Djibouti","dj","dji","af","djf","","DJ"
"dk","45","Copenhagen","dk","dnk","eu","dkk","","DK"
"dm","1767","Roseau","dm","dma","na","xcd","","DM"
"do","1809","Santo Domingo","do","dom","na","dop","","DO"
"dz","213","Algiers","dz","dza","af","dzd","","DZ"
"ec","593","Quito","ec","ecu","sa","usd","","EC"
"ee","372","Tallinn","ee","est","eu","eur","","EE"
"eg","20","Cairo","eg","egy","af","egp","","EG"
"eh","212","El-Aaiun","eh","esh","af","mad","","EH"
"er","291","Asmara","er","eri","af","ern","","ER"
"es","34","Madrid","es","esp","eu","eur","","Spay贸lae Mak贸he"
"et","251","Addis Ababa","et","eth","af","etb","","ET"
"fi","358","Helsinki","fi","fin","eu","eur","","FI"
"fj","679","Suva","fj","fji","oc","fjd","","FJ"
"fk","500","Stanley","fk","flk","sa","fkp","","FK"
"fm","691","Palikir","fm","fsm","oc","usd","","FM"
"fo","298","Torshavn","fo","fro","eu","dkk","","FO"
"fr","33","Paris","fr","fra","eu","eur","","FR"
"ga","241","Libreville","ga","gab","af","xaf","","GA"
"gb","44","London","gb","gbr","eu","gbp","","GB"
"gd","1473","St. George's","gd","grd","na","xcd","","GD"
"ge","995","Tbilisi","ge","geo","as","gel","","GE"
"gf","594","Cayenne","gf","guf","sa","eur","","GF"
"gg","44","St Peter Port","gg","ggy","eu","gbp","","GG"
"gh","233","Accra","gh","gha","af","ghs","","GH"
"gi","350","Gibraltar","gi","gib","eu","gip","","GI"
"gl","299","Nuuk","gl","grl","na","dkk","","GL"
"gm","220","Banjul","gm","gmb","af","gmd","","GM"
"gn","224","Conakry","gn","gin","af","gnf","","GN"
"gp","590","Basse-Terre","gp","glp","na","eur","","GP"
"gq","240","Malabo","gq","gnq","af","xaf","","GQ"
"gr","30","Athens","gr","grc","eu","eur","","GR"
"gs","500","Grytviken","gs","sgs","an","gbp","","GS"
"gt","502","Guatemala City","gt","gtm","na","gtq","","GT"
"gu","1671","Hagatna","gu","gum","oc","usd","","GU"
"gw","245","Bissau","gw","gnb","af","xof","","GW"
"gy","592","Georgetown","gy","guy","sa","gyd","","GY"
"hk","852","Hong Kong","hk","hkg","as","hkd","","HK"
"hn","504","Tegucigalpa","hn","hnd","na","hnl","","HN"
"hr","385","Zagreb","hr","hrv","eu","hrk","","HR"
"ht","509","Port-au-Prince","ht","hti","na","htg","","HT"
"hu","36","Budapest","hu","hun","eu","huf","","HU"
"id","62","Jakarta","id","idn","as","idr","","ID"
"ie","353","Dublin","ie","irl","eu","eur","","IE"
"il","972","Jerusalem","il","isr","as","ils","","IL"
"im","44","Douglas, Isle of Man","im","imn","eu","gbp","","IM"
"in","91","New Delhi","in","ind","as","inr","","IN"
"io","246","Diego Garcia","io","iot","as","usd","","IO"
"iq","964","Baghdad","iq","irq","as","iqd","","IQ"
"ir","98","Tehran","ir","irn","as","irr","","IR"
"is","354","Reykjavik","is","isl","eu","isk","","IS"
"it","39","Rome","it","ita","eu","eur","","IT"
"je","44","Saint Helier","je","jey","eu","gbp","","JE"
"jm","1876","Kingston","jm","jam","na","jmd","","JM"
"jo","962","Amman","jo","jor","as","jod","","JO"
"jp","81","Tokyo","jp","jpn","as","jpy","","Kis煤la Mak贸he"
"ke","254","Nairobi","ke","ken","af","kes","梆","KE"
"kg","996","Bishkek","kg","kgz","as","kgs","梆","KG"
"kh","855","Phnom Penh","kh","khm","as","khr","梆","KH"
"ki","686","Tarawa","ki","kir","oc","aud","梆","KI"
"km","269","Moroni","km","com","af","kmf","梆","KM"
"kn","1869","Basseterre","kn","kna","na","xcd","梆","KN"
"kp","850","Pyongyang","kp","prk","as","kpw","梆","KP"
"kr","82","Seoul","kr","kor","as","krw","梆","KR"
"kw","965","Kuwait City","kw","kwt","as","kwd","梆","KW"
"ky","1345","George Town","ky","cym","na","kyd","梆","KY"
"kz","7","Astana","kz","kaz","as","kzt","梆","KZ"
"la","856","Vientiane","la","lao","as","lak","别","LA"
"lb","961","Beirut","lb","lbn","as","lbp","别","LB"
"lc","1758","Castries","lc","lca","na","xcd","别","LC"
"li","423","Vaduz","li","lie","eu","chf","别","LI"
"lk","94","Colombo","lk","lka","as","lkr","别","LK"
"lr","231","Monrovia","lr","lbr","af","lrd","别","LR"
"ls","266","Maseru","ls","lso","af","lsl","别","LS"
"lt","370","Vilnius","lt","ltu","eu","ltl","别","LT"
"lu","352","Luxembourg","lu","lux","eu","eur","别","LU"
"lv","371","Riga","lv","lva","eu","eur","别","LV"
"ly","218","Tripolis","ly","lby","af","lyd","别","LY"
"ma","212","Rabat","ma","mar","af","mad","拆","MA"
"mc","377","Monaco","mc","mco","eu","eur","拆","MC"
"md","373","Chisinau","md","mda","eu","mdl","拆","MD"
"me","382","Podgorica","me","mne","eu","eur","拆","ME"
"mf","590","Marigot","mf","maf","na","eur","拆","MF"
"mg","261","Antananarivo","mg","mdg","af","mga","拆","MG"
"mh","692","Majuro","mh","mhl","oc","usd","拆","MH"
"mk","389","Skopje","mk","mkd","eu","mkd","拆","MK"
"ml","223","Bamako","ml","mli","af","xof","拆","ML"
"mm","95","Nay Pyi Taw","mm","mmr","as","mmk","拆","MM"
"mn","976","Ulan Bator","mn","mng","as","mnt","拆","MN"
"mo","853","Macao","mo","mac","as","mop","拆","MO"
"mp","1670","Saipan","mp","mnp","oc","usd","拆","MP"
"mq","596","Fort-de-France","mq","mtq","na","eur","拆","MQ"
"mr","222","Nouakchott","mr","mrt","af","mro","拆","MR"
"ms","1664","Plymouth","ms","msr","na","xcd","拆","MS"
"mt","356","Valletta","mt","mlt","eu","eur","拆","MT"
"mu","230","Port Louis","mu","mus","af","mur","拆","MU"
"mv","960","Male","mv","mdv","as","mvr","拆","MV"
"mw","265","Lilongwe","mw","mwi","af","mwk","拆","MW"
"mx","52","Mexico City","mx","mex","na","mxn","拆","Spay贸la Mak贸he"
"my","60","Kuala Lumpur","my","mys","as","myr","拆","MY"
"mz","258","Maputo","mz","moz","af","mzn","拆","MZ"
"na","264","Windhoek","na","nam","af","nad","仇","NA"
"nc","687","Noumea","nc","ncl","oc","xpf","仇","NC"
"ne","227","Niamey","ne","ner","af","xof","仇","NE"
"nf","672","Kingston","nf","nfk","oc","aud","仇","NF"
"ng","234","Abuja","ng","nga","af","ngn","仇","NG"
"ni","505","Managua","ni","nic","na","nio","仇","NI"
"nl","31","Amsterdam","nl","nld","eu","eur","仇","NL"
"no","47","Oslo","no","nor","eu","nok","仇","NO"
"np","977","Kathmandu","np","npl","as","npr","仇","NP"
"nr","674","Yaren","nr","nru","oc","aud","仇","NR"
"nu","683","Alofi","nu","niu","oc","nzd","仇","NU"
"nz","64","Wellington","nz","nzl","oc","nzd","仇","NZ"
"om","968","Muscat","om","omn","as","omr","答","OM"
"pa","507","Panama City","pa","pan","na","pab","叼","PA"
"pe","51","Lima","pe","per","sa","pen","叼","PE"
"pf","689","Papeete","pf","pyf","oc","xpf","叼","PF"
"pg","675","Port Moresby","pg","png","oc","pgk","叼","PG"
"ph","63","Manila","ph","phl","as","php","叼","PH"
"pk","92","Islamabad","pk","pak","as","pkr","叼","PK"
"pl","48","Warsaw","pl","pol","eu","pln","叼","PL"
"pm","508","Saint-Pierre","pm","spm","na","eur","叼","PM"
"pn","870","Adamstown","pn","pcn","oc","nzd","叼","PN"
"pr","1787","San Juan","pr","pri","na","usd","叼","PR"
"ps","970","East Jerusalem","ps","pse","as","ils","叼","PS"
"pt","351","Lisbon","pt","prt","eu","eur","叼","PT"
"pw","680","Melekeok","pw","plw","oc","usd","叼","PW"
"py","595","Asuncion","py","pry","sa","pyg","叼","PY"
"qa","974","Doha","qa","qat","as","qar","娥","QA"
"re","262","Saint-Denis","re","reu","af","eur","佛","RE"
"ro","40","Bucharest","ro","rou","eu","ron","佛","RO"
"rs","381","Belgrade","rs","srb","eu","rsd","佛","RS"
"ru","7","Moscow","ru","rus","eu","rub","佛","RU"
"rw","250","Kigali","rw","rwa","af","rwf","佛","RW"
"sa","966","Riyadh","sa","sau","as","sar","葛","SA"
"sb","677","Honiara","sb","slb","oc","sbd","葛","SB"
"sc","248","Victoria","sc","syc","af","scr","葛","SC"
"sd","249","Khartoum","sd","sdn","af","sdg","葛","SD"
"se","46","Stockholm","se","swe","eu","sek","葛","SE"
"sg","65","Singapur","sg","sgp","as","sgd","葛","SG"
"sh","290","Jamestown","sh","shn","af","shp","葛","SH"
"si","386","Ljubljana","si","svn","eu","eur","葛","SI"
"sj","47","Longyearbyen","sj","sjm","eu","nok","葛","SJ"
"sk","421","Bratislava","sk","svk","eu","eur","葛","SK"
"sl","232","Freetown","sl","sle","af","sll","葛","SL"
"sm","378","San Marino","sm","smr","eu","eur","葛","SM"
"sn","221","Dakar","sn","sen","af","xof","葛","SN"
"so","252","Mogadishu","so","som","af","sos","葛","SO"
"sr","597","Paramaribo","sr","sur","sa","srd","葛","SR"
"ss","211","Juba","ss","ssd","af","ssp","葛","SS"
"st","239","Sao Tome","st","stp","af","std","葛","ST"
"sv","503","San Salvador","sv","slv","na","usd","葛","SV"
"sx","599","Philipsburg","sx","sxm","na","ang","葛","SX"
"sy","963","Damascus","sy","syr","as","syp","葛","SY"
"sz","268","Mbabane","sz","swz","af","szl","葛","SZ"
"tc","1649","Cockburn Town","tc","tca","na","usd","桂","TC"
"td","235","N'Djamena","td","tcd","af","xaf","桂","TD"
"tf","","Port-aux-Francais","tf","atf","an","eur","桂","TF"
"tg","228","Lome","tg","tgo","af","xof","桂","TG"
"th","66","Bangkok","th","tha","as","thb","桂","TH"
"tj","992","Dushanbe","tj","tjk","as","tjs","桂","TJ"
"tk","690","","tk","tkl","oc","nzd","桂","TK"
"tl","670","Dili","tl","tls","oc","usd","桂","TL"
"tm","993","Ashgabat","tm","tkm","as","tmt","桂","TM"
"tn","216","Tunis","tn","tun","af","tnd","桂","TN"
"to","676","Nuku'alofa","to","ton","oc","top","桂","TO"
"tr","90","Ankara","tr","tur","as","try","桂","TR"
"tt","1868","Port of Spain","tt","tto","na","ttd","桂","TT"
"tv","688","Funafuti","tv","tuv","oc","aud","桂","TV"
"tw","886","Taipei","tw","twn","as","twd","桂","TW"
"tz","255","Dodoma","tz","tza","af","tzs","桂","TZ"
"ua","380","Kiev","ua","ukr","eu","uah","吼","UA"
"ug","256","Kampala","ug","uga","af","ugx","吼","UG"
"um","246","","um","umi","oc","usd","吼","UM"
"us","1","Washington","us","usa","na","usd","吼","M铆lahaska Tam谩kohe"
"uy","598","Montevideo","uy","ury","sa","uyu","吼","UY"
"uz","998","Tashkent","uz","uzb","as","uzs","吼","UZ"
"va","379","Vatican City","va","vat","eu","eur","火","VA"
"vc","1784","Kingstown","vc","vct","na","xcd","火","VC"
"ve","58","Caracas","ve","ven","sa","vef","火","VE"
"vg","1284","Road Town","vg","vgb","na","usd","火","VG"
"vi","1340","Charlotte Amalie","vi","vir","na","usd","火","VI"
"vn","84","Hanoi","vn","vnm","as","vnd","火","VN"
"vu","678","Port Vila","vu","vut","oc","vuv","火","VU"
"wf","681","Mata Utu","wf","wlf","oc","xpf","拣","WF"
"ws","685","Apia","ws","wsm","oc","wst","拣","WS"
"xk","383","Pristina","xk","xkx","eu","eur","金","XK"
"ye","967","Sanaa","ye","yem","as","yer","攫","YE"
"yt","262","Mamoudzou","yt","myt","af","eur","攫","YT"
"za","27","Pretoria","za","zaf","af","zar","筐","ZA"
"zm","260","Lusaka","zm","zmb","af","zmk","筐","ZM"
"zw","263","Harare","zw","zwe","af","zwl","筐","ZW"
