"id","calling_code","capital_city","code_2","code_3","continent_id","currency_id","flag","name"
"ad","376","Andorra la Vella","ad","and","eu","eur","","Andorra"
"ae","971","Abu Dhabi","ae","are","as","aed","","Emir Arabo mitambatra"
"af","93","Kabul","af","afg","as","afn","","Afghanistan"
"ag","1268","St. John's","ag","atg","na","xcd","","Antiga sy Barboda"
"ai","1264","The Valley","ai","aia","na","xcd","","Anguilla"
"al","355","Tirana","al","alb","eu","all","","Albania"
"am","374","Yerevan","am","arm","as","amd","","Armenia"
"ao","244","Luanda","ao","ago","af","aoa","","Angola"
"aq","672","","aq","ata","an","","","AQ"
"ar","54","Buenos Aires","ar","arg","sa","ars","","Arzantina"
"as","1684","Pago Pago","as","asm","oc","usd","","Samoa amerikanina"
"at","43","Vienna","at","aut","eu","eur","","Aotrisy"
"au","61","Canberra","au","aus","oc","aud","","Aostralia"
"aw","297","Oranjestad","aw","abw","na","awg","","Arob"
"ax","358","Mariehamn","ax","ala","eu","eur","","AX"
"az","994","Baku","az","aze","as","azn","","Azerbaidjan"
"ba","387","Sarajevo","ba","bih","eu","bam","ю","Bosnia sy Herzegovina"
"bb","1246","Bridgetown","bb","brb","na","bbd","ю","Barbady"
"bd","880","Dhaka","bd","bgd","as","bdt","ю","Bangladesy"
"be","32","Brussels","be","bel","eu","eur","ю","Belzika"
"bf","226","Ouagadougou","bf","bfa","af","xof","ю","Borkina Faso"
"bg","359","Sofia","bg","bgr","eu","bgn","ю","Biolgaria"
"bh","973","Manama","bh","bhr","as","bhd","ю","Bahrain"
"bi","257","Bujumbura","bi","bdi","af","bif","ю","Borondi"
"bj","229","Porto-Novo","bj","ben","af","xof","ю","Benin"
"bl","590","Gustavia","bl","blm","na","eur","ю","BL"
"bm","1441","Hamilton","bm","bmu","na","bmd","ю","Bermioda"
"bn","673","Bandar Seri Begawan","bn","brn","as","bnd","ю","Brunei"
"bo","591","Sucre","bo","bol","sa","bob","ю","Bolivia"
"bq","599","","bq","bes","na","usd","ю","BQ"
"br","55","Brasilia","br","bra","sa","brl","ю","Brezila"
"bs","1242","Nassau","bs","bhs","na","bsd","ю","Bahamas"
"bt","975","Thimphu","bt","btn","as","btn","ю","Bhotana"
"bv","55","","bv","bvt","an","nok","ю","BV"
"bw","267","Gaborone","bw","bwa","af","bwp","ю","Botsoana"
"by","375","Minsk","by","blr","eu","byr","ю","Belarosy"
"bz","501","Belmopan","bz","blz","na","bzd","ю","Belize"
"ca","1","Ottawa","ca","can","na","cad","","Kanada"
"cc","61","West Island","cc","cck","as","aud","","CC"
"cd","243","Kinshasa","cd","cod","af","cdf","","Repoblikani Kongo"
"cf","236","Bangui","cf","caf","af","xaf","","Repoblika IvonAfrika"
"cg","242","Brazzaville","cg","cog","af","xaf","","K么ng么"
"ch","41","Berne","ch","che","eu","chf","","Soisa"
"ci","225","Yamoussoukro","ci","civ","af","xof","","C么te dIvoire"
"ck","682","Avarua","ck","cok","oc","nzd","","Nosy Kook"
"cl","56","Santiago","cl","chl","sa","clp","","Shili"
"cm","237","Yaounde","cm","cmr","af","xaf","","Kamerona"
"cn","86","Beijing","cn","chn","as","cny","","Sina"
"co","57","Bogota","co","col","sa","cop","","K么l么mbia"
"cr","506","San Jose","cr","cri","na","crc","","Kosta Rik"
"cu","53","Havana","cu","cub","na","cup","","Kiob"
"cv","238","Praia","cv","cpv","af","cve","","Nosy Cap-Vert"
"cw","599"," Willemstad","cw","cuw","na","ang","","CW"
"cx","61","Flying Fish Cove","cx","cxr","as","aud","","CX"
"cy","357","Nicosia","cy","cyp","eu","eur","","Sypra"
"cz","420","Prague","cz","cze","eu","czk","","Repoblikani Tseky"
"de","49","Berlin","de","deu","eu","eur","","Alemaina"
"dj","253","Djibouti","dj","dji","af","djf","","Djiboti"
"dk","45","Copenhagen","dk","dnk","eu","dkk","","Danmarka"
"dm","1767","Roseau","dm","dma","na","xcd","","Dominika"
"do","1809","Santo Domingo","do","dom","na","dop","","Repoblika Dominikanina"
"dz","213","Algiers","dz","dza","af","dzd","","Alzeria"
"ec","593","Quito","ec","ecu","sa","usd","","Ekoatera"
"ee","372","Tallinn","ee","est","eu","eur","","Estonia"
"eg","20","Cairo","eg","egy","af","egp","","Ejypta"
"eh","212","El-Aaiun","eh","esh","af","mad","","EH"
"er","291","Asmara","er","eri","af","ern","","Eritrea"
"es","34","Madrid","es","esp","eu","eur","","Espaina"
"et","251","Addis Ababa","et","eth","af","etb","","Ethiopia"
"fi","358","Helsinki","fi","fin","eu","eur","","Finlandy"
"fj","679","Suva","fj","fji","oc","fjd","","Fidji"
"fk","500","Stanley","fk","flk","sa","fkp","","Nosy Falkand"
"fm","691","Palikir","fm","fsm","oc","usd","","Mikr么nezia"
"fo","298","Torshavn","fo","fro","eu","dkk","","FO"
"fr","33","Paris","fr","fra","eu","eur","","Frantsa"
"ga","241","Libreville","ga","gab","af","xaf","","Gabon"
"gb","44","London","gb","gbr","eu","gbp","","Angletera"
"gd","1473","St. George's","gd","grd","na","xcd","","Grenady"
"ge","995","Tbilisi","ge","geo","as","gel","","Zeorzia"
"gf","594","Cayenne","gf","guf","sa","eur","","Guyana frantsay"
"gg","44","St Peter Port","gg","ggy","eu","gbp","","GG"
"gh","233","Accra","gh","gha","af","ghs","","Ghana"
"gi","350","Gibraltar","gi","gib","eu","gip","","Zibraltara"
"gl","299","Nuuk","gl","grl","na","dkk","","Groenland"
"gm","220","Banjul","gm","gmb","af","gmd","","Gambia"
"gn","224","Conakry","gn","gin","af","gnf","","Ginea"
"gp","590","Basse-Terre","gp","glp","na","eur","","Goadelopy"
"gq","240","Malabo","gq","gnq","af","xaf","","Guinea Ekoatera"
"gr","30","Athens","gr","grc","eu","eur","","Gresy"
"gs","500","Grytviken","gs","sgs","an","gbp","","GS"
"gt","502","Guatemala City","gt","gtm","na","gtq","","Goatemal"
"gu","1671","Hagatna","gu","gum","oc","usd","","Guam"
"gw","245","Bissau","gw","gnb","af","xof","","Gin茅-Bisao"
"gy","592","Georgetown","gy","guy","sa","gyd","","Guyana"
"hk","852","Hong Kong","hk","hkg","as","hkd","","HK"
"hn","504","Tegucigalpa","hn","hnd","na","hnl","","Hondiorasy"
"hr","385","Zagreb","hr","hrv","eu","hrk","","Kroasia"
"ht","509","Port-au-Prince","ht","hti","na","htg","","Haiti"
"hu","36","Budapest","hu","hun","eu","huf","","Hongria"
"id","62","Jakarta","id","idn","as","idr","","Indonezia"
"ie","353","Dublin","ie","irl","eu","eur","","Irlandy"
"il","972","Jerusalem","il","isr","as","ils","","Israely"
"im","44","Douglas, Isle of Man","im","imn","eu","gbp","","IM"
"in","91","New Delhi","in","ind","as","inr","","Indy"
"io","246","Diego Garcia","io","iot","as","usd","","Faridranomasina indiana britanika"
"iq","964","Baghdad","iq","irq","as","iqd","","Irak"
"ir","98","Tehran","ir","irn","as","irr","","Iran"
"is","354","Reykjavik","is","isl","eu","isk","","Islandy"
"it","39","Rome","it","ita","eu","eur","","Italia"
"je","44","Saint Helier","je","jey","eu","gbp","","JE"
"jm","1876","Kingston","jm","jam","na","jmd","","Jama茂ka"
"jo","962","Amman","jo","jor","as","jod","","Jordania"
"jp","81","Tokyo","jp","jpn","as","jpy","","Japana"
"ke","254","Nairobi","ke","ken","af","kes","梆","Kenya"
"kg","996","Bishkek","kg","kgz","as","kgs","梆","Kiordistan"
"kh","855","Phnom Penh","kh","khm","as","khr","梆","Kamb么dja"
"ki","686","Tarawa","ki","kir","oc","aud","梆","Kiribati"
"km","269","Moroni","km","com","af","kmf","梆","K么maoro"
"kn","1869","Basseterre","kn","kna","na","xcd","梆","Saint-Christophe-et-Ni茅v猫s"
"kp","850","Pyongyang","kp","prk","as","kpw","梆","Korea Avaratra"
"kr","82","Seoul","kr","kor","as","krw","梆","Korea Atsimo"
"kw","965","Kuwait City","kw","kwt","as","kwd","梆","K么eity"
"ky","1345","George Town","ky","cym","na","kyd","梆","Nosy Kayman"
"kz","7","Astana","kz","kaz","as","kzt","梆","Kazakhstan"
"la","856","Vientiane","la","lao","as","lak","别","La么s"
"lb","961","Beirut","lb","lbn","as","lbp","别","Libana"
"lc","1758","Castries","lc","lca","na","xcd","别","Sainte-Lucie"
"li","423","Vaduz","li","lie","eu","chf","别","Listenstein"
"lk","94","Colombo","lk","lka","as","lkr","别","Sri Lanka"
"lr","231","Monrovia","lr","lbr","af","lrd","别","Liberia"
"ls","266","Maseru","ls","lso","af","lsl","别","Lesotho"
"lt","370","Vilnius","lt","ltu","eu","ltl","别","Litoania"
"lu","352","Luxembourg","lu","lux","eu","eur","别","Lioksamboro"
"lv","371","Riga","lv","lva","eu","eur","别","Letonia"
"ly","218","Tripolis","ly","lby","af","lyd","别","Libya"
"ma","212","Rabat","ma","mar","af","mad","拆","Mar么ka"
"mc","377","Monaco","mc","mco","eu","eur","拆","M么nak么"
"md","373","Chisinau","md","mda","eu","mdl","拆","M么ldavia"
"me","382","Podgorica","me","mne","eu","eur","拆","ME"
"mf","590","Marigot","mf","maf","na","eur","拆","MF"
"mg","261","Antananarivo","mg","mdg","af","mga","拆","Madagasikara"
"mh","692","Majuro","mh","mhl","oc","usd","拆","Nosy Marshall"
"mk","389","Skopje","mk","mkd","eu","mkd","拆","MK"
"ml","223","Bamako","ml","mli","af","xof","拆","Mali"
"mm","95","Nay Pyi Taw","mm","mmr","as","mmk","拆","Myanmar"
"mn","976","Ulan Bator","mn","mng","as","mnt","拆","M么ng么lia"
"mo","853","Macao","mo","mac","as","mop","拆","MO"
"mp","1670","Saipan","mp","mnp","oc","usd","拆","Nosy Mariana Atsinanana"
"mq","596","Fort-de-France","mq","mtq","na","eur","拆","Martinika"
"mr","222","Nouakchott","mr","mrt","af","mro","拆","Maoritania"
"ms","1664","Plymouth","ms","msr","na","xcd","拆","Montserrat"
"mt","356","Valletta","mt","mlt","eu","eur","拆","Malta"
"mu","230","Port Louis","mu","mus","af","mur","拆","Maorisy"
"mv","960","Male","mv","mdv","as","mvr","拆","Maldiva"
"mw","265","Lilongwe","mw","mwi","af","mwk","拆","Malao矛"
"mx","52","Mexico City","mx","mex","na","mxn","拆","Meksika"
"my","60","Kuala Lumpur","my","mys","as","myr","拆","Malaizia"
"mz","258","Maputo","mz","moz","af","mzn","拆","Mozambika"
"na","264","Windhoek","na","nam","af","nad","仇","Namibia"
"nc","687","Noumea","nc","ncl","oc","xpf","仇","Nouvelle-Cal茅donie"
"ne","227","Niamey","ne","ner","af","xof","仇","Niger"
"nf","672","Kingston","nf","nfk","oc","aud","仇","Nosy Norfolk"
"ng","234","Abuja","ng","nga","af","ngn","仇","Nizeria"
"ni","505","Managua","ni","nic","na","nio","仇","Nikarago"
"nl","31","Amsterdam","nl","nld","eu","eur","仇","Holanda"
"no","47","Oslo","no","nor","eu","nok","仇","N么rvezy"
"np","977","Kathmandu","np","npl","as","npr","仇","Nepala"
"nr","674","Yaren","nr","nru","oc","aud","仇","Naor貌"
"nu","683","Alofi","nu","niu","oc","nzd","仇","Nio茅"
"nz","64","Wellington","nz","nzl","oc","nzd","仇","Nouvelle-Z茅lande"
"om","968","Muscat","om","omn","as","omr","答","Oman"
"pa","507","Panama City","pa","pan","na","pab","叼","Panama"
"pe","51","Lima","pe","per","sa","pen","叼","Peroa"
"pf","689","Papeete","pf","pyf","oc","xpf","叼","Polynezia frantsay"
"pg","675","Port Moresby","pg","png","oc","pgk","叼","Papouasie-Nouvelle-Guin茅e"
"ph","63","Manila","ph","phl","as","php","叼","Filipina"
"pk","92","Islamabad","pk","pak","as","pkr","叼","Pakistan"
"pl","48","Warsaw","pl","pol","eu","pln","叼","P么l么na"
"pm","508","Saint-Pierre","pm","spm","na","eur","叼","Saint-Pierre-et-Miquelon"
"pn","870","Adamstown","pn","pcn","oc","nzd","叼","Pitkairn"
"pr","1787","San Juan","pr","pri","na","usd","叼","P么rt么 Rik么"
"ps","970","East Jerusalem","ps","pse","as","ils","叼","Palestina"
"pt","351","Lisbon","pt","prt","eu","eur","叼","P么rtiogala"
"pw","680","Melekeok","pw","plw","oc","usd","叼","Palao"
"py","595","Asuncion","py","pry","sa","pyg","叼","Paragoay"
"qa","974","Doha","qa","qat","as","qar","娥","Katar"
"re","262","Saint-Denis","re","reu","af","eur","佛","Larenion"
"ro","40","Bucharest","ro","rou","eu","ron","佛","Romania"
"rs","381","Belgrade","rs","srb","eu","rsd","佛","RS"
"ru","7","Moscow","ru","rus","eu","rub","佛","Rosia"
"rw","250","Kigali","rw","rwa","af","rwf","佛","Roanda"
"sa","966","Riyadh","sa","sau","as","sar","葛","Arabia saodita"
"sb","677","Honiara","sb","slb","oc","sbd","葛","Nosy Salomona"
"sc","248","Victoria","sc","syc","af","scr","葛","Seyshela"
"sd","249","Khartoum","sd","sdn","af","sdg","葛","Sodan"
"se","46","Stockholm","se","swe","eu","sek","葛","Soedy"
"sg","65","Singapur","sg","sgp","as","sgd","葛","Singaporo"
"sh","290","Jamestown","sh","shn","af","shp","葛","Sainte-H茅l猫ne"
"si","386","Ljubljana","si","svn","eu","eur","葛","Slovenia"
"sj","47","Longyearbyen","sj","sjm","eu","nok","葛","SJ"
"sk","421","Bratislava","sk","svk","eu","eur","葛","Slovakia"
"sl","232","Freetown","sl","sle","af","sll","葛","Sierra Leone"
"sm","378","San Marino","sm","smr","eu","eur","葛","Saint-Marin"
"sn","221","Dakar","sn","sen","af","xof","葛","Senegal"
"so","252","Mogadishu","so","som","af","sos","葛","Somalia"
"sr","597","Paramaribo","sr","sur","sa","srd","葛","Sorinam"
"ss","211","Juba","ss","ssd","af","ssp","葛","SS"
"st","239","Sao Tome","st","stp","af","std","葛","S茫o Tom茅-et-Pr铆ncipe"
"sv","503","San Salvador","sv","slv","na","usd","葛","El Salvador"
"sx","599","Philipsburg","sx","sxm","na","ang","葛","SX"
"sy","963","Damascus","sy","syr","as","syp","葛","Syria"
"sz","268","Mbabane","sz","swz","af","szl","葛","Soazilandy"
"tc","1649","Cockburn Town","tc","tca","na","usd","桂","Nosy Turks sy Ca茂ques"
"td","235","N'Djamena","td","tcd","af","xaf","桂","Tsady"
"tf","","Port-aux-Francais","tf","atf","an","eur","桂","TF"
"tg","228","Lome","tg","tgo","af","xof","桂","Togo"
"th","66","Bangkok","th","tha","as","thb","桂","Thailandy"
"tj","992","Dushanbe","tj","tjk","as","tjs","桂","Tajikistan"
"tk","690","","tk","tkl","oc","nzd","桂","Tokelao"
"tl","670","Dili","tl","tls","oc","usd","桂","Timor Atsinanana"
"tm","993","Ashgabat","tm","tkm","as","tmt","桂","Torkmenistan"
"tn","216","Tunis","tn","tun","af","tnd","桂","Tonizia"
"to","676","Nuku'alofa","to","ton","oc","top","桂","Tong"
"tr","90","Ankara","tr","tur","as","try","桂","Torkia"
"tt","1868","Port of Spain","tt","tto","na","ttd","桂","Trinidad sy Tobag么"
"tv","688","Funafuti","tv","tuv","oc","aud","桂","Toval貌"
"tw","886","Taipei","tw","twn","as","twd","桂","Taioana"
"tz","255","Dodoma","tz","tza","af","tzs","桂","Tanzania"
"ua","380","Kiev","ua","ukr","eu","uah","吼","Okraina"
"ug","256","Kampala","ug","uga","af","ugx","吼","Oganda"
"um","246","","um","umi","oc","usd","吼","UM"
"us","1","Washington","us","usa","na","usd","吼","Etazonia"
"uy","598","Montevideo","uy","ury","sa","uyu","吼","Orogoay"
"uz","998","Tashkent","uz","uzb","as","uzs","吼","Ozbekistan"
"va","379","Vatican City","va","vat","eu","eur","火","Fireneni Vatikana"
"vc","1784","Kingstown","vc","vct","na","xcd","火","Saint-Vincent-et-les Grenadines"
"ve","58","Caracas","ve","ven","sa","vef","火","Venezoel"
"vg","1284","Road Town","vg","vgb","na","usd","火","Nosy britanika virijiny"
"vi","1340","Charlotte Amalie","vi","vir","na","usd","火","Nosy Virijiny Etazonia"
"vn","84","Hanoi","vn","vnm","as","vnd","火","Vietnam"
"vu","678","Port Vila","vu","vut","oc","vuv","火","Vanoat貌"
"wf","681","Mata Utu","wf","wlf","oc","xpf","拣","Wallis sy Futuna"
"ws","685","Apia","ws","wsm","oc","wst","拣","Samoa"
"xk","383","Pristina","xk","xkx","eu","eur","金","XK"
"ye","967","Sanaa","ye","yem","as","yer","攫","Yemen"
"yt","262","Mamoudzou","yt","myt","af","eur","攫","May么ty"
"za","27","Pretoria","za","zaf","af","zar","筐","Afrika Atsimo"
"zm","260","Lusaka","zm","zmb","af","zmk","筐","Zambia"
"zw","263","Harare","zw","zwe","af","zwl","筐","Zimbaboe"
