"id","calling_code","capital_city","code_2","code_3","continent_id","currency_id","flag","name"
"ad","376","Andorra la Vella","ad","and","eu","eur","游뷣릖","And톖패ra"
"ae","971","Abu Dhabi","ae","are","as","aed","游뷣릖","Minlamb톖패 Nsa콂패nsa m칤 Arabia"
"af","93","Kabul","af","afg","as","afn","游뷣릖","Afganista콂"
"ag","1268","St. John's","ag","atg","na","xcd","游뷣릖","Ant칤ga b치 Barb칰da"
"ai","1264","The Valley","ai","aia","na","xcd","游뷣릖","Angu칤lla"
"al","355","Tirana","al","alb","eu","all","游뷣릖","Albania"
"am","374","Yerevan","am","arm","as","amd","游뷣릖","Arm칠nia"
"ao","244","Luanda","ao","ago","af","aoa","游뷣릖","Angola"
"aq","672","","aq","ata","an","","游뷣릖","AQ"
"ar","54","Buenos Aires","ar","arg","sa","ars","游뷣릖","Argent칤na"
"as","1684","Pago Pago","as","asm","oc","usd","游뷣릖","Samoa m 패Am톝패rka"
"at","43","Vienna","at","aut","eu","eur","游뷣릖","칐trish"
"au","61","Canberra","au","aus","oc","aud","游뷣릖","칐strali치"
"aw","297","Oranjestad","aw","abw","na","awg","游뷣릖","츼r칰ba"
"ax","358","Mariehamn","ax","ala","eu","eur","游뷣릖","AX"
"az","994","Baku","az","aze","as","azn","游뷣릖","Azerba칦ja콂"
"ba","387","Sarajevo","ba","bih","eu","bam","游游","Bosnia na 쿯rzegovina"
"bb","1246","Bridgetown","bb","brb","na","bbd","游游","Barbado"
"bd","880","Dhaka","bd","bgd","as","bdt","游游","B톝콂glad톝sh"
"be","32","Brussels","be","bel","eu","eur","游游","B톝lgik"
"bf","226","Ouagadougou","bf","bfa","af","xof","游游","Burkina Faso"
"bg","359","Sofia","bg","bgr","eu","bgn","游游","Bulgaria"
"bh","973","Manama","bh","bhr","as","bhd","游游","Bahrain"
"bi","257","Bujumbura","bi","bdi","af","bif","游游","Burundi"
"bj","229","Porto-Novo","bj","ben","af","xof","游游","Benin"
"bl","590","Gustavia","bl","blm","na","eur","游游","BL"
"bm","1441","Hamilton","bm","bmu","na","bmd","游游","B톝rmuda"
"bn","673","Bandar Seri Begawan","bn","brn","as","bnd","游游","Brun톝i"
"bo","591","Sucre","bo","bol","sa","bob","游游","Bolivia"
"bq","599","","bq","bes","na","usd","游游","BQ"
"br","55","Brasilia","br","bra","sa","brl","游游","Br칠sil"
"bs","1242","Nassau","bs","bhs","na","bsd","游游","Bahamas"
"bt","975","Thimphu","bt","btn","as","btn","游游","Buta콂"
"bv","55","","bv","bvt","an","nok","游游","BV"
"bw","267","Gaborone","bw","bwa","af","bwp","游游","Botswana"
"by","375","Minsk","by","blr","eu","byr","游游","Belarus"
"bz","501","Belmopan","bz","blz","na","bzd","游游","B톝liz"
"ca","1","Ottawa","ca","can","na","cad","游뻟릖","Kanada"
"cc","61","West Island","cc","cck","as","aud","游뻟릖","CC"
"cd","243","Kinshasa","cd","cod","af","cdf","游뻟릖","Kong칩 Za칦re"
"cf","236","Bangui","cf","caf","af","xaf","游뻟릖","Sentrafr칤ka"
"cg","242","Brazzaville","cg","cog","af","xaf","游뻟릖","Kongo"
"ch","41","Berne","ch","che","eu","chf","游뻟릖","Switz톝rland"
"ci","225","Yamoussoukro","ci","civ","af","xof","游뻟릖","Kote d췂Ivoire"
"ck","682","Avarua","ck","cok","oc","nzd","游뻟릖","Ma콂패 m치 Kook"
"cl","56","Santiago","cl","chl","sa","clp","游뻟릖","Tshili"
"cm","237","Yaounde","cm","cmr","af","xaf","游뻟릖","Kamerun"
"cn","86","Beijing","cn","chn","as","cny","游뻟릖","Shine"
"co","57","Bogota","co","col","sa","cop","游뻟릖","K톖l톖패mbia"
"cr","506","San Jose","cr","cri","na","crc","游뻟릖","Kosta R칤ka"
"cu","53","Havana","cu","cub","na","cup","游뻟릖","Kuba"
"cv","238","Praia","cv","cpv","af","cve","游뻟릖","Ma콂패 m치 Kapv톝r"
"cw","599"," Willemstad","cw","cuw","na","ang","游뻟릖","CW"
"cx","61","Flying Fish Cove","cx","cxr","as","aud","游뻟릖","CX"
"cy","357","Nicosia","cy","cyp","eu","eur","游뻟릖","Sipria"
"cz","420","Prague","cz","cze","eu","czk","游뻟릖","Nlamb톖패 b칩 tsch톝k"
"de","49","Berlin","de","deu","eu","eur","游뾇릖","Jaman"
"dj","253","Djibouti","dj","dji","af","djf","游뾇릖","Jib칰ti"
"dk","45","Copenhagen","dk","dnk","eu","dkk","游뾇릖","Danemark"
"dm","1767","Roseau","dm","dma","na","xcd","游뾇릖","Domin칤ka"
"do","1809","Santo Domingo","do","dom","na","dop","游뾇릖","Nlamb톖패 Domin칤ka"
"dz","213","Algiers","dz","dza","af","dzd","游뾇릖","Algeria"
"ec","593","Quito","ec","ecu","sa","usd","游쀯릖","Ekuateur"
"ee","372","Tallinn","ee","est","eu","eur","游쀯릖","쿯stonia"
"eg","20","Cairo","eg","egy","af","egp","游쀯릖","츿gypt톝n"
"eh","212","El-Aaiun","eh","esh","af","mad","游쀯릖","EH"
"er","291","Asmara","er","eri","af","ern","游쀯릖","Erytrea"
"es","34","Madrid","es","esp","eu","eur","游쀯릖","Pa콂치"
"et","251","Addis Ababa","et","eth","af","etb","游쀯릖","Ethiopi치"
"fi","358","Helsinki","fi","fin","eu","eur","游游","Finlande"
"fj","679","Suva","fj","fji","oc","fjd","游游","Fiji치"
"fk","500","Stanley","fk","flk","sa","fkp","游游","Ma콂 m치 Falkland"
"fm","691","Palikir","fm","fsm","oc","usd","游游","Mikronesia"
"fo","298","Torshavn","fo","fro","eu","dkk","游游","FO"
"fr","33","Paris","fr","fra","eu","eur","游游","Fala"
"ga","241","Libreville","ga","gab","af","xaf","游섫릖","Gab톖콂"
"gb","44","London","gb","gbr","eu","gbp","游섫릖","Nlamb톖패 Ng톝l톝n"
"gd","1473","St. George's","gd","grd","na","xcd","游섫릖","Grenada"
"ge","995","Tbilisi","ge","geo","as","gel","游섫릖","J톖rgia"
"gf","594","Cayenne","gf","guf","sa","eur","游섫릖","Guyane Fala"
"gg","44","St Peter Port","gg","ggy","eu","gbp","游섫릖","GG"
"gh","233","Accra","gh","gha","af","ghs","游섫릖","G치na"
"gi","350","Gibraltar","gi","gib","eu","gip","游섫릖","Gilbratar"
"gl","299","Nuuk","gl","grl","na","dkk","游섫릖","Greenland"
"gm","220","Banjul","gm","gmb","af","gmd","游섫릖","Gambia"
"gn","224","Conakry","gn","gin","af","gnf","游섫릖","Guine"
"gp","590","Basse-Terre","gp","glp","na","eur","游섫릖","Guadeloup"
"gq","240","Malabo","gq","gnq","af","xaf","游섫릖","Guine Ekuatorial"
"gr","30","Athens","gr","grc","eu","eur","游섫릖","Gr톝ce"
"gs","500","Grytviken","gs","sgs","an","gbp","游섫릖","GS"
"gt","502","Guatemala City","gt","gtm","na","gtq","游섫릖","Guatemala"
"gu","1671","Hagatna","gu","gum","oc","usd","游섫릖","Guam"
"gw","245","Bissau","gw","gnb","af","xof","游섫릖","Guine Bisso"
"gy","592","Georgetown","gy","guy","sa","gyd","游섫릖","Guyana"
"hk","852","Hong Kong","hk","hkg","as","hkd","游쇓릖","HK"
"hn","504","Tegucigalpa","hn","hnd","na","hnl","游쇓릖","쿥nd칰ras"
"hr","385","Zagreb","hr","hrv","eu","hrk","游쇓릖","Kroasia"
"ht","509","Port-au-Prince","ht","hti","na","htg","游쇓릖","Ha칦ti"
"hu","36","Budapest","hu","hun","eu","huf","游쇓릖","쿥ngr칤a"
"id","62","Jakarta","id","idn","as","idr","游쉻릖","Indonesia"
"ie","353","Dublin","ie","irl","eu","eur","游쉻릖","Irland"
"il","972","Jerusalem","il","isr","as","ils","游쉻릖","츿sr톝l"
"im","44","Douglas, Isle of Man","im","imn","eu","gbp","游쉻릖","IM"
"in","91","New Delhi","in","ind","as","inr","游쉻릖","India"
"io","246","Diego Garcia","io","iot","as","usd","游쉻릖","Nlamb톖패 ng톝l톝n ma y칤 ma콂 ntsi톝h"
"iq","964","Baghdad","iq","irq","as","iqd","游쉻릖","Irak"
"ir","98","Tehran","ir","irn","as","irr","游쉻릖","Iran"
"is","354","Reykjavik","is","isl","eu","isk","游쉻릖","Island"
"it","39","Rome","it","ita","eu","eur","游쉻릖","Italia"
"je","44","Saint Helier","je","jey","eu","gbp","游游","JE"
"jm","1876","Kingston","jm","jam","na","jmd","游游","Jamaika"
"jo","962","Amman","jo","jor","as","jod","游游","J톖rdania"
"jp","81","Tokyo","jp","jpn","as","jpy","游游","Jap톖n"
"ke","254","Nairobi","ke","ken","af","kes","游썷릖","K톝nya"
"kg","996","Bishkek","kg","kgz","as","kgs","游썷릖","Kyrgysta콂"
"kh","855","Phnom Penh","kh","khm","as","khr","游썷릖","Kambodia"
"ki","686","Tarawa","ki","kir","oc","aud","游썷릖","Kiribati"
"km","269","Moroni","km","com","af","kmf","游썷릖","K톖m톖r"
"kn","1869","Basseterre","kn","kna","na","xcd","游썷릖","Saint Kitts na Nevis"
"kp","850","Pyongyang","kp","prk","as","kpw","游썷릖","Kor칠 y칤 bvu톖"
"kr","82","Seoul","kr","kor","as","krw","游썷릖","Kor칠 y칤 s칤"
"kw","965","Kuwait City","kw","kwt","as","kwd","游썷릖","Kow톝it"
"ky","1345","George Town","ky","cym","na","kyd","游썷릖","Ma콂패 m치 kumbi"
"kz","7","Astana","kz","kaz","as","kzt","游썷릖","Kazaksta콂"
"la","856","Vientiane","la","lao","as","lak","游쐟릖","Laos"
"lb","961","Beirut","lb","lbn","as","lbp","游쐟릖","Liba콂"
"lc","1758","Castries","lc","lca","na","xcd","游쐟릖","Saint Lucia"
"li","423","Vaduz","li","lie","eu","chf","游쐟릖","Lishenstein"
"lk","94","Colombo","lk","lka","as","lkr","游쐟릖","Sri Lanka"
"lr","231","Monrovia","lr","lbr","af","lrd","游쐟릖","Liberia"
"ls","266","Maseru","ls","lso","af","lsl","游쐟릖","Lesoto"
"lt","370","Vilnius","lt","ltu","eu","ltl","游쐟릖","Lituani치"
"lu","352","Luxembourg","lu","lux","eu","eur","游쐟릖","Luxembourg"
"lv","371","Riga","lv","lva","eu","eur","游쐟릖","Latvia"
"ly","218","Tripolis","ly","lby","af","lyd","游쐟릖","Libya"
"ma","212","Rabat","ma","mar","af","mad","游쓇릖","Mar톖k"
"mc","377","Monaco","mc","mco","eu","eur","游쓇릖","Monako"
"md","373","Chisinau","md","mda","eu","mdl","游쓇릖","M톖ldavia"
"me","382","Podgorica","me","mne","eu","eur","游쓇릖","ME"
"mf","590","Marigot","mf","maf","na","eur","游쓇릖","MF"
"mg","261","Antananarivo","mg","mdg","af","mga","游쓇릖","Madagaskar"
"mh","692","Majuro","mh","mhl","oc","usd","游쓇릖","Ma콂패 m치 Marshall"
"mk","389","Skopje","mk","mkd","eu","mkd","游쓇릖","MK"
"ml","223","Bamako","ml","mli","af","xof","游쓇릖","Mali"
"mm","95","Nay Pyi Taw","mm","mmr","as","mmk","游쓇릖","Myanmar"
"mn","976","Ulan Bator","mn","mng","as","mnt","游쓇릖","M톖ngolia"
"mo","853","Macao","mo","mac","as","mop","游쓇릖","MO"
"mp","1670","Saipan","mp","mnp","oc","usd","游쓇릖","Ma콂패 Mari치"
"mq","596","Fort-de-France","mq","mtq","na","eur","游쓇릖","Martinika"
"mr","222","Nouakchott","mr","mrt","af","mro","游쓇릖","Moritania"
"ms","1664","Plymouth","ms","msr","na","xcd","游쓇릖","M톖nserrat"
"mt","356","Valletta","mt","mlt","eu","eur","游쓇릖","Malta"
"mu","230","Port Louis","mu","mus","af","mur","游쓇릖","Morisse"
"mv","960","Male","mv","mdv","as","mvr","游쓇릖","Maldivia"
"mw","265","Lilongwe","mw","mwi","af","mwk","游쓇릖","Malawi"
"mx","52","Mexico City","mx","mex","na","mxn","游쓇릖","M톝xik"
"my","60","Kuala Lumpur","my","mys","as","myr","游쓇릖","Malaysia"
"mz","258","Maputo","mz","moz","af","mzn","游쓇릖","Mozambik"
"na","264","Windhoek","na","nam","af","nad","游游","Namibia"
"nc","687","Noumea","nc","ncl","oc","xpf","游游","Kaledoni nwanah"
"ne","227","Niamey","ne","ner","af","xof","游游","Niger"
"nf","672","Kingston","nf","nfk","oc","aud","游游","Ma콂패 m치 N톖rf톖rk"
"ng","234","Abuja","ng","nga","af","ngn","游游","Nigeria"
"ni","505","Managua","ni","nic","na","nio","游游","Nikaragua"
"nl","31","Amsterdam","nl","nld","eu","eur","游游","Ned톝rland"
"no","47","Oslo","no","nor","eu","nok","游游","N톖rv톝g"
"np","977","Kathmandu","np","npl","as","npr","游游","Nepal"
"nr","674","Yaren","nr","nru","oc","aud","游游","Noru"
"nu","683","Alofi","nu","niu","oc","nzd","游游","Niu톝"
"nz","64","Wellington","nz","nzl","oc","nzd","游游","Zeland nwanah"
"om","968","Muscat","om","omn","as","omr","游엃릖","Oman"
"pa","507","Panama City","pa","pan","na","pab","游왫릖","Panama"
"pe","51","Lima","pe","per","sa","pen","游왫릖","Peru"
"pf","689","Papeete","pf","pyf","oc","xpf","游왫릖","Polynesia Fala"
"pg","675","Port Moresby","pg","png","oc","pgk","游왫릖","Guine Papuasi"
"ph","63","Manila","ph","phl","as","php","游왫릖","Filipin"
"pk","92","Islamabad","pk","pak","as","pkr","游왫릖","Pakistan"
"pl","48","Warsaw","pl","pol","eu","pln","游왫릖","P톖l톖콂"
"pm","508","Saint-Pierre","pm","spm","na","eur","游왫릖","Saint Peter ba Mikel톖n"
"pn","870","Adamstown","pn","pcn","oc","nzd","游왫릖","Pitkairn"
"pr","1787","San Juan","pr","pri","na","usd","游왫릖","Pu톝rto Riko"
"ps","970","East Jerusalem","ps","pse","as","ils","游왫릖","Pal톝stin"
"pt","351","Lisbon","pt","prt","eu","eur","游왫릖","P톖rtugal"
"pw","680","Melekeok","pw","plw","oc","usd","游왫릖","Palo"
"py","595","Asuncion","py","pry","sa","pyg","游왫릖","Paraguay"
"qa","974","Doha","qa","qat","as","qar","游윓릖","Katar"
"re","262","Saint-Denis","re","reu","af","eur","游游","R칠uni톖n"
"ro","40","Bucharest","ro","rou","eu","ron","游游","Roumania"
"rs","381","Belgrade","rs","srb","eu","rsd","游游","RS"
"ru","7","Moscow","ru","rus","eu","rub","游游","Russi"
"rw","250","Kigali","rw","rwa","af","rwf","游游","Rwanda"
"sa","966","Riyadh","sa","sau","as","sar","游젏릖","Saudi Arabia"
"sb","677","Honiara","sb","slb","oc","sbd","游젏릖","Ma콂패 m치 Salom톖n"
"sc","248","Victoria","sc","syc","af","scr","游젏릖","Seych톝lle"
"sd","249","Khartoum","sd","sdn","af","sdg","游젏릖","Suda콂"
"se","46","Stockholm","se","swe","eu","sek","游젏릖","Su톝d"
"sg","65","Singapur","sg","sgp","as","sgd","游젏릖","Singapur"
"sh","290","Jamestown","sh","shn","af","shp","游젏릖","Saint Lina"
"si","386","Ljubljana","si","svn","eu","eur","游젏릖","Slovenia"
"sj","47","Longyearbyen","sj","sjm","eu","nok","游젏릖","SJ"
"sk","421","Bratislava","sk","svk","eu","eur","游젏릖","Slovakia"
"sl","232","Freetown","sl","sle","af","sll","游젏릖","Sierra Le톖n"
"sm","378","San Marino","sm","smr","eu","eur","游젏릖","San Marino"
"sn","221","Dakar","sn","sen","af","xof","游젏릖","Senegal"
"so","252","Mogadishu","so","som","af","sos","游젏릖","Som치lia"
"sr","597","Paramaribo","sr","sur","sa","srd","游젏릖","Surinam"
"ss","211","Juba","ss","ssd","af","ssp","游젏릖","SS"
"st","239","Sao Tome","st","stp","af","std","游젏릖","Sao Tom칠 ba Prinship"
"sv","503","San Salvador","sv","slv","na","usd","游젏릖","Salvad톖r"
"sx","599","Philipsburg","sx","sxm","na","ang","游젏릖","SX"
"sy","963","Damascus","sy","syr","as","syp","游젏릖","Syria"
"sz","268","Mbabane","sz","swz","af","szl","游젏릖","Swaziland"
"tc","1649","Cockburn Town","tc","tca","na","usd","游좷릖","Ma콂패 m치 Turk na Kaiko"
"td","235","N'Djamena","td","tcd","af","xaf","游좷릖","Tshad"
"tf","","Port-aux-Francais","tf","atf","an","eur","游좷릖","TF"
"tg","228","Lome","tg","tgo","af","xof","游좷릖","Togo"
"th","66","Bangkok","th","tha","as","thb","游좷릖","Ta칦land"
"tj","992","Dushanbe","tj","tjk","as","tjs","游좷릖","Tajikista콂"
"tk","690","","tk","tkl","oc","nzd","游좷릖","Tokelo"
"tl","670","Dili","tl","tls","oc","usd","游좷릖","Tim톖r tsindik캡h"
"tm","993","Ashgabat","tm","tkm","as","tmt","游좷릖","Turkm톝nista콂"
"tn","216","Tunis","tn","tun","af","tnd","游좷릖","Tunisi치"
"to","676","Nuku'alofa","to","ton","oc","top","游좷릖","T톖nga"
"tr","90","Ankara","tr","tur","as","try","游좷릖","Turki"
"tt","1868","Port of Spain","tt","tto","na","ttd","游좷릖","Trinidad ba Tob치g칩"
"tv","688","Funafuti","tv","tuv","oc","aud","游좷릖","Tuval칰"
"tw","886","Taipei","tw","twn","as","twd","游좷릖","Ta칦wan"
"tz","255","Dodoma","tz","tza","af","tzs","游좷릖","Tanz치n칤a"
"ua","380","Kiev","ua","ukr","eu","uah","游쥟릖","Ukr톝n"
"ug","256","Kampala","ug","uga","af","ugx","游쥟릖","Uganda"
"um","246","","um","umi","oc","usd","游쥟릖","UM"
"us","1","Washington","us","usa","na","usd","游쥟릖","Am톝콋ka"
"uy","598","Montevideo","uy","ury","sa","uyu","游쥟릖","Uruguay"
"uz","998","Tashkent","uz","uzb","as","uzs","游쥟릖","Usb킣kista콂"
"va","379","Vatican City","va","vat","eu","eur","游游","Vatika콂"
"vc","1784","Kingstown","vc","vct","na","xcd","游游","Saint Vincent ba Grenadines"
"ve","58","Caracas","ve","ven","sa","vef","游游","V킣n킣zuela"
"vg","1284","Road Town","vg","vgb","na","usd","游游","Minsil톝패 m칤ma콂 m칤 ng톝팫l톝팫n"
"vi","1340","Charlotte Amalie","vi","vir","na","usd","游游","Minsil톝 m칤 ma콂패 m췂Am톝rka"
"vn","84","Hanoi","vn","vnm","as","vnd","游游","Vi톝tnam"
"vu","678","Port Vila","vu","vut","oc","vuv","游游","Vanuatu"
"wf","681","Mata Utu","wf","wlf","oc","xpf","游쩛릖","Wallis ba Futuna"
"ws","685","Apia","ws","wsm","oc","wst","游쩛릖","Samoa"
"xk","383","Pristina","xk","xkx","eu","eur","游쬃릖","XK"
"ye","967","Sanaa","ye","yem","as","yer","游쮫릖","Y킣m톝n"
"yt","262","Mamoudzou","yt","myt","af","eur","游쮫릖","May톖t"
"za","27","Pretoria","za","zaf","af","zar","游游","Afr칤ka y칤 s칤"
"zm","260","Lusaka","zm","zmb","af","zmk","游游","Zambia"
"zw","263","Harare","zw","zwe","af","zwl","游游","Zimbabw킣"
