"id","calling_code","capital_city","code_2","code_3","continent_id","currency_id","flag","name"
"ad","376","Andorra la Vella","ad","and","eu","eur","","Andora"
"ae","971","Abu Dhabi","ae","are","as","aed","","Zjednoczone Emiraty Arabskie"
"af","93","Kabul","af","afg","as","afn","","Afganistan"
"ag","1268","St. John's","ag","atg","na","xcd","","Antigua i Barbuda"
"ai","1264","The Valley","ai","aia","na","xcd","","Anguilla"
"al","355","Tirana","al","alb","eu","all","","Albania"
"am","374","Yerevan","am","arm","as","amd","","Armenia"
"ao","244","Luanda","ao","ago","af","aoa","","Angola"
"aq","672","","aq","ata","an","","","Antarktyda"
"ar","54","Buenos Aires","ar","arg","sa","ars","","Argentyna"
"as","1684","Pago Pago","as","asm","oc","usd","","Samoa Amerykaskie"
"at","43","Vienna","at","aut","eu","eur","","Austria"
"au","61","Canberra","au","aus","oc","aud","","Australia"
"aw","297","Oranjestad","aw","abw","na","awg","","Aruba"
"ax","358","Mariehamn","ax","ala","eu","eur","","Wyspy Alandzkie"
"az","994","Baku","az","aze","as","azn","","Azerbejd偶an"
"ba","387","Sarajevo","ba","bih","eu","bam","ю","Bonia i Hercegowina"
"bb","1246","Bridgetown","bb","brb","na","bbd","ю","Barbados"
"bd","880","Dhaka","bd","bgd","as","bdt","ю","Bangladesz"
"be","32","Brussels","be","bel","eu","eur","ю","Belgia"
"bf","226","Ouagadougou","bf","bfa","af","xof","ю","Burkina Faso"
"bg","359","Sofia","bg","bgr","eu","bgn","ю","Bugaria"
"bh","973","Manama","bh","bhr","as","bhd","ю","Bahrajn"
"bi","257","Bujumbura","bi","bdi","af","bif","ю","Burundi"
"bj","229","Porto-Novo","bj","ben","af","xof","ю","Benin"
"bl","590","Gustavia","bl","blm","na","eur","ю","Saint-Barth茅lemy"
"bm","1441","Hamilton","bm","bmu","na","bmd","ю","Bermudy"
"bn","673","Bandar Seri Begawan","bn","brn","as","bnd","ю","Brunei"
"bo","591","Sucre","bo","bol","sa","bob","ю","Boliwia"
"bq","599","","bq","bes","na","usd","ю","Niderlandy Karaibskie"
"br","55","Brasilia","br","bra","sa","brl","ю","Brazylia"
"bs","1242","Nassau","bs","bhs","na","bsd","ю","Bahamy"
"bt","975","Thimphu","bt","btn","as","btn","ю","Bhutan"
"bv","55","","bv","bvt","an","nok","ю","Wyspa Bouveta"
"bw","267","Gaborone","bw","bwa","af","bwp","ю","Botswana"
"by","375","Minsk","by","blr","eu","byr","ю","Biaoru"
"bz","501","Belmopan","bz","blz","na","bzd","ю","Belize"
"ca","1","Ottawa","ca","can","na","cad","","Kanada"
"cc","61","West Island","cc","cck","as","aud","","Wyspy Kokosowe"
"cd","243","Kinshasa","cd","cod","af","cdf","","Demokratyczna Republika Konga"
"cf","236","Bangui","cf","caf","af","xaf","","Republika rodkowoafrykaska"
"cg","242","Brazzaville","cg","cog","af","xaf","","Kongo"
"ch","41","Berne","ch","che","eu","chf","","Szwajcaria"
"ci","225","Yamoussoukro","ci","civ","af","xof","","C么te dIvoire"
"ck","682","Avarua","ck","cok","oc","nzd","","Wyspy Cooka"
"cl","56","Santiago","cl","chl","sa","clp","","Chile"
"cm","237","Yaounde","cm","cmr","af","xaf","","Kamerun"
"cn","86","Beijing","cn","chn","as","cny","","Chiny"
"co","57","Bogota","co","col","sa","cop","","Kolumbia"
"cr","506","San Jose","cr","cri","na","crc","","Kostaryka"
"cu","53","Havana","cu","cub","na","cup","","Kuba"
"cv","238","Praia","cv","cpv","af","cve","","Republika Zielonego Przyldka"
"cw","599"," Willemstad","cw","cuw","na","ang","","Cura莽ao"
"cx","61","Flying Fish Cove","cx","cxr","as","aud","","Wyspa Bo偶ego Narodzenia"
"cy","357","Nicosia","cy","cyp","eu","eur","","Cypr"
"cz","420","Prague","cz","cze","eu","czk","","Czechy"
"de","49","Berlin","de","deu","eu","eur","","Niemcy"
"dj","253","Djibouti","dj","dji","af","djf","","D偶ibuti"
"dk","45","Copenhagen","dk","dnk","eu","dkk","","Dania"
"dm","1767","Roseau","dm","dma","na","xcd","","Dominika"
"do","1809","Santo Domingo","do","dom","na","dop","","Dominikana"
"dz","213","Algiers","dz","dza","af","dzd","","Algieria"
"ec","593","Quito","ec","ecu","sa","usd","","Ekwador"
"ee","372","Tallinn","ee","est","eu","eur","","Estonia"
"eg","20","Cairo","eg","egy","af","egp","","Egipt"
"eh","212","El-Aaiun","eh","esh","af","mad","","Sahara Zachodnia"
"er","291","Asmara","er","eri","af","ern","","Erytrea"
"es","34","Madrid","es","esp","eu","eur","","Hiszpania"
"et","251","Addis Ababa","et","eth","af","etb","","Etiopia"
"fi","358","Helsinki","fi","fin","eu","eur","","Finlandia"
"fj","679","Suva","fj","fji","oc","fjd","","Fid偶i"
"fk","500","Stanley","fk","flk","sa","fkp","","Falklandy"
"fm","691","Palikir","fm","fsm","oc","usd","","Mikronezja"
"fo","298","Torshavn","fo","fro","eu","dkk","","Wyspy Owcze"
"fr","33","Paris","fr","fra","eu","eur","","Francja"
"ga","241","Libreville","ga","gab","af","xaf","","Gabon"
"gb","44","London","gb","gbr","eu","gbp","","Wielka Brytania"
"gd","1473","St. George's","gd","grd","na","xcd","","Grenada"
"ge","995","Tbilisi","ge","geo","as","gel","","Gruzja"
"gf","594","Cayenne","gf","guf","sa","eur","","Gujana Francuska"
"gg","44","St Peter Port","gg","ggy","eu","gbp","","Guernsey"
"gh","233","Accra","gh","gha","af","ghs","","Ghana"
"gi","350","Gibraltar","gi","gib","eu","gip","","Gibraltar"
"gl","299","Nuuk","gl","grl","na","dkk","","Grenlandia"
"gm","220","Banjul","gm","gmb","af","gmd","","Gambia"
"gn","224","Conakry","gn","gin","af","gnf","","Gwinea"
"gp","590","Basse-Terre","gp","glp","na","eur","","Gwadelupa"
"gq","240","Malabo","gq","gnq","af","xaf","","Gwinea R贸wnikowa"
"gr","30","Athens","gr","grc","eu","eur","","Grecja"
"gs","500","Grytviken","gs","sgs","an","gbp","","Georgia Poudniowa i Sandwich Poudniowy"
"gt","502","Guatemala City","gt","gtm","na","gtq","","Gwatemala"
"gu","1671","Hagatna","gu","gum","oc","usd","","Guam"
"gw","245","Bissau","gw","gnb","af","xof","","Gwinea Bissau"
"gy","592","Georgetown","gy","guy","sa","gyd","","Gujana"
"hk","852","Hong Kong","hk","hkg","as","hkd","","SRA Hongkong (Chiny)"
"hn","504","Tegucigalpa","hn","hnd","na","hnl","","Honduras"
"hr","385","Zagreb","hr","hrv","eu","hrk","","Chorwacja"
"ht","509","Port-au-Prince","ht","hti","na","htg","","Haiti"
"hu","36","Budapest","hu","hun","eu","huf","","Wgry"
"id","62","Jakarta","id","idn","as","idr","","Indonezja"
"ie","353","Dublin","ie","irl","eu","eur","","Irlandia"
"il","972","Jerusalem","il","isr","as","ils","","Izrael"
"im","44","Douglas, Isle of Man","im","imn","eu","gbp","","Wyspa Man"
"in","91","New Delhi","in","ind","as","inr","","Indie"
"io","246","Diego Garcia","io","iot","as","usd","","Brytyjskie Terytorium Oceanu Indyjskiego"
"iq","964","Baghdad","iq","irq","as","iqd","","Irak"
"ir","98","Tehran","ir","irn","as","irr","","Iran"
"is","354","Reykjavik","is","isl","eu","isk","","Islandia"
"it","39","Rome","it","ita","eu","eur","","Wochy"
"je","44","Saint Helier","je","jey","eu","gbp","","Jersey"
"jm","1876","Kingston","jm","jam","na","jmd","","Jamajka"
"jo","962","Amman","jo","jor","as","jod","","Jordania"
"jp","81","Tokyo","jp","jpn","as","jpy","","Japonia"
"ke","254","Nairobi","ke","ken","af","kes","梆","Kenia"
"kg","996","Bishkek","kg","kgz","as","kgs","梆","Kirgistan"
"kh","855","Phnom Penh","kh","khm","as","khr","梆","Kambod偶a"
"ki","686","Tarawa","ki","kir","oc","aud","梆","Kiribati"
"km","269","Moroni","km","com","af","kmf","梆","Komory"
"kn","1869","Basseterre","kn","kna","na","xcd","梆","Saint Kitts i Nevis"
"kp","850","Pyongyang","kp","prk","as","kpw","梆","Korea P贸nocna"
"kr","82","Seoul","kr","kor","as","krw","梆","Korea Poudniowa"
"kw","965","Kuwait City","kw","kwt","as","kwd","梆","Kuwejt"
"ky","1345","George Town","ky","cym","na","kyd","梆","Kajmany"
"kz","7","Astana","kz","kaz","as","kzt","梆","Kazachstan"
"la","856","Vientiane","la","lao","as","lak","别","Laos"
"lb","961","Beirut","lb","lbn","as","lbp","别","Liban"
"lc","1758","Castries","lc","lca","na","xcd","别","Saint Lucia"
"li","423","Vaduz","li","lie","eu","chf","别","Liechtenstein"
"lk","94","Colombo","lk","lka","as","lkr","别","Sri Lanka"
"lr","231","Monrovia","lr","lbr","af","lrd","别","Liberia"
"ls","266","Maseru","ls","lso","af","lsl","别","Lesotho"
"lt","370","Vilnius","lt","ltu","eu","ltl","别","Litwa"
"lu","352","Luxembourg","lu","lux","eu","eur","别","Luksemburg"
"lv","371","Riga","lv","lva","eu","eur","别","otwa"
"ly","218","Tripolis","ly","lby","af","lyd","别","Libia"
"ma","212","Rabat","ma","mar","af","mad","拆","Maroko"
"mc","377","Monaco","mc","mco","eu","eur","拆","Monako"
"md","373","Chisinau","md","mda","eu","mdl","拆","Modawia"
"me","382","Podgorica","me","mne","eu","eur","拆","Czarnog贸ra"
"mf","590","Marigot","mf","maf","na","eur","拆","Saint-Martin"
"mg","261","Antananarivo","mg","mdg","af","mga","拆","Madagaskar"
"mh","692","Majuro","mh","mhl","oc","usd","拆","Wyspy Marshalla"
"mk","389","Skopje","mk","mkd","eu","mkd","拆","Macedonia P贸nocna"
"ml","223","Bamako","ml","mli","af","xof","拆","Mali"
"mm","95","Nay Pyi Taw","mm","mmr","as","mmk","拆","Mjanma (Birma)"
"mn","976","Ulan Bator","mn","mng","as","mnt","拆","Mongolia"
"mo","853","Macao","mo","mac","as","mop","拆","SRA Makau (Chiny)"
"mp","1670","Saipan","mp","mnp","oc","usd","拆","Mariany P贸nocne"
"mq","596","Fort-de-France","mq","mtq","na","eur","拆","Martynika"
"mr","222","Nouakchott","mr","mrt","af","mro","拆","Mauretania"
"ms","1664","Plymouth","ms","msr","na","xcd","拆","Montserrat"
"mt","356","Valletta","mt","mlt","eu","eur","拆","Malta"
"mu","230","Port Louis","mu","mus","af","mur","拆","Mauritius"
"mv","960","Male","mv","mdv","as","mvr","拆","Malediwy"
"mw","265","Lilongwe","mw","mwi","af","mwk","拆","Malawi"
"mx","52","Mexico City","mx","mex","na","mxn","拆","Meksyk"
"my","60","Kuala Lumpur","my","mys","as","myr","拆","Malezja"
"mz","258","Maputo","mz","moz","af","mzn","拆","Mozambik"
"na","264","Windhoek","na","nam","af","nad","仇","Namibia"
"nc","687","Noumea","nc","ncl","oc","xpf","仇","Nowa Kaledonia"
"ne","227","Niamey","ne","ner","af","xof","仇","Niger"
"nf","672","Kingston","nf","nfk","oc","aud","仇","Norfolk"
"ng","234","Abuja","ng","nga","af","ngn","仇","Nigeria"
"ni","505","Managua","ni","nic","na","nio","仇","Nikaragua"
"nl","31","Amsterdam","nl","nld","eu","eur","仇","Holandia"
"no","47","Oslo","no","nor","eu","nok","仇","Norwegia"
"np","977","Kathmandu","np","npl","as","npr","仇","Nepal"
"nr","674","Yaren","nr","nru","oc","aud","仇","Nauru"
"nu","683","Alofi","nu","niu","oc","nzd","仇","Niue"
"nz","64","Wellington","nz","nzl","oc","nzd","仇","Nowa Zelandia"
"om","968","Muscat","om","omn","as","omr","答","Oman"
"pa","507","Panama City","pa","pan","na","pab","叼","Panama"
"pe","51","Lima","pe","per","sa","pen","叼","Peru"
"pf","689","Papeete","pf","pyf","oc","xpf","叼","Polinezja Francuska"
"pg","675","Port Moresby","pg","png","oc","pgk","叼","Papua-Nowa Gwinea"
"ph","63","Manila","ph","phl","as","php","叼","Filipiny"
"pk","92","Islamabad","pk","pak","as","pkr","叼","Pakistan"
"pl","48","Warsaw","pl","pol","eu","pln","叼","Polska"
"pm","508","Saint-Pierre","pm","spm","na","eur","叼","Saint-Pierre i Miquelon"
"pn","870","Adamstown","pn","pcn","oc","nzd","叼","Pitcairn"
"pr","1787","San Juan","pr","pri","na","usd","叼","Portoryko"
"ps","970","East Jerusalem","ps","pse","as","ils","叼","Terytoria Palestyskie"
"pt","351","Lisbon","pt","prt","eu","eur","叼","Portugalia"
"pw","680","Melekeok","pw","plw","oc","usd","叼","Palau"
"py","595","Asuncion","py","pry","sa","pyg","叼","Paragwaj"
"qa","974","Doha","qa","qat","as","qar","娥","Katar"
"re","262","Saint-Denis","re","reu","af","eur","佛","Reunion"
"ro","40","Bucharest","ro","rou","eu","ron","佛","Rumunia"
"rs","381","Belgrade","rs","srb","eu","rsd","佛","Serbia"
"ru","7","Moscow","ru","rus","eu","rub","佛","Rosja"
"rw","250","Kigali","rw","rwa","af","rwf","佛","Rwanda"
"sa","966","Riyadh","sa","sau","as","sar","葛","Arabia Saudyjska"
"sb","677","Honiara","sb","slb","oc","sbd","葛","Wyspy Salomona"
"sc","248","Victoria","sc","syc","af","scr","葛","Seszele"
"sd","249","Khartoum","sd","sdn","af","sdg","葛","Sudan"
"se","46","Stockholm","se","swe","eu","sek","葛","Szwecja"
"sg","65","Singapur","sg","sgp","as","sgd","葛","Singapur"
"sh","290","Jamestown","sh","shn","af","shp","葛","Wyspa witej Heleny"
"si","386","Ljubljana","si","svn","eu","eur","葛","Sowenia"
"sj","47","Longyearbyen","sj","sjm","eu","nok","葛","Svalbard i Jan Mayen"
"sk","421","Bratislava","sk","svk","eu","eur","葛","Sowacja"
"sl","232","Freetown","sl","sle","af","sll","葛","Sierra Leone"
"sm","378","San Marino","sm","smr","eu","eur","葛","San Marino"
"sn","221","Dakar","sn","sen","af","xof","葛","Senegal"
"so","252","Mogadishu","so","som","af","sos","葛","Somalia"
"sr","597","Paramaribo","sr","sur","sa","srd","葛","Surinam"
"ss","211","Juba","ss","ssd","af","ssp","葛","Sudan Poudniowy"
"st","239","Sao Tome","st","stp","af","std","葛","Wyspy witego Tomasza i Ksi偶ca"
"sv","503","San Salvador","sv","slv","na","usd","葛","Salwador"
"sx","599","Philipsburg","sx","sxm","na","ang","葛","Sint Maarten"
"sy","963","Damascus","sy","syr","as","syp","葛","Syria"
"sz","268","Mbabane","sz","swz","af","szl","葛","Eswatini"
"tc","1649","Cockburn Town","tc","tca","na","usd","桂","Turks i Caicos"
"td","235","N'Djamena","td","tcd","af","xaf","桂","Czad"
"tf","","Port-aux-Francais","tf","atf","an","eur","桂","Francuskie Terytoria Poudniowe i Antarktyczne"
"tg","228","Lome","tg","tgo","af","xof","桂","Togo"
"th","66","Bangkok","th","tha","as","thb","桂","Tajlandia"
"tj","992","Dushanbe","tj","tjk","as","tjs","桂","Tad偶ykistan"
"tk","690","","tk","tkl","oc","nzd","桂","Tokelau"
"tl","670","Dili","tl","tls","oc","usd","桂","Timor Wschodni"
"tm","993","Ashgabat","tm","tkm","as","tmt","桂","Turkmenistan"
"tn","216","Tunis","tn","tun","af","tnd","桂","Tunezja"
"to","676","Nuku'alofa","to","ton","oc","top","桂","Tonga"
"tr","90","Ankara","tr","tur","as","try","桂","Turcja"
"tt","1868","Port of Spain","tt","tto","na","ttd","桂","Trynidad i Tobago"
"tv","688","Funafuti","tv","tuv","oc","aud","桂","Tuvalu"
"tw","886","Taipei","tw","twn","as","twd","桂","Tajwan"
"tz","255","Dodoma","tz","tza","af","tzs","桂","Tanzania"
"ua","380","Kiev","ua","ukr","eu","uah","吼","Ukraina"
"ug","256","Kampala","ug","uga","af","ugx","吼","Uganda"
"um","246","","um","umi","oc","usd","吼","Dalekie Wyspy Mniejsze Stan贸w Zjednoczonych"
"us","1","Washington","us","usa","na","usd","吼","Stany Zjednoczone"
"uy","598","Montevideo","uy","ury","sa","uyu","吼","Urugwaj"
"uz","998","Tashkent","uz","uzb","as","uzs","吼","Uzbekistan"
"va","379","Vatican City","va","vat","eu","eur","火","Watykan"
"vc","1784","Kingstown","vc","vct","na","xcd","火","Saint Vincent i Grenadyny"
"ve","58","Caracas","ve","ven","sa","vef","火","Wenezuela"
"vg","1284","Road Town","vg","vgb","na","usd","火","Brytyjskie Wyspy Dziewicze"
"vi","1340","Charlotte Amalie","vi","vir","na","usd","火","Wyspy Dziewicze Stan贸w Zjednoczonych"
"vn","84","Hanoi","vn","vnm","as","vnd","火","Wietnam"
"vu","678","Port Vila","vu","vut","oc","vuv","火","Vanuatu"
"wf","681","Mata Utu","wf","wlf","oc","xpf","拣","Wallis i Futuna"
"ws","685","Apia","ws","wsm","oc","wst","拣","Samoa"
"xk","383","Pristina","xk","xkx","eu","eur","金","Kosowo"
"ye","967","Sanaa","ye","yem","as","yer","攫","Jemen"
"yt","262","Mamoudzou","yt","myt","af","eur","攫","Majotta"
"za","27","Pretoria","za","zaf","af","zar","筐","Republika Poudniowej Afryki"
"zm","260","Lusaka","zm","zmb","af","zmk","筐","Zambia"
"zw","263","Harare","zw","zwe","af","zwl","筐","Zimbabwe"
