"id","calling_code","capital_city","code_2","code_3","continent_id","currency_id","flag","name"
"ad","376","Andorra la Vella","ad","and","eu","eur","游뷣릖","Andorra"
"ae","971","Abu Dhabi","ae","are","as","aed","游뷣릖","Ovttastuvvan Ar치baemir치htat"
"af","93","Kabul","af","afg","as","afn","游뷣릖","Afghanistan"
"ag","1268","St. John's","ag","atg","na","xcd","游뷣릖","Antigua ja Barbuda"
"ai","1264","The Valley","ai","aia","na","xcd","游뷣릖","Anguilla"
"al","355","Tirana","al","alb","eu","all","游뷣릖","Alb치nia"
"am","374","Yerevan","am","arm","as","amd","游뷣릖","Armenia"
"ao","244","Luanda","ao","ago","af","aoa","游뷣릖","Angola"
"aq","672","","aq","ata","an","","游뷣릖","Ant치rktis"
"ar","54","Buenos Aires","ar","arg","sa","ars","游뷣릖","Argentina"
"as","1684","Pago Pago","as","asm","oc","usd","游뷣릖","Amerihk치 Samoa"
"at","43","Vienna","at","aut","eu","eur","游뷣릖","Nuortariika"
"au","61","Canberra","au","aus","oc","aud","游뷣릖","Austr치lia"
"aw","297","Oranjestad","aw","abw","na","awg","游뷣릖","Aruba"
"ax","358","Mariehamn","ax","ala","eu","eur","游뷣릖","칀l치nda"
"az","994","Baku","az","aze","as","azn","游뷣릖","Aserbai쬬n"
"ba","387","Sarajevo","ba","bih","eu","bam","游游","Bosnia-Hercegovina"
"bb","1246","Bridgetown","bb","brb","na","bbd","游游","Barbados"
"bd","880","Dhaka","bd","bgd","as","bdt","游游","Bangladesh"
"be","32","Brussels","be","bel","eu","eur","游游","Belgia"
"bf","226","Ouagadougou","bf","bfa","af","xof","游游","Burkina Faso"
"bg","359","Sofia","bg","bgr","eu","bgn","游游","Bulg치ria"
"bh","973","Manama","bh","bhr","as","bhd","游游","Bahrain"
"bi","257","Bujumbura","bi","bdi","af","bif","游游","Burundi"
"bj","229","Porto-Novo","bj","ben","af","xof","游游","Benin"
"bl","590","Gustavia","bl","blm","na","eur","游游","Saint Barth칠lemy"
"bm","1441","Hamilton","bm","bmu","na","bmd","游游","Bermuda"
"bn","673","Bandar Seri Begawan","bn","brn","as","bnd","游游","Brunei"
"bo","591","Sucre","bo","bol","sa","bob","游游","Bolivia"
"bq","599","","bq","bes","na","usd","游游","BQ"
"br","55","Brasilia","br","bra","sa","brl","游游","Brasil"
"bs","1242","Nassau","bs","bhs","na","bsd","游游","Bahamas"
"bt","975","Thimphu","bt","btn","as","btn","游游","Bhutan"
"bv","55","","bv","bvt","an","nok","游游","Bouvet-sullot"
"bw","267","Gaborone","bw","bwa","af","bwp","游游","Botswana"
"by","375","Minsk","by","blr","eu","byr","游游","Vilges-Ruo코코a"
"bz","501","Belmopan","bz","blz","na","bzd","游游","Belize"
"ca","1","Ottawa","ca","can","na","cad","游뻟릖","Kan치da"
"cc","61","West Island","cc","cck","as","aud","游뻟릖","Cocos-sullot"
"cd","243","Kinshasa","cd","cod","af","cdf","游뻟릖","Kongo-Kinshasa"
"cf","236","Bangui","cf","caf","af","xaf","游뻟릖","Gaska-Afrihk치 d치ssev치ldi"
"cg","242","Brazzaville","cg","cog","af","xaf","游뻟릖","Kongo-Brazzaville"
"ch","41","Berne","ch","che","eu","chf","游뻟릖","맜eica"
"ci","225","Yamoussoukro","ci","civ","af","xof","游뻟릖","Elfenbenariddu"
"ck","682","Avarua","ck","cok","oc","nzd","游뻟릖","Cook-sullot"
"cl","56","Santiago","cl","chl","sa","clp","游뻟릖","캛iile"
"cm","237","Yaounde","cm","cmr","af","xaf","游뻟릖","Kamerun"
"cn","86","Beijing","cn","chn","as","cny","游뻟릖","Kiinn치"
"co","57","Bogota","co","col","sa","cop","游뻟릖","Kolombia"
"cr","506","San Jose","cr","cri","na","crc","游뻟릖","Costa Rica"
"cu","53","Havana","cu","cub","na","cup","游뻟릖","Kuba"
"cv","238","Praia","cv","cpv","af","cve","游뻟릖","Kap Verde"
"cw","599"," Willemstad","cw","cuw","na","ang","游뻟릖","Cura칞ao"
"cx","61","Flying Fish Cove","cx","cxr","as","aud","游뻟릖","Juovllat-sullot"
"cy","357","Nicosia","cy","cyp","eu","eur","游뻟릖","Kypros"
"cz","420","Prague","cz","cze","eu","czk","游뻟릖","캛eahkka"
"de","49","Berlin","de","deu","eu","eur","游뾇릖","Duiska"
"dj","253","Djibouti","dj","dji","af","djf","游뾇릖","Djibouti"
"dk","45","Copenhagen","dk","dnk","eu","dkk","游뾇릖","D치nm치rku"
"dm","1767","Roseau","dm","dma","na","xcd","游뾇릖","Dominica"
"do","1809","Santo Domingo","do","dom","na","dop","游뾇릖","Dominik치na d치ssev치ldi"
"dz","213","Algiers","dz","dza","af","dzd","游뾇릖","Algeria"
"ec","593","Quito","ec","ecu","sa","usd","游쀯릖","Ecuador"
"ee","372","Tallinn","ee","est","eu","eur","游쀯릖","Estl치nda"
"eg","20","Cairo","eg","egy","af","egp","游쀯릖","Egypta"
"eh","212","El-Aaiun","eh","esh","af","mad","游쀯릖","Oarje-Sah치ra"
"er","291","Asmara","er","eri","af","ern","游쀯릖","Eritrea"
"es","34","Madrid","es","esp","eu","eur","游쀯릖","Sp치nia"
"et","251","Addis Ababa","et","eth","af","etb","游쀯릖","Etiopia"
"fi","358","Helsinki","fi","fin","eu","eur","游游","Suopma"
"fj","679","Suva","fj","fji","oc","fjd","游游","Fijisullot"
"fk","500","Stanley","fk","flk","sa","fkp","游游","Falklandsullot"
"fm","691","Palikir","fm","fsm","oc","usd","游游","Mikronesia"
"fo","298","Torshavn","fo","fro","eu","dkk","游游","Fearsullot"
"fr","33","Paris","fr","fra","eu","eur","游游","Frankriika"
"ga","241","Libreville","ga","gab","af","xaf","游섫릖","Gabon"
"gb","44","London","gb","gbr","eu","gbp","游섫릖","Stuorra-Brit치nnia"
"gd","1473","St. George's","gd","grd","na","xcd","游섫릖","Grenada"
"ge","995","Tbilisi","ge","geo","as","gel","游섫릖","Georgia"
"gf","594","Cayenne","gf","guf","sa","eur","游섫릖","Frankriikka Guayana"
"gg","44","St Peter Port","gg","ggy","eu","gbp","游섫릖","Guernsey"
"gh","233","Accra","gh","gha","af","ghs","游섫릖","Ghana"
"gi","350","Gibraltar","gi","gib","eu","gip","游섫릖","Gibraltar"
"gl","299","Nuuk","gl","grl","na","dkk","游섫릖","Kalaallit Nunaat"
"gm","220","Banjul","gm","gmb","af","gmd","游섫릖","G치mbia"
"gn","224","Conakry","gn","gin","af","gnf","游섫릖","Guinea"
"gp","590","Basse-Terre","gp","glp","na","eur","游섫릖","Guadeloupe"
"gq","240","Malabo","gq","gnq","af","xaf","游섫릖","Ekvatori치la Guinea"
"gr","30","Athens","gr","grc","eu","eur","游섫릖","Greika"
"gs","500","Grytviken","gs","sgs","an","gbp","游섫릖","Lulli Georgia ja Lulli Sandwich-sullot"
"gt","502","Guatemala City","gt","gtm","na","gtq","游섫릖","Guatemala"
"gu","1671","Hagatna","gu","gum","oc","usd","游섫릖","Guam"
"gw","245","Bissau","gw","gnb","af","xof","游섫릖","Guinea-Bissau"
"gy","592","Georgetown","gy","guy","sa","gyd","游섫릖","Guyana"
"hk","852","Hong Kong","hk","hkg","as","hkd","游쇓릖","Hongkong"
"hn","504","Tegucigalpa","hn","hnd","na","hnl","游쇓릖","Honduras"
"hr","385","Zagreb","hr","hrv","eu","hrk","游쇓릖","Kro치tia"
"ht","509","Port-au-Prince","ht","hti","na","htg","游쇓릖","Haiti"
"hu","36","Budapest","hu","hun","eu","huf","游쇓릖","Ung치r"
"id","62","Jakarta","id","idn","as","idr","游쉻릖","Indonesia"
"ie","353","Dublin","ie","irl","eu","eur","游쉻릖","Irl치nda"
"il","972","Jerusalem","il","isr","as","ils","游쉻릖","Israel"
"im","44","Douglas, Isle of Man","im","imn","eu","gbp","游쉻릖","Mann-sullot"
"in","91","New Delhi","in","ind","as","inr","游쉻릖","India"
"io","246","Diego Garcia","io","iot","as","usd","游쉻릖","IO"
"iq","964","Baghdad","iq","irq","as","iqd","游쉻릖","Irak"
"ir","98","Tehran","ir","irn","as","irr","游쉻릖","Iran"
"is","354","Reykjavik","is","isl","eu","isk","游쉻릖","Isl치nda"
"it","39","Rome","it","ita","eu","eur","游쉻릖","It치lia"
"je","44","Saint Helier","je","jey","eu","gbp","游游","Jersey"
"jm","1876","Kingston","jm","jam","na","jmd","游游","Jamaica"
"jo","962","Amman","jo","jor","as","jod","游游","Jord치nia"
"jp","81","Tokyo","jp","jpn","as","jpy","游游","Jap치na"
"ke","254","Nairobi","ke","ken","af","kes","游썷릖","Kenia"
"kg","996","Bishkek","kg","kgz","as","kgs","游썷릖","Kirgisistan"
"kh","855","Phnom Penh","kh","khm","as","khr","游썷릖","Kambod쬬"
"ki","686","Tarawa","ki","kir","oc","aud","游썷릖","Kiribati"
"km","269","Moroni","km","com","af","kmf","游썷릖","Komoros"
"kn","1869","Basseterre","kn","kna","na","xcd","游썷릖","Saint Kitts ja Nevis"
"kp","850","Pyongyang","kp","prk","as","kpw","游썷릖","Davvi-Korea"
"kr","82","Seoul","kr","kor","as","krw","游썷릖","M치tta-Korea"
"kw","965","Kuwait City","kw","kwt","as","kwd","游썷릖","Kuwait"
"ky","1345","George Town","ky","cym","na","kyd","游썷릖","Cayman-sullot"
"kz","7","Astana","kz","kaz","as","kzt","游썷릖","Kasakstan"
"la","856","Vientiane","la","lao","as","lak","游쐟릖","Laos"
"lb","961","Beirut","lb","lbn","as","lbp","游쐟릖","Libanon"
"lc","1758","Castries","lc","lca","na","xcd","游쐟릖","Saint Lucia"
"li","423","Vaduz","li","lie","eu","chf","游쐟릖","Liechtenstein"
"lk","94","Colombo","lk","lka","as","lkr","游쐟릖","Sri Lanka"
"lr","231","Monrovia","lr","lbr","af","lrd","游쐟릖","Liberia"
"ls","266","Maseru","ls","lso","af","lsl","游쐟릖","Lesotho"
"lt","370","Vilnius","lt","ltu","eu","ltl","游쐟릖","Lietuva"
"lu","352","Luxembourg","lu","lux","eu","eur","游쐟릖","Luxembourg"
"lv","371","Riga","lv","lva","eu","eur","游쐟릖","L치tvia"
"ly","218","Tripolis","ly","lby","af","lyd","游쐟릖","Libya"
"ma","212","Rabat","ma","mar","af","mad","游쓇릖","Marokko"
"mc","377","Monaco","mc","mco","eu","eur","游쓇릖","Monaco"
"md","373","Chisinau","md","mda","eu","mdl","游쓇릖","Mold치via"
"me","382","Podgorica","me","mne","eu","eur","游쓇릖","Montenegro"
"mf","590","Marigot","mf","maf","na","eur","游쓇릖","Frankriikka Saint Martin"
"mg","261","Antananarivo","mg","mdg","af","mga","游쓇릖","Madagaskar"
"mh","692","Majuro","mh","mhl","oc","usd","游쓇릖","Marshallsullot"
"mk","389","Skopje","mk","mkd","eu","mkd","游쓇릖","MK"
"ml","223","Bamako","ml","mli","af","xof","游쓇릖","Mali"
"mm","95","Nay Pyi Taw","mm","mmr","as","mmk","游쓇릖","Burma"
"mn","976","Ulan Bator","mn","mng","as","mnt","游쓇릖","Mongolia"
"mo","853","Macao","mo","mac","as","mop","游쓇릖","Mak치o"
"mp","1670","Saipan","mp","mnp","oc","usd","游쓇릖","Davvi-Mari치nat"
"mq","596","Fort-de-France","mq","mtq","na","eur","游쓇릖","Martinique"
"mr","222","Nouakchott","mr","mrt","af","mro","游쓇릖","Mauret치nia"
"ms","1664","Plymouth","ms","msr","na","xcd","游쓇릖","Montserrat"
"mt","356","Valletta","mt","mlt","eu","eur","游쓇릖","M치lta"
"mu","230","Port Louis","mu","mus","af","mur","游쓇릖","Mauritius"
"mv","960","Male","mv","mdv","as","mvr","游쓇릖","Malediivvat"
"mw","265","Lilongwe","mw","mwi","af","mwk","游쓇릖","Malawi"
"mx","52","Mexico City","mx","mex","na","mxn","游쓇릖","Meksiko"
"my","60","Kuala Lumpur","my","mys","as","myr","游쓇릖","Malesia"
"mz","258","Maputo","mz","moz","af","mzn","游쓇릖","Mosambik"
"na","264","Windhoek","na","nam","af","nad","游游","Namibia"
"nc","687","Noumea","nc","ncl","oc","xpf","游游","O캠캠a-Kaledonia"
"ne","227","Niamey","ne","ner","af","xof","游游","Niger"
"nf","672","Kingston","nf","nfk","oc","aud","游游","Norfolksullot"
"ng","234","Abuja","ng","nga","af","ngn","游游","Nigeria"
"ni","505","Managua","ni","nic","na","nio","游游","Nicaragua"
"nl","31","Amsterdam","nl","nld","eu","eur","游游","Vuolleeatnamat"
"no","47","Oslo","no","nor","eu","nok","游游","Norga"
"np","977","Kathmandu","np","npl","as","npr","游游","Nepal"
"nr","674","Yaren","nr","nru","oc","aud","游游","Nauru"
"nu","683","Alofi","nu","niu","oc","nzd","游游","Niue"
"nz","64","Wellington","nz","nzl","oc","nzd","游游","O캠캠a-Sel치nda"
"om","968","Muscat","om","omn","as","omr","游엃릖","Oman"
"pa","507","Panama City","pa","pan","na","pab","游왫릖","Panama"
"pe","51","Lima","pe","per","sa","pen","游왫릖","Peru"
"pf","689","Papeete","pf","pyf","oc","xpf","游왫릖","Frankriikka Polynesia"
"pg","675","Port Moresby","pg","png","oc","pgk","游왫릖","Papua-O캠캠a-Guinea"
"ph","63","Manila","ph","phl","as","php","游왫릖","Filippiinnat"
"pk","92","Islamabad","pk","pak","as","pkr","游왫릖","Pakistan"
"pl","48","Warsaw","pl","pol","eu","pln","游왫릖","Polen"
"pm","508","Saint-Pierre","pm","spm","na","eur","游왫릖","Saint Pierre ja Miquelon"
"pn","870","Adamstown","pn","pcn","oc","nzd","游왫릖","Pitcairn"
"pr","1787","San Juan","pr","pri","na","usd","游왫릖","Puerto Rico"
"ps","970","East Jerusalem","ps","pse","as","ils","游왫릖","Palestina"
"pt","351","Lisbon","pt","prt","eu","eur","游왫릖","Portug치la"
"pw","680","Melekeok","pw","plw","oc","usd","游왫릖","Palau"
"py","595","Asuncion","py","pry","sa","pyg","游왫릖","Paraguay"
"qa","974","Doha","qa","qat","as","qar","游윓릖","Qatar"
"re","262","Saint-Denis","re","reu","af","eur","游游","R칠union"
"ro","40","Bucharest","ro","rou","eu","ron","游游","Rom치nia"
"rs","381","Belgrade","rs","srb","eu","rsd","游游","Serbia"
"ru","7","Moscow","ru","rus","eu","rub","游游","Ruo코코a"
"rw","250","Kigali","rw","rwa","af","rwf","游游","Rwanda"
"sa","966","Riyadh","sa","sau","as","sar","游젏릖","Saudi-Ar치bia"
"sb","677","Honiara","sb","slb","oc","sbd","游젏릖","Salomon-sullot"
"sc","248","Victoria","sc","syc","af","scr","游젏릖","Seychellsullot"
"sd","249","Khartoum","sd","sdn","af","sdg","游젏릖","Davvisudan"
"se","46","Stockholm","se","swe","eu","sek","游젏릖","Ruo콚콚a"
"sg","65","Singapur","sg","sgp","as","sgd","游젏릖","Singapore"
"sh","290","Jamestown","sh","shn","af","shp","游젏릖","Saint Helena"
"si","386","Ljubljana","si","svn","eu","eur","游젏릖","Slovenia"
"sj","47","Longyearbyen","sj","sjm","eu","nok","游젏릖","Svalb치rda ja Jan Mayen"
"sk","421","Bratislava","sk","svk","eu","eur","游젏릖","Slov치kia"
"sl","232","Freetown","sl","sle","af","sll","游젏릖","Sierra Leone"
"sm","378","San Marino","sm","smr","eu","eur","游젏릖","San Marino"
"sn","221","Dakar","sn","sen","af","xof","游젏릖","Senegal"
"so","252","Mogadishu","so","som","af","sos","游젏릖","Som치lia"
"sr","597","Paramaribo","sr","sur","sa","srd","游젏릖","Surinam"
"ss","211","Juba","ss","ssd","af","ssp","游젏릖","M치ttasudan"
"st","239","Sao Tome","st","stp","af","std","游젏릖","S칚o Tom칠 ja Pr칤ncipe"
"sv","503","San Salvador","sv","slv","na","usd","游젏릖","El Salvador"
"sx","599","Philipsburg","sx","sxm","na","ang","游젏릖","Vuolleeatnamat Saint Martin"
"sy","963","Damascus","sy","syr","as","syp","游젏릖","Syria"
"sz","268","Mbabane","sz","swz","af","szl","游젏릖","Svazieana"
"tc","1649","Cockburn Town","tc","tca","na","usd","游좷릖","Turks ja Caicos-sullot"
"td","235","N'Djamena","td","tcd","af","xaf","游좷릖","T캜ad"
"tf","","Port-aux-Francais","tf","atf","an","eur","游좷릖","TF"
"tg","228","Lome","tg","tgo","af","xof","游좷릖","Togo"
"th","66","Bangkok","th","tha","as","thb","游좷릖","Thaieana"
"tj","992","Dushanbe","tj","tjk","as","tjs","游좷릖","Ta쬴kistan"
"tk","690","","tk","tkl","oc","nzd","游좷릖","Tokelau"
"tl","670","Dili","tl","tls","oc","usd","游좷릖","Nuorta-Timor"
"tm","993","Ashgabat","tm","tkm","as","tmt","游좷릖","Turkmenistan"
"tn","216","Tunis","tn","tun","af","tnd","游좷릖","Tunisia"
"to","676","Nuku'alofa","to","ton","oc","top","游좷릖","Tonga"
"tr","90","Ankara","tr","tur","as","try","游좷릖","Durka"
"tt","1868","Port of Spain","tt","tto","na","ttd","游좷릖","Trinidad ja Tobago"
"tv","688","Funafuti","tv","tuv","oc","aud","游좷릖","Tuvalu"
"tw","886","Taipei","tw","twn","as","twd","游좷릖","Taiwan"
"tz","255","Dodoma","tz","tza","af","tzs","游좷릖","Tanz치nia"
"ua","380","Kiev","ua","ukr","eu","uah","游쥟릖","Ukraina"
"ug","256","Kampala","ug","uga","af","ugx","游쥟릖","Uganda"
"um","246","","um","umi","oc","usd","游쥟릖","UM"
"us","1","Washington","us","usa","na","usd","游쥟릖","Amerihk치 ovttastuvvan st치htat"
"uy","598","Montevideo","uy","ury","sa","uyu","游쥟릖","Uruguay"
"uz","998","Tashkent","uz","uzb","as","uzs","游쥟릖","Usbekistan"
"va","379","Vatican City","va","vat","eu","eur","游游","Vatik치na"
"vc","1784","Kingstown","vc","vct","na","xcd","游游","Saint Vincent ja Grenadine"
"ve","58","Caracas","ve","ven","sa","vef","游游","Venezuela"
"vg","1284","Road Town","vg","vgb","na","usd","游游","Brittania Virgin-sullot"
"vi","1340","Charlotte Amalie","vi","vir","na","usd","游游","AOS Virgin-sullot"
"vn","84","Hanoi","vn","vnm","as","vnd","游游","Vietnam"
"vu","678","Port Vila","vu","vut","oc","vuv","游游","Vanuatu"
"wf","681","Mata Utu","wf","wlf","oc","xpf","游쩛릖","Wallis ja Futuna"
"ws","685","Apia","ws","wsm","oc","wst","游쩛릖","Samoa"
"xk","383","Pristina","xk","xkx","eu","eur","游쬃릖","Kosovo"
"ye","967","Sanaa","ye","yem","as","yer","游쮫릖","Jemen"
"yt","262","Mamoudzou","yt","myt","af","eur","游쮫릖","Mayotte"
"za","27","Pretoria","za","zaf","af","zar","游游","M치tta-Afrihk치"
"zm","260","Lusaka","zm","zmb","af","zmk","游游","Zambia"
"zw","263","Harare","zw","zwe","af","zwl","游游","Zimbabwe"
