"id","calling_code","capital_city","code_2","code_3","continent_id","currency_id","flag","name"
"ad","376","Andorra la Vella","ad","and","eu","eur","游뷣릖","A콂d칩ra"
"ae","971","Abu Dhabi","ae","are","as","aed","游뷣릖","Yunait톝 Arabhi 쿯mire"
"af","93","Kabul","af","afg","as","afn","游뷣릖","Afig치ndesita콂"
"ag","1268","St. John's","ag","atg","na","xcd","游뷣릖","A콂t칤gwa 쿠ahabhuda"
"ai","1264","The Valley","ai","aia","na","xcd","游뷣릖","A콂g칤la"
"al","355","Tirana","al","alb","eu","all","游뷣릖","Abhaniya"
"am","374","Yerevan","am","arm","as","amd","游뷣릖","Am칠niya"
"ao","244","Luanda","ao","ago","af","aoa","游뷣릖","A콂g칩la"
"aq","672","","aq","ata","an","","游뷣릖","AQ"
"ar","54","Buenos Aires","ar","arg","sa","ars","游뷣릖","Aj톝콂t칤na"
"as","1684","Pago Pago","as","asm","oc","usd","游뷣릖","Poo Sambowa"
"at","43","Vienna","at","aut","eu","eur","游뷣릖","쿥패situwa"
"au","61","Canberra","au","aus","oc","aud","游뷣릖","쿥situw칠eliya"
"aw","297","Oranjestad","aw","abw","na","awg","游뷣릖","Arubha"
"ax","358","Mariehamn","ax","ala","eu","eur","游뷣릖","AX"
"az","994","Baku","az","aze","as","azn","游뷣릖","Azabhaija콂"
"ba","387","Sarajevo","ba","bih","eu","bam","游游","Bh톖siniya"
"bb","1246","Bridgetown","bb","brb","na","bbd","游游","Bhabhedo"
"bd","880","Dhaka","bd","bgd","as","bdt","游游","Bhangilad톝shi"
"be","32","Brussels","be","bel","eu","eur","游游","Bh톝giy톖콂"
"bf","226","Ouagadougou","bf","bfa","af","xof","游游","Bhokina F치so"
"bg","359","Sofia","bg","bgr","eu","bgn","游游","Bh톖geriya"
"bh","973","Manama","bh","bhr","as","bhd","游游","Bhar톝콂"
"bi","257","Bujumbura","bi","bdi","af","bif","游游","Bhurundi"
"bj","229","Porto-Novo","bj","ben","af","xof","游游","Bh톝ni"
"bl","590","Gustavia","bl","blm","na","eur","游游","BL"
"bm","1441","Hamilton","bm","bmu","na","bmd","游游","Bh톝muda"
"bn","673","Bandar Seri Begawan","bn","brn","as","bnd","游游","Bhurun톝캴"
"bo","591","Sucre","bo","bol","sa","bob","游游","Bholiviya"
"bq","599","","bq","bes","na","usd","游游","BQ"
"br","55","Brasilia","br","bra","sa","brl","游游","Bhurazeli"
"bs","1242","Nassau","bs","bhs","na","bsd","游游","Bah치masi"
"bt","975","Thimphu","bt","btn","as","btn","游游","Bhuta콂"
"bv","55","","bv","bvt","an","nok","游游","BV"
"bw","267","Gaborone","bw","bwa","af","bwp","游游","Bhosuwana"
"by","375","Minsk","by","blr","eu","byr","游游","Bh톝larusi"
"bz","501","Belmopan","bz","blz","na","bzd","游游","Bheliz"
"ca","1","Ottawa","ca","can","na","cad","游뻟릖","K치n치da"
"cc","61","West Island","cc","cck","as","aud","游뻟릖","CC"
"cd","243","Kinshasa","cd","cod","af","cdf","游뻟릖","Avorekoo"
"cf","236","Bangui","cf","caf","af","xaf","游뻟릖","츼f칤r칤ka Luma칚 T톝 Boloe"
"cg","242","Brazzaville","cg","cog","af","xaf","游뻟릖","K칩ngo"
"ch","41","Berne","ch","che","eu","chf","游뻟릖","Suweza Luma칚"
"ci","225","Yamoussoukro","ci","civ","af","xof","游뻟릖","K칩div칩wa"
"ck","682","Avarua","ck","cok","oc","nzd","游뻟릖","K칩ki Ti콂콂톝"
"cl","56","Santiago","cl","chl","sa","clp","游뻟릖","Ch칠li"
"cm","237","Yaounde","cm","cmr","af","xaf","游뻟릖","Kameru콂"
"cn","86","Beijing","cn","chn","as","cny","游뻟릖","Ch치칤na"
"co","57","Bogota","co","col","sa","cop","游뻟릖","K톖l톖mbiya"
"cr","506","San Jose","cr","cri","na","crc","游뻟릖","K칩s칤ta R칤ko"
"cu","53","Havana","cu","cub","na","cup","游뻟릖","Kiyubha"
"cv","238","Praia","cv","cpv","af","cve","游뻟릖","Kepi V톝di Ti콂콂톝"
"cw","599"," Willemstad","cw","cuw","na","ang","游뻟릖","CW"
"cx","61","Flying Fish Cove","cx","cxr","as","aud","游뻟릖","CX"
"cy","357","Nicosia","cy","cyp","eu","eur","游뻟릖","Sa톝pur톖"
"cz","420","Prague","cz","cze","eu","czk","游뻟릖","Ch톝ki Boloe"
"de","49","Berlin","de","deu","eu","eur","游뾇릖","Jam치캴"
"dj","253","Djibouti","dj","dji","af","djf","游뾇릖","Jibhuti"
"dk","45","Copenhagen","dk","dnk","eu","dkk","游뾇릖","Danimaha"
"dm","1767","Roseau","dm","dma","na","xcd","游뾇릖","Dom칤in칤ka"
"do","1809","Santo Domingo","do","dom","na","dop","游뾇릖","Dom칤in칤ka 쿠oloe"
"dz","213","Algiers","dz","dza","af","dzd","游뾇릖","Agiriya"
"ec","593","Quito","ec","ecu","sa","usd","游쀯릖","쿯패k칰w칠d톖"
"ee","372","Tallinn","ee","est","eu","eur","游쀯릖","쿯sit칩ninya"
"eg","20","Cairo","eg","egy","af","egp","游쀯릖","M칤s칠la"
"eh","212","El-Aaiun","eh","esh","af","mad","游쀯릖","EH"
"er","291","Asmara","er","eri","af","ern","游쀯릖","쿯ritera"
"es","34","Madrid","es","esp","eu","eur","游쀯릖","Pany톝캴"
"et","251","Addis Ababa","et","eth","af","etb","游쀯릖","칈tiy칩piya"
"fi","358","Helsinki","fi","fin","eu","eur","游游","Fi콂l톝콂"
"fj","679","Suva","fj","fji","oc","fjd","游游","F칤ji"
"fk","500","Stanley","fk","flk","sa","fkp","游游","F치h치ki Luma Ti콂콂톝"
"fm","691","Palikir","fm","fsm","oc","usd","游游","Mikonisiya"
"fo","298","Torshavn","fo","fro","eu","dkk","游游","FO"
"fr","33","Paris","fr","fra","eu","eur","游游","F톝콂si"
"ga","241","Libreville","ga","gab","af","xaf","游섫릖","Gabh톖콂"
"gb","44","London","gb","gbr","eu","gbp","游섫릖","Yunait톝 K칤콂d톖콂"
"gd","1473","St. George's","gd","grd","na","xcd","游섫릖","Gurin칠da"
"ge","995","Tbilisi","ge","geo","as","gel","游섫릖","J톖톖jiya"
"gf","594","Cayenne","gf","guf","sa","eur","游섫릖","F톝콂si Giwana"
"gg","44","St Peter Port","gg","ggy","eu","gbp","游섫릖","GG"
"gh","233","Accra","gh","gha","af","ghs","游섫릖","Gana"
"gi","350","Gibraltar","gi","gib","eu","gip","游섫릖","Jibhurata"
"gl","299","Nuuk","gl","grl","na","dkk","游섫릖","Jamba Kuwa Luma칚"
"gm","220","Banjul","gm","gmb","af","gmd","游섫릖","Gambiya"
"gn","224","Conakry","gn","gin","af","gnf","游섫릖","Gini"
"gp","590","Basse-Terre","gp","glp","na","eur","游섫릖","Guwadelupe"
"gq","240","Malabo","gq","gnq","af","xaf","游섫릖","D칰칰ny치 T톝 Giini"
"gr","30","Athens","gr","grc","eu","eur","游섫릖","H톝l톝콂"
"gs","500","Grytviken","gs","sgs","an","gbp","游섫릖","GS"
"gt","502","Guatemala City","gt","gtm","na","gtq","游섫릖","Guwat톝mala"
"gu","1671","Hagatna","gu","gum","oc","usd","游섫릖","Guwami"
"gw","245","Bissau","gw","gnb","af","xof","游섫릖","Gini Bhisawo"
"gy","592","Georgetown","gy","guy","sa","gyd","游섫릖","Guyana"
"hk","852","Hong Kong","hk","hkg","as","hkd","游쇓릖","HK"
"hn","504","Tegucigalpa","hn","hnd","na","hnl","游쇓릖","H톖ndura"
"hr","385","Zagreb","hr","hrv","eu","hrk","游쇓릖","Koresiya"
"ht","509","Port-au-Prince","ht","hti","na","htg","游쇓릖","H치iti"
"hu","36","Budapest","hu","hun","eu","huf","游쇓릖","H톖패ngare"
"id","62","Jakarta","id","idn","as","idr","游쉻릖","칈ndonisiya"
"ie","353","Dublin","ie","irl","eu","eur","游쉻릖","츼re Luma칚"
"il","972","Jerusalem","il","isr","as","ils","游쉻릖","Bhan칤sil치ila"
"im","44","Douglas, Isle of Man","im","imn","eu","gbp","游쉻릖","IM"
"in","91","New Delhi","in","ind","as","inr","游쉻릖","칈ndiya"
"io","246","Diego Garcia","io","iot","as","usd","游쉻릖","Jeng칠esi Gbawoe 칈ndiya K톖iy톝 L톖"
"iq","964","Baghdad","iq","irq","as","iqd","游쉻릖","Iraki"
"ir","98","Tehran","ir","irn","as","irr","游쉻릖","Ira콂"
"is","354","Reykjavik","is","isl","eu","isk","游쉻릖","츼isi Luma칚"
"it","39","Rome","it","ita","eu","eur","游쉻릖","칈tali"
"je","44","Saint Helier","je","jey","eu","gbp","游游","JE"
"jm","1876","Kingston","jm","jam","na","jmd","游游","Jamaika"
"jo","962","Amman","jo","jor","as","jod","游游","J톖톖da콂"
"jp","81","Tokyo","jp","jpn","as","jpy","游游","Japa콂"
"ke","254","Nairobi","ke","ken","af","kes","游썷릖","K칠nya"
"kg","996","Bishkek","kg","kgz","as","kgs","游썷릖","Kigisita콂"
"kh","855","Phnom Penh","kh","khm","as","khr","游썷릖","Ka콂bhodiya"
"ki","686","Tarawa","ki","kir","oc","aud","游썷릖","Kiribhati"
"km","269","Moroni","km","com","af","kmf","游썷릖","Komorosi"
"kn","1869","Basseterre","kn","kna","na","xcd","游썷릖","Si콂 Kisi 톕톝패 Nevisi"
"kp","850","Pyongyang","kp","prk","as","kpw","游썷릖","Koriya K톖i Ka콂nd톖"
"kr","82","Seoul","kr","kor","as","krw","游썷릖","Koriya K톖i Le콂콂톝 L톖"
"kw","965","Kuwait City","kw","kwt","as","kwd","游썷릖","Kuweti"
"ky","1345","George Town","ky","cym","na","kyd","游썷릖","Keema콂 Ti콂콂톝"
"kz","7","Astana","kz","kaz","as","kzt","游썷릖","Kazasita콂"
"la","856","Vientiane","la","lao","as","lak","游쐟릖","Lawosi"
"lb","961","Beirut","lb","lbn","as","lbp","游쐟릖","Lebhan톖"
"lc","1758","Castries","lc","lca","na","xcd","游쐟릖","Si콂 Lusiya"
"li","423","Vaduz","li","lie","eu","chf","游쐟릖","LI"
"lk","94","Colombo","lk","lka","as","lkr","游쐟릖","Suri La콂ka"
"lr","231","Monrovia","lr","lbr","af","lrd","游쐟릖","Laibhiya"
"ls","266","Maseru","ls","lso","af","lsl","游쐟릖","Lis칩to"
"lt","370","Vilnius","lt","ltu","eu","ltl","游쐟릖","Lituweninya"
"lu","352","Luxembourg","lu","lux","eu","eur","游쐟릖","Lusimb톖"
"lv","371","Riga","lv","lva","eu","eur","游쐟릖","Lativiya"
"ly","218","Tripolis","ly","lby","af","lyd","游쐟릖","Lebhiya"
"ma","212","Rabat","ma","mar","af","mad","游쓇릖","M톖roko"
"mc","377","Monaco","mc","mco","eu","eur","游쓇릖","M톖nako"
"md","373","Chisinau","md","mda","eu","mdl","游쓇릖","M톖lidova"
"me","382","Podgorica","me","mne","eu","eur","游쓇릖","ME"
"mf","590","Marigot","mf","maf","na","eur","游쓇릖","MF"
"mg","261","Antananarivo","mg","mdg","af","mga","游쓇릖","Madagasita"
"mh","692","Majuro","mh","mhl","oc","usd","游쓇릖","Masha Ti콂콂톝"
"mk","389","Skopje","mk","mkd","eu","mkd","游쓇릖","MK"
"ml","223","Bamako","ml","mli","af","xof","游쓇릖","Mali"
"mm","95","Nay Pyi Taw","mm","mmr","as","mmk","游쓇릖","Miyamaha"
"mn","976","Ulan Bator","mn","mng","as","mnt","游쓇릖","M톖ngoliya"
"mo","853","Macao","mo","mac","as","mop","游쓇릖","MO"
"mp","1670","Saipan","mp","mnp","oc","usd","游쓇릖","K톖i Ka콂nd톖 Mariyana Ti콂콂톝"
"mq","596","Fort-de-France","mq","mtq","na","eur","游쓇릖","Matiniki"
"mr","222","Nouakchott","mr","mrt","af","mro","游쓇릖","M톖retaninya"
"ms","1664","Plymouth","ms","msr","na","xcd","游쓇릖","M톖serati"
"mt","356","Valletta","mt","mlt","eu","eur","游쓇릖","Malita"
"mu","230","Port Louis","mu","mus","af","mur","游쓇릖","M톖resh톖"
"mv","960","Male","mv","mdv","as","mvr","游쓇릖","Malidavi"
"mw","265","Lilongwe","mw","mwi","af","mwk","游쓇릖","Malawi"
"mx","52","Mexico City","mx","mex","na","mxn","游쓇릖","M톝s칤ko"
"my","60","Kuala Lumpur","my","mys","as","myr","游쓇릖","Malesiya"
"mz","258","Maputo","mz","moz","af","mzn","游쓇릖","Mozambiki"
"na","264","Windhoek","na","nam","af","nad","游游","Namibiya"
"nc","687","Noumea","nc","ncl","oc","xpf","游游","Kalidoninya N치ma치"
"ne","227","Niamey","ne","ner","af","xof","游游","Na캴ja"
"nf","672","Kingston","nf","nfk","oc","aud","游游","N톖f톖 Ti콂콂톝"
"ng","234","Abuja","ng","nga","af","ngn","游游","Na캴jiriya"
"ni","505","Managua","ni","nic","na","nio","游游","Nikaraguwa"
"nl","31","Amsterdam","nl","nld","eu","eur","游游","Nid톖l톝콂"
"no","47","Oslo","no","nor","eu","nok","游游","N톖톖we"
"np","977","Kathmandu","np","npl","as","npr","游游","Nepa"
"nr","674","Yaren","nr","nru","oc","aud","游游","Noru"
"nu","683","Alofi","nu","niu","oc","nzd","游游","Niwe"
"nz","64","Wellington","nz","nzl","oc","nzd","游游","Zil톝콂 N치ma치"
"om","968","Muscat","om","omn","as","omr","游엃릖","Oma콂"
"pa","507","Panama City","pa","pan","na","pab","游왫릖","Panama"
"pe","51","Lima","pe","per","sa","pen","游왫릖","P톝ru"
"pf","689","Papeete","pf","pyf","oc","xpf","游왫릖","F톝콂si Polin칤siya"
"pg","675","Port Moresby","pg","png","oc","pgk","游왫릖","Papuwa Gini N치ma치"
"ph","63","Manila","ph","phl","as","php","游왫릖","F칠lepi콂"
"pk","92","Islamabad","pk","pak","as","pkr","游왫릖","Pakisita콂"
"pl","48","Warsaw","pl","pol","eu","pln","游왫릖","P칩l톝콂"
"pm","508","Saint-Pierre","pm","spm","na","eur","游왫릖","Si콂 Piiy톝 톕톝패 Mikel톖콂"
"pn","870","Adamstown","pn","pcn","oc","nzd","游왫릖","Pitik톝콂"
"pr","1787","San Juan","pr","pri","na","usd","游왫릖","Piyuto Riko"
"ps","970","East Jerusalem","ps","pse","as","ils","游왫릖","Palesitininya Tele Jii K톖iy톝 l치 h캴 Gaza"
"pt","351","Lisbon","pt","prt","eu","eur","游왫릖","Potok칤i"
"pw","680","Melekeok","pw","plw","oc","usd","游왫릖","Palo"
"py","595","Asuncion","py","pry","sa","pyg","游왫릖","Parag톖e"
"qa","974","Doha","qa","qat","as","qar","游윓릖","Kataha"
"re","262","Saint-Denis","re","reu","af","eur","游游","Reny톖톖팪"
"ro","40","Bucharest","ro","rou","eu","ron","游游","Romininya"
"rs","381","Belgrade","rs","srb","eu","rsd","游游","RS"
"ru","7","Moscow","ru","rus","eu","rub","游游","R톖shiya"
"rw","250","Kigali","rw","rwa","af","rwf","游游","Rawunda"
"sa","966","Riyadh","sa","sau","as","sar","游젏릖","Lahabu"
"sb","677","Honiara","sb","slb","oc","sbd","游젏릖","Sulaima칚na Ti콂콂톝"
"sc","248","Victoria","sc","syc","af","scr","游젏릖","Sesh톝톝"
"sd","249","Khartoum","sd","sdn","af","sdg","游젏릖","Sud톝콂"
"se","46","Stockholm","se","swe","eu","sek","游젏릖","Suwid톝콂"
"sg","65","Singapur","sg","sgp","as","sgd","游젏릖","S칤ingapoo"
"sh","290","Jamestown","sh","shn","af","shp","游젏릖","Si콂 H톝lina"
"si","386","Ljubljana","si","svn","eu","eur","游젏릖","Suloveninya"
"sj","47","Longyearbyen","sj","sjm","eu","nok","游젏릖","SJ"
"sk","421","Bratislava","sk","svk","eu","eur","游젏릖","Sulovakiya"
"sl","232","Freetown","sl","sle","af","sll","游젏릖","Gbeya Bahaw톖"
"sm","378","San Marino","sm","smr","eu","eur","游젏릖","Sa콂 Marindo"
"sn","221","Dakar","sn","sen","af","xof","游젏릖","Sinigaha"
"so","252","Mogadishu","so","som","af","sos","游젏릖","Somaliya"
"sr","597","Paramaribo","sr","sur","sa","srd","游젏릖","Surinambe"
"ss","211","Juba","ss","ssd","af","ssp","游젏릖","SS"
"st","239","Sao Tome","st","stp","af","std","游젏릖","Sawo Tombe 톕톝 a Gbawoe"
"sv","503","San Salvador","sv","slv","na","usd","游젏릖","쿯l톝 S치v치d톖"
"sx","599","Philipsburg","sx","sxm","na","ang","游젏릖","SX"
"sy","963","Damascus","sy","syr","as","syp","游젏릖","S칤ya콂"
"sz","268","Mbabane","sz","swz","af","szl","游젏릖","Suwazi Luma칚"
"tc","1649","Cockburn Town","tc","tca","na","usd","游좷릖","Tukisi 톕톝 Kaik칩osi Ti콂콂톝"
"td","235","N'Djamena","td","tcd","af","xaf","游좷릖","Ch치di"
"tf","","Port-aux-Francais","tf","atf","an","eur","游좷릖","TF"
"tg","228","Lome","tg","tgo","af","xof","游좷릖","Togo"
"th","66","Bangkok","th","tha","as","thb","游좷릖","Tai Luma칚"
"tj","992","Dushanbe","tj","tjk","as","tjs","游좷릖","Tajikisita콂"
"tk","690","","tk","tkl","oc","nzd","游좷릖","Tokelo"
"tl","670","Dili","tl","tls","oc","usd","游좷릖","Tele 쿠톖패 Tim톖톖팪"
"tm","993","Ashgabat","tm","tkm","as","tmt","游좷릖","Tukim톝nisita콂"
"tn","216","Tunis","tn","tun","af","tnd","游좷릖","Tunisiya"
"to","676","Nuku'alofa","to","ton","oc","top","游좷릖","T톖nga"
"tr","90","Ankara","tr","tur","as","try","游좷릖","T톖패톖패ki"
"tt","1868","Port of Spain","tt","tto","na","ttd","游좷릖","Turindeda 톕톝패 Tobhego"
"tv","688","Funafuti","tv","tuv","oc","aud","游좷릖","Tuv치lu"
"tw","886","Taipei","tw","twn","as","twd","游좷릖","Taiwa콂"
"tz","255","Dodoma","tz","tza","af","tzs","游좷릖","Ta콂zaninya"
"ua","380","Kiev","ua","ukr","eu","uah","游쥟릖","Yukur칠콂"
"ug","256","Kampala","ug","uga","af","ugx","游쥟릖","Yuganda"
"um","246","","um","umi","oc","usd","游쥟릖","UM"
"us","1","Washington","us","usa","na","usd","游쥟릖","Poo"
"uy","598","Montevideo","uy","ury","sa","uyu","游쥟릖","Yuweg톖we"
"uz","998","Tashkent","uz","uzb","as","uzs","游쥟릖","Yubh톝kisita콂"
"va","379","Vatican City","va","vat","eu","eur","游游","Vatika콂 쿠oloe"
"vc","1784","Kingstown","vc","vct","na","xcd","游游","Si콂 Vi콂si"
"ve","58","Caracas","ve","ven","sa","vef","游游","V톝n톝zuwela"
"vg","1284","Road Town","vg","vgb","na","usd","游游","Jeng칠esi Bh톝톝 L톖 Musu Ti콂콂톝"
"vi","1340","Charlotte Amalie","vi","vir","na","usd","游游","Poo Bh톝톝 l톖 Musu Ti콂콂톝"
"vn","84","Hanoi","vn","vnm","as","vnd","游游","Viyanami"
"vu","678","Port Vila","vu","vut","oc","vuv","游游","Vanuw치tu"
"wf","681","Mata Utu","wf","wlf","oc","xpf","游쩛릖","Wal칤si"
"ws","685","Apia","ws","wsm","oc","wst","游쩛릖","Samowa"
"xk","383","Pristina","xk","xkx","eu","eur","游쬃릖","XK"
"ye","967","Sanaa","ye","yem","as","yer","游쮫릖","Yem톝ni"
"yt","262","Mamoudzou","yt","myt","af","eur","游쮫릖","Mavote"
"za","27","Pretoria","za","zaf","af","zar","游游","Afirika K톖i Le콂콂톝 L톖"
"zm","260","Lusaka","zm","zmb","af","zmk","游游","Zambiya"
"zw","263","Harare","zw","zwe","af","zwl","游游","Zimbabhuwe"
