"id","calling_code","capital_city","code_2","code_3","continent_id","currency_id","flag","name"
"ad","376","Andorra la Vella","ad","and","eu","eur","游뷣릖","Andoor"
"ae","971","Abu Dhabi","ae","are","as","aed","游뷣릖","Emira Arab Ini"
"af","93","Kabul","af","afg","as","afn","游뷣릖","Afganista콂"
"ag","1268","St. John's","ag","atg","na","xcd","游뷣릖","Antiguwa ak Barbuda"
"ai","1264","The Valley","ai","aia","na","xcd","游뷣릖","Angiiy"
"al","355","Tirana","al","alb","eu","all","游뷣릖","Albani"
"am","374","Yerevan","am","arm","as","amd","游뷣릖","Armeni"
"ao","244","Luanda","ao","ago","af","aoa","游뷣릖","ngolaa"
"aq","672","","aq","ata","an","","游뷣릖","Antarktik"
"ar","54","Buenos Aires","ar","arg","sa","ars","游뷣릖","Ars맕tin"
"as","1684","Pago Pago","as","asm","oc","usd","游뷣릖","Samowa bu Amerig"
"at","43","Vienna","at","aut","eu","eur","游뷣릖","칍tiriis"
"au","61","Canberra","au","aus","oc","aud","游뷣릖","Ostarali"
"aw","297","Oranjestad","aw","abw","na","awg","游뷣릖","Aruba"
"ax","358","Mariehamn","ax","ala","eu","eur","游뷣릖","Duni Aal맕d"
"az","994","Baku","az","aze","as","azn","游뷣릖","Aserbayja콂"
"ba","387","Sarajevo","ba","bih","eu","bam","游游","Bosni Ersegowin"
"bb","1246","Bridgetown","bb","brb","na","bbd","游游","Barbad"
"bd","880","Dhaka","bd","bgd","as","bdt","游游","Bengalades"
"be","32","Brussels","be","bel","eu","eur","游游","Belsig"
"bf","226","Ouagadougou","bf","bfa","af","xof","游游","Burkina Faaso"
"bg","359","Sofia","bg","bgr","eu","bgn","游游","Bilgari"
"bh","973","Manama","bh","bhr","as","bhd","游游","Bahreyin"
"bi","257","Bujumbura","bi","bdi","af","bif","游游","Burundi"
"bj","229","Porto-Novo","bj","ben","af","xof","游游","Benee"
"bl","590","Gustavia","bl","blm","na","eur","游游","Sa콂 Bartalemi"
"bm","1441","Hamilton","bm","bmu","na","bmd","游游","Bermid"
"bn","673","Bandar Seri Begawan","bn","brn","as","bnd","游游","Burney"
"bo","591","Sucre","bo","bol","sa","bob","游游","Boliwi"
"bq","599","","bq","bes","na","usd","游游","BQ"
"br","55","Brasilia","br","bra","sa","brl","游游","Beresil"
"bs","1242","Nassau","bs","bhs","na","bsd","游游","Bahamas"
"bt","975","Thimphu","bt","btn","as","btn","游游","Buta콂"
"bv","55","","bv","bvt","an","nok","游游","Dunu Buwet"
"bw","267","Gaborone","bw","bwa","af","bwp","游游","Botswana"
"by","375","Minsk","by","blr","eu","byr","游游","Belaris"
"bz","501","Belmopan","bz","blz","na","bzd","游游","Belis"
"ca","1","Ottawa","ca","can","na","cad","游뻟릖","Kanadaa"
"cc","61","West Island","cc","cck","as","aud","游뻟릖","Duni Koko (Kilin)"
"cd","243","Kinshasa","cd","cod","af","cdf","游뻟릖","CD"
"cf","236","Bangui","cf","caf","af","xaf","游뻟릖","Repiblik S맕tar Afrik"
"cg","242","Brazzaville","cg","cog","af","xaf","游뻟릖","CG"
"ch","41","Berne","ch","che","eu","chf","游뻟릖","Siwis"
"ci","225","Yamoussoukro","ci","civ","af","xof","游뻟릖","Kodiwaar"
"ck","682","Avarua","ck","cok","oc","nzd","游뻟릖","Duni Kuuk"
"cl","56","Santiago","cl","chl","sa","clp","游뻟릖","Sili"
"cm","237","Yaounde","cm","cmr","af","xaf","游뻟릖","Kamerun"
"cn","86","Beijing","cn","chn","as","cny","游뻟릖","Siin"
"co","57","Bogota","co","col","sa","cop","游뻟릖","Kolombi"
"cr","506","San Jose","cr","cri","na","crc","游뻟릖","Kosta Rika"
"cu","53","Havana","cu","cub","na","cup","游뻟릖","Kuba"
"cv","238","Praia","cv","cpv","af","cve","游뻟릖","Kabo Werde"
"cw","599"," Willemstad","cw","cuw","na","ang","游뻟릖","Kursawo"
"cx","61","Flying Fish Cove","cx","cxr","as","aud","游뻟릖","Dunu Kirismas"
"cy","357","Nicosia","cy","cyp","eu","eur","游뻟릖","Siipar"
"cz","420","Prague","cz","cze","eu","czk","游뻟릖","R칠ewum Cek"
"de","49","Berlin","de","deu","eu","eur","游뾇릖","Almaa침"
"dj","253","Djibouti","dj","dji","af","djf","游뾇릖","Jibuti"
"dk","45","Copenhagen","dk","dnk","eu","dkk","游뾇릖","Danmrk"
"dm","1767","Roseau","dm","dma","na","xcd","游뾇릖","Dominik"
"do","1809","Santo Domingo","do","dom","na","dop","游뾇릖","Repiblik Dominiken"
"dz","213","Algiers","dz","dza","af","dzd","游뾇릖","Alseri"
"ec","593","Quito","ec","ecu","sa","usd","游쀯릖","Ekwaat칢r"
"ee","372","Tallinn","ee","est","eu","eur","游쀯릖","Estoni"
"eg","20","Cairo","eg","egy","af","egp","游쀯릖","Esipt"
"eh","212","El-Aaiun","eh","esh","af","mad","游쀯릖","EH"
"er","291","Asmara","er","eri","af","ern","游쀯릖","Eritere"
"es","34","Madrid","es","esp","eu","eur","游쀯릖","Espa침"
"et","251","Addis Ababa","et","eth","af","etb","游쀯릖","Ecopi"
"fi","358","Helsinki","fi","fin","eu","eur","游游","Finl맕d"
"fj","679","Suva","fj","fji","oc","fjd","游游","Fijji"
"fk","500","Stanley","fk","flk","sa","fkp","游游","Duni Falkland"
"fm","691","Palikir","fm","fsm","oc","usd","游游","Mikoronesi"
"fo","298","Torshavn","fo","fro","eu","dkk","游游","Duni Faro"
"fr","33","Paris","fr","fra","eu","eur","游游","Faraans"
"ga","241","Libreville","ga","gab","af","xaf","游섫릖","Gabo콂"
"gb","44","London","gb","gbr","eu","gbp","游섫릖","Ruwaayom Ini"
"gd","1473","St. George's","gd","grd","na","xcd","游섫릖","Garanad"
"ge","995","Tbilisi","ge","geo","as","gel","游섫릖","Seworsi"
"gf","594","Cayenne","gf","guf","sa","eur","游섫릖","Guyaan Fara침se"
"gg","44","St Peter Port","gg","ggy","eu","gbp","游섫릖","Gernase"
"gh","233","Accra","gh","gha","af","ghs","游섫릖","Gana"
"gi","350","Gibraltar","gi","gib","eu","gip","游섫릖","Sibraltaar"
"gl","299","Nuuk","gl","grl","na","dkk","游섫릖","Girinl맕d"
"gm","220","Banjul","gm","gmb","af","gmd","游섫릖","G맔bi"
"gn","224","Conakry","gn","gin","af","gnf","游섫릖","Gine"
"gp","590","Basse-Terre","gp","glp","na","eur","游섫릖","Guwaadelup"
"gq","240","Malabo","gq","gnq","af","xaf","游섫릖","Gine Ekuwatoriyal"
"gr","30","Athens","gr","grc","eu","eur","游섫릖","Gerees"
"gs","500","Grytviken","gs","sgs","an","gbp","游섫릖","Seworsi di Sid ak Duni S맕dwiis di Sid"
"gt","502","Guatemala City","gt","gtm","na","gtq","游섫릖","Guwatemala"
"gu","1671","Hagatna","gu","gum","oc","usd","游섫릖","Guwam"
"gw","245","Bissau","gw","gnb","af","xof","游섫릖","Gine-Bisaaw칩o"
"gy","592","Georgetown","gy","guy","sa","gyd","游섫릖","Giyaan"
"hk","852","Hong Kong","hk","hkg","as","hkd","游쇓릖","HK"
"hn","504","Tegucigalpa","hn","hnd","na","hnl","游쇓릖","Onduraas"
"hr","385","Zagreb","hr","hrv","eu","hrk","游쇓릖","Korowasi"
"ht","509","Port-au-Prince","ht","hti","na","htg","游쇓릖","Ayti"
"hu","36","Budapest","hu","hun","eu","huf","游쇓릖","Ongari"
"id","62","Jakarta","id","idn","as","idr","游쉻릖","Indonesi"
"ie","353","Dublin","ie","irl","eu","eur","游쉻릖","Irl맕d"
"il","972","Jerusalem","il","isr","as","ils","游쉻릖","Israyel"
"im","44","Douglas, Isle of Man","im","imn","eu","gbp","游쉻릖","Dunu Maan"
"in","91","New Delhi","in","ind","as","inr","游쉻릖","End"
"io","246","Diego Garcia","io","iot","as","usd","游쉻릖","Terituwaaru Br칢taa침 ci Oseyaa Enje콂"
"iq","964","Baghdad","iq","irq","as","iqd","游쉻릖","Irag"
"ir","98","Tehran","ir","irn","as","irr","游쉻릖","Ira콂"
"is","354","Reykjavik","is","isl","eu","isk","游쉻릖","Isl맕d"
"it","39","Rome","it","ita","eu","eur","游쉻릖","Itali"
"je","44","Saint Helier","je","jey","eu","gbp","游游","Serse"
"jm","1876","Kingston","jm","jam","na","jmd","游游","Samayig"
"jo","962","Amman","jo","jor","as","jod","游游","Sordani"
"jp","81","Tokyo","jp","jpn","as","jpy","游游","S맗po콂"
"ke","254","Nairobi","ke","ken","af","kes","游썷릖","Kee침a"
"kg","996","Bishkek","kg","kgz","as","kgs","游썷릖","Kirgista콂"
"kh","855","Phnom Penh","kh","khm","as","khr","游썷릖","K맔boj"
"ki","686","Tarawa","ki","kir","oc","aud","游썷릖","Kiribati"
"km","269","Moroni","km","com","af","kmf","游썷릖","Komoor"
"kn","1869","Basseterre","kn","kna","na","xcd","游썷릖","Sa콂 Kits ak Newis"
"kp","850","Pyongyang","kp","prk","as","kpw","游썷릖","Kore Noor"
"kr","82","Seoul","kr","kor","as","krw","游썷릖","KR"
"kw","965","Kuwait City","kw","kwt","as","kwd","游썷릖","Kowet"
"ky","1345","George Town","ky","cym","na","kyd","游썷릖","Duni Kayma콂"
"kz","7","Astana","kz","kaz","as","kzt","游썷릖","Kasaxsta콂"
"la","856","Vientiane","la","lao","as","lak","游쐟릖","Lawos"
"lb","961","Beirut","lb","lbn","as","lbp","游쐟릖","Libaa"
"lc","1758","Castries","lc","lca","na","xcd","游쐟릖","Sa콂 Lusi"
"li","423","Vaduz","li","lie","eu","chf","游쐟릖","Liktensteyin"
"lk","94","Colombo","lk","lka","as","lkr","游쐟릖","Siri L맕ka"
"lr","231","Monrovia","lr","lbr","af","lrd","游쐟릖","Liberiya"
"ls","266","Maseru","ls","lso","af","lsl","游쐟릖","Lesoto"
"lt","370","Vilnius","lt","ltu","eu","ltl","游쐟릖","Litiyani"
"lu","352","Luxembourg","lu","lux","eu","eur","游쐟릖","Liks맔bur"
"lv","371","Riga","lv","lva","eu","eur","游쐟릖","Letoni"
"ly","218","Tripolis","ly","lby","af","lyd","游쐟릖","Libi"
"ma","212","Rabat","ma","mar","af","mad","游쓇릖","Marog"
"mc","377","Monaco","mc","mco","eu","eur","游쓇릖","Monako"
"md","373","Chisinau","md","mda","eu","mdl","游쓇릖","Moldawi"
"me","382","Podgorica","me","mne","eu","eur","游쓇릖","Montenegoro"
"mf","590","Marigot","mf","maf","na","eur","游쓇릖","Sa콂 Marte콂"
"mg","261","Antananarivo","mg","mdg","af","mga","游쓇릖","Madagaskaar"
"mh","692","Majuro","mh","mhl","oc","usd","游쓇릖","Duni Marsaal"
"mk","389","Skopje","mk","mkd","eu","mkd","游쓇릖","Maseduwaan b칢j G맕naar"
"ml","223","Bamako","ml","mli","af","xof","游쓇릖","Mali"
"mm","95","Nay Pyi Taw","mm","mmr","as","mmk","游쓇릖","Miyanmaar"
"mn","976","Ulan Bator","mn","mng","as","mnt","游쓇릖","Mongoli"
"mo","853","Macao","mo","mac","as","mop","游쓇릖","MO"
"mp","1670","Saipan","mp","mnp","oc","usd","游쓇릖","Duni Mariyaan Noor"
"mq","596","Fort-de-France","mq","mtq","na","eur","游쓇릖","Martinik"
"mr","222","Nouakchott","mr","mrt","af","mro","游쓇릖","Mooritani"
"ms","1664","Plymouth","ms","msr","na","xcd","游쓇릖","Mooseraa"
"mt","356","Valletta","mt","mlt","eu","eur","游쓇릖","Malt"
"mu","230","Port Louis","mu","mus","af","mur","游쓇릖","Moriis"
"mv","960","Male","mv","mdv","as","mvr","游쓇릖","Maldiiw"
"mw","265","Lilongwe","mw","mwi","af","mwk","游쓇릖","Malawi"
"mx","52","Mexico City","mx","mex","na","mxn","游쓇릖","Meksiko"
"my","60","Kuala Lumpur","my","mys","as","myr","游쓇릖","Malesi"
"mz","258","Maputo","mz","moz","af","mzn","游쓇릖","Mos맔big"
"na","264","Windhoek","na","nam","af","nad","游游","Namibi"
"nc","687","Noumea","nc","ncl","oc","xpf","游游","Nuwel Kaledoni"
"ne","227","Niamey","ne","ner","af","xof","游游","Niiseer"
"nf","672","Kingston","nf","nfk","oc","aud","游游","Dunu Norfolk"
"ng","234","Abuja","ng","nga","af","ngn","游游","Niseriya"
"ni","505","Managua","ni","nic","na","nio","游游","Nikaraguwa"
"nl","31","Amsterdam","nl","nld","eu","eur","游游","Peyi Baa"
"no","47","Oslo","no","nor","eu","nok","游游","Norwees"
"np","977","Kathmandu","np","npl","as","npr","游游","Nepaal"
"nr","674","Yaren","nr","nru","oc","aud","游游","Nawru"
"nu","683","Alofi","nu","niu","oc","nzd","游游","Niw"
"nz","64","Wellington","nz","nzl","oc","nzd","游游","Nuwel Sel맕d"
"om","968","Muscat","om","omn","as","omr","游엃릖","Omaan"
"pa","507","Panama City","pa","pan","na","pab","游왫릖","Panama"
"pe","51","Lima","pe","per","sa","pen","游왫릖","Peru"
"pf","689","Papeete","pf","pyf","oc","xpf","游왫릖","Polinesi Fara침se"
"pg","675","Port Moresby","pg","png","oc","pgk","游왫릖","Papuwasi Gine Gu Bees"
"ph","63","Manila","ph","phl","as","php","游왫릖","Filipin"
"pk","92","Islamabad","pk","pak","as","pkr","游왫릖","Pakista콂"
"pl","48","Warsaw","pl","pol","eu","pln","游왫릖","Polo침"
"pm","508","Saint-Pierre","pm","spm","na","eur","游왫릖","Sa콂 Peer ak Mikelo콂"
"pn","870","Adamstown","pn","pcn","oc","nzd","游왫릖","Duni Pitkayirn"
"pr","1787","San Juan","pr","pri","na","usd","游왫릖","Porto Riko"
"ps","970","East Jerusalem","ps","pse","as","ils","游왫릖","PS"
"pt","351","Lisbon","pt","prt","eu","eur","游왫릖","Portigaal"
"pw","680","Melekeok","pw","plw","oc","usd","游왫릖","Palaw"
"py","595","Asuncion","py","pry","sa","pyg","游왫릖","Paraguwe"
"qa","974","Doha","qa","qat","as","qar","游윓릖","Kataar"
"re","262","Saint-Denis","re","reu","af","eur","游游","Ree침oo"
"ro","40","Bucharest","ro","rou","eu","ron","游游","Rumani"
"rs","381","Belgrade","rs","srb","eu","rsd","游游","Serbi"
"ru","7","Moscow","ru","rus","eu","rub","游游","Risi"
"rw","250","Kigali","rw","rwa","af","rwf","游游","Ruw맕da"
"sa","966","Riyadh","sa","sau","as","sar","游젏릖","Arabi Sawudi"
"sb","677","Honiara","sb","slb","oc","sbd","游젏릖","Duni Salmoon"
"sc","248","Victoria","sc","syc","af","scr","游젏릖","Seysel"
"sd","249","Khartoum","sd","sdn","af","sdg","游젏릖","Suda콂"
"se","46","Stockholm","se","swe","eu","sek","游젏릖","Suwed"
"sg","65","Singapur","sg","sgp","as","sgd","游젏릖","Singapuur"
"sh","290","Jamestown","sh","shn","af","shp","游젏릖","Sa콂 Eleen"
"si","386","Ljubljana","si","svn","eu","eur","游젏릖","Esloweni"
"sj","47","Longyearbyen","sj","sjm","eu","nok","游젏릖","Swalbaar ak Jan Mayen"
"sk","421","Bratislava","sk","svk","eu","eur","游젏릖","Eslowaki"
"sl","232","Freetown","sl","sle","af","sll","游젏릖","Siyera Lewon"
"sm","378","San Marino","sm","smr","eu","eur","游젏릖","San Marino"
"sn","221","Dakar","sn","sen","af","xof","游젏릖","Senegaal"
"so","252","Mogadishu","so","som","af","sos","游젏릖","Somali"
"sr","597","Paramaribo","sr","sur","sa","srd","游젏릖","Sirinam"
"ss","211","Juba","ss","ssd","af","ssp","游젏릖","Suda콂 di Sid"
"st","239","Sao Tome","st","stp","af","std","游젏릖","Sawo Tome ak Pirinsipe"
"sv","503","San Salvador","sv","slv","na","usd","游젏릖","El Salwadoor"
"sx","599","Philipsburg","sx","sxm","na","ang","游젏릖","Sin Marten"
"sy","963","Damascus","sy","syr","as","syp","游젏릖","Siri"
"sz","268","Mbabane","sz","swz","af","szl","游젏릖","Suwasil맕d"
"tc","1649","Cockburn Town","tc","tca","na","usd","游좷릖","Duni Tirk ak Kaykos"
"td","235","N'Djamena","td","tcd","af","xaf","游좷릖","C맋d"
"tf","","Port-aux-Francais","tf","atf","an","eur","游좷릖","Teer Ostraal gu Fraas"
"tg","228","Lome","tg","tgo","af","xof","游좷릖","Togo"
"th","66","Bangkok","th","tha","as","thb","游좷릖","Tayl맕d"
"tj","992","Dushanbe","tj","tjk","as","tjs","游좷릖","Tajikista콂"
"tk","690","","tk","tkl","oc","nzd","游좷릖","Tokoloo"
"tl","670","Dili","tl","tls","oc","usd","游좷릖","Timor Leste"
"tm","993","Ashgabat","tm","tkm","as","tmt","游좷릖","Tirkmenista콂"
"tn","216","Tunis","tn","tun","af","tnd","游좷릖","Tinisi"
"to","676","Nuku'alofa","to","ton","oc","top","游좷릖","Tonga"
"tr","90","Ankara","tr","tur","as","try","游좷릖","Tirki"
"tt","1868","Port of Spain","tt","tto","na","ttd","游좷릖","Tirinite ak Tobago"
"tv","688","Funafuti","tv","tuv","oc","aud","游좷릖","Tuwalo"
"tw","886","Taipei","tw","twn","as","twd","游좷릖","Taywan"
"tz","255","Dodoma","tz","tza","af","tzs","游좷릖","Ta콂sani"
"ua","380","Kiev","ua","ukr","eu","uah","游쥟릖","Ikeren"
"ug","256","Kampala","ug","uga","af","ugx","游쥟릖","Ug맕da"
"um","246","","um","umi","oc","usd","游쥟릖","Duni Amerig Utar meer"
"us","1","Washington","us","usa","na","usd","游쥟릖","Etaa Sini"
"uy","598","Montevideo","uy","ury","sa","uyu","游쥟릖","Uruge"
"uz","998","Tashkent","uz","uzb","as","uzs","游쥟릖","Usbekista콂"
"va","379","Vatican City","va","vat","eu","eur","游游","Site bu Watikaa"
"vc","1784","Kingstown","vc","vct","na","xcd","游游","Sa콂 Weesaa ak Garanadin"
"ve","58","Caracas","ve","ven","sa","vef","游游","Wenesiyela"
"vg","1284","Road Town","vg","vgb","na","usd","游游","Duni Wirsin yu Br칢taa침"
"vi","1340","Charlotte Amalie","vi","vir","na","usd","游游","Duni Wirsin yu Etaa-sini"
"vn","84","Hanoi","vn","vnm","as","vnd","游游","Wiyetnam"
"vu","678","Port Vila","vu","vut","oc","vuv","游游","Wanuatu"
"wf","681","Mata Utu","wf","wlf","oc","xpf","游쩛릖","Walis ak Futuna"
"ws","685","Apia","ws","wsm","oc","wst","游쩛릖","Samowa"
"xk","383","Pristina","xk","xkx","eu","eur","游쬃릖","Kosowo"
"ye","967","Sanaa","ye","yem","as","yer","游쮫릖","Yaman"
"yt","262","Mamoudzou","yt","myt","af","eur","游쮫릖","Mayot"
"za","27","Pretoria","za","zaf","af","zar","游游","Afrik di Sid"
"zm","260","Lusaka","zm","zmb","af","zmk","游游","S맔bi"
"zw","263","Harare","zw","zwe","af","zwl","游游","Simbabwe"
