"id","calling_code","capital_city","code_2","code_3","continent_id","currency_id","flag","name"
"ad","376","Andorra la Vella","ad","and","eu","eur","游뷣릖","A콂t칰la"
"ae","971","Abu Dhabi","ae","are","as","aed","游뷣릖","imil치at i paal치ap"
"af","93","Kabul","af","afg","as","afn","游뷣릖","Afkanist치콂"
"ag","1268","St. John's","ag","atg","na","xcd","游뷣릖","A콂t칤ka na Palp칰ta"
"ai","1264","The Valley","ai","aia","na","xcd","游뷣릖","A콂k칤la"
"al","355","Tirana","al","alb","eu","all","游뷣릖","Alpan칤"
"am","374","Yerevan","am","arm","as","amd","游뷣릖","Alman칤a"
"ao","244","Luanda","ao","ago","af","aoa","游뷣릖","A콂k칰la"
"aq","672","","aq","ata","an","","游뷣릖","AQ"
"ar","54","Buenos Aires","ar","arg","sa","ars","游뷣릖","Alsa콂t칤n"
"as","1684","Pago Pago","as","asm","oc","usd","游뷣릖","S치mua u Amel칤ka"
"at","43","Vienna","at","aut","eu","eur","游뷣릖","Otil칤s"
"au","61","Canberra","au","aus","oc","aud","游뷣릖","Otalal칤"
"aw","297","Oranjestad","aw","abw","na","awg","游뷣릖","Al칰pa"
"ax","358","Mariehamn","ax","ala","eu","eur","游뷣릖","AX"
"az","994","Baku","az","aze","as","azn","游뷣릖","As톝lpais치콂"
"ba","387","Sarajevo","ba","bih","eu","bam","游游","Pusin칤-톝lkof칤na"
"bb","1246","Bridgetown","bb","brb","na","bbd","游游","Palpat칩s"
"bd","880","Dhaka","bd","bgd","as","bdt","游游","Pa콂kalat톝s"
"be","32","Brussels","be","bel","eu","eur","游游","P톝ls칤ik"
"bf","226","Ouagadougou","bf","bfa","af","xof","游游","Pulik칤naf치s칩"
"bg","359","Sofia","bg","bgr","eu","bgn","游游","Pulukal칤i"
"bh","973","Manama","bh","bhr","as","bhd","游游","Pal톝콂"
"bi","257","Bujumbura","bi","bdi","af","bif","游游","P칰l칰nd칤"
"bj","229","Porto-Novo","bj","ben","af","xof","游游","Pen톝콂"
"bl","590","Gustavia","bl","blm","na","eur","游游","BL"
"bm","1441","Hamilton","bm","bmu","na","bmd","游游","P톝lm칰ta"
"bn","673","Bandar Seri Begawan","bn","brn","as","bnd","游游","Pulun칠y"
"bo","591","Sucre","bo","bol","sa","bob","游游","Pol칤fia"
"bq","599","","bq","bes","na","usd","游游","BQ"
"br","55","Brasilia","br","bra","sa","brl","游游","Piles칤l"
"bs","1242","Nassau","bs","bhs","na","bsd","游游","Pah치mas"
"bt","975","Thimphu","bt","btn","as","btn","游游","Puta콂"
"bv","55","","bv","bvt","an","nok","游游","BV"
"bw","267","Gaborone","bw","bwa","af","bwp","游游","Posu치na"
"by","375","Minsk","by","blr","eu","byr","游游","Pelal칰s"
"bz","501","Belmopan","bz","blz","na","bzd","游游","Pel칤se"
"ca","1","Ottawa","ca","can","na","cad","游뻟릖","K치n치ta"
"cc","61","West Island","cc","cck","as","aud","游뻟릖","CC"
"cd","243","Kinshasa","cd","cod","af","cdf","游뻟릖","kit톖콂 k칤 kong칩"
"cf","236","Bangui","cf","caf","af","xaf","游뻟릖","Santalafil칤ik"
"cg","242","Brazzaville","cg","cog","af","xaf","游뻟릖","Kong칩"
"ch","41","Berne","ch","che","eu","chf","游뻟릖","suw칤is"
"ci","225","Yamoussoukro","ci","civ","af","xof","游뻟릖","K칩tifual톝"
"ck","682","Avarua","ck","cok","oc","nzd","游뻟릖","K칰uke"
"cl","56","Santiago","cl","chl","sa","clp","游뻟릖","Sil칤"
"cm","237","Yaounde","cm","cmr","af","xaf","游뻟릖","Kemel칰n"
"cn","86","Beijing","cn","chn","as","cny","游뻟릖","S칤ine"
"co","57","Bogota","co","col","sa","cop","游뻟릖","K톖l톖패mb칤a"
"cr","506","San Jose","cr","cri","na","crc","游뻟릖","K칩st치l칤ka"
"cu","53","Havana","cu","cub","na","cup","游뻟릖","k칰pa"
"cv","238","Praia","cv","cpv","af","cve","游뻟릖","K치pf톝l"
"cw","599"," Willemstad","cw","cuw","na","ang","游뻟릖","CW"
"cx","61","Flying Fish Cove","cx","cxr","as","aud","游뻟릖","CX"
"cy","357","Nicosia","cy","cyp","eu","eur","游뻟릖","s칤pl톝"
"cz","420","Prague","cz","cze","eu","czk","游뻟릖","kit톖콂 k칤 c톝패k"
"de","49","Berlin","de","deu","eu","eur","游뾇릖","ns치man"
"dj","253","Djibouti","dj","dji","af","djf","游뾇릖","s칤put칤"
"dk","45","Copenhagen","dk","dnk","eu","dkk","游뾇릖","tanem치lk"
"dm","1767","Roseau","dm","dma","na","xcd","游뾇릖","t칰m칰n칠ke"
"do","1809","Santo Domingo","do","dom","na","dop","游뾇릖","kit톖콂 k칤 tumunik톝패콂"
"dz","213","Algiers","dz","dza","af","dzd","游뾇릖","Alsel칤"
"ec","593","Quito","ec","ecu","sa","usd","游쀯릖","ekuat톝패l"
"ee","372","Tallinn","ee","est","eu","eur","游쀯릖","톝stoni"
"eg","20","Cairo","eg","egy","af","egp","游쀯릖","is칤pit"
"eh","212","El-Aaiun","eh","esh","af","mad","游쀯릖","EH"
"er","291","Asmara","er","eri","af","ern","游쀯릖","elit칠e"
"es","34","Madrid","es","esp","eu","eur","游쀯릖","pany치"
"et","251","Addis Ababa","et","eth","af","etb","游쀯릖","etiop칤"
"fi","358","Helsinki","fi","fin","eu","eur","游游","f톝nl치nd"
"fj","679","Suva","fj","fji","oc","fjd","游游","f칤si"
"fk","500","Stanley","fk","flk","sa","fkp","游游","maluw칤n"
"fm","691","Palikir","fm","fsm","oc","usd","游游","mikolones칤"
"fo","298","Torshavn","fo","fro","eu","dkk","游游","FO"
"fr","33","Paris","fr","fra","eu","eur","游游","felens칤"
"ga","241","Libreville","ga","gab","af","xaf","游섫릖","kap톖패콂"
"gb","44","London","gb","gbr","eu","gbp","游섫릖","ingil칤칤s"
"gd","1473","St. George's","gd","grd","na","xcd","游섫릖","kelen치at"
"ge","995","Tbilisi","ge","geo","as","gel","游섫릖","s톖ls칤i"
"gf","594","Cayenne","gf","guf","sa","eur","游섫릖","kuy치an u felens칤"
"gg","44","St Peter Port","gg","ggy","eu","gbp","游섫릖","GG"
"gh","233","Accra","gh","gha","af","ghs","游섫릖","kan치"
"gi","350","Gibraltar","gi","gib","eu","gip","游섫릖","s칤lpalat치al"
"gl","299","Nuuk","gl","grl","na","dkk","游섫릖","kulu톝nl치nd"
"gm","220","Banjul","gm","gmb","af","gmd","游섫릖","kamb칤i"
"gn","224","Conakry","gn","gin","af","gnf","游섫릖","kiin칠"
"gp","590","Basse-Terre","gp","glp","na","eur","游섫릖","kuatel칰up"
"gq","240","Malabo","gq","gnq","af","xaf","游섫릖","kin칠ekuatolial"
"gr","30","Athens","gr","grc","eu","eur","游섫릖","kil톝패톝k"
"gs","500","Grytviken","gs","sgs","an","gbp","游섫릖","GS"
"gt","502","Guatemala City","gt","gtm","na","gtq","游섫릖","kuatemal치"
"gu","1671","Hagatna","gu","gum","oc","usd","游섫릖","kuami톝"
"gw","245","Bissau","gw","gnb","af","xof","游섫릖","kiin칠pisa칩"
"gy","592","Georgetown","gy","guy","sa","gyd","游섫릖","kuy치an"
"hk","852","Hong Kong","hk","hkg","as","hkd","游쇓릖","HK"
"hn","504","Tegucigalpa","hn","hnd","na","hnl","游쇓릖","톖nd칰las"
"hr","385","Zagreb","hr","hrv","eu","hrk","游쇓릖","Kolowas칤i"
"ht","509","Port-au-Prince","ht","hti","na","htg","游쇓릖","ay칤ti"
"hu","36","Budapest","hu","hun","eu","huf","游쇓릖","톖ngil칤"
"id","62","Jakarta","id","idn","as","idr","游쉻릖","톝ndones칤"
"ie","353","Dublin","ie","irl","eu","eur","游쉻릖","ilil치nd"
"il","972","Jerusalem","il","isr","as","ils","游쉻릖","칤silay톝패l"
"im","44","Douglas, Isle of Man","im","imn","eu","gbp","游쉻릖","IM"
"in","91","New Delhi","in","ind","as","inr","游쉻릖","톝패톝nd"
"io","246","Diego Garcia","io","iot","as","usd","游쉻릖","K톖톖패m k칤 ndi치n yi ngil칤s"
"iq","964","Baghdad","iq","irq","as","iqd","游쉻릖","il치k"
"ir","98","Tehran","ir","irn","as","irr","游쉻릖","il치콂"
"is","354","Reykjavik","is","isl","eu","isk","游쉻릖","isl치and"
"it","39","Rome","it","ita","eu","eur","游쉻릖","ital칤"
"je","44","Saint Helier","je","jey","eu","gbp","游游","JE"
"jm","1876","Kingston","jm","jam","na","jmd","游游","samay칤ik"
"jo","962","Amman","jo","jor","as","jod","游游","s톖ltan칤"
"jp","81","Tokyo","jp","jpn","as","jpy","游游","sap톖패톖콂"
"ke","254","Nairobi","ke","ken","af","kes","游썷릖","k칠nia"
"kg","996","Bishkek","kg","kgz","as","kgs","游썷릖","kilikisist치콂"
"kh","855","Phnom Penh","kh","khm","as","khr","游썷릖","K치mb칩se"
"ki","686","Tarawa","ki","kir","oc","aud","游썷릖","kilipat칤"
"km","269","Moroni","km","com","af","kmf","游썷릖","K톖m톖패톖l"
"kn","1869","Basseterre","kn","kna","na","xcd","游썷릖","s톝패콂kilist톖패f eni톝패f"
"kp","850","Pyongyang","kp","prk","as","kpw","游썷릖","k톖l칠 u mu톝n톝패"
"kr","82","Seoul","kr","kor","as","krw","游썷릖","k톖l칠 wu mb치t"
"kw","965","Kuwait City","kw","kwt","as","kwd","游썷릖","kow칠et"
"ky","1345","George Town","ky","cym","na","kyd","游썷릖","K치y칤man톝"
"kz","7","Astana","kz","kaz","as","kzt","游썷릖","kasaksit치콂"
"la","856","Vientiane","la","lao","as","lak","游쐟릖","law칩s"
"lb","961","Beirut","lb","lbn","as","lbp","游쐟릖","lip치콂"
"lc","1758","Castries","lc","lca","na","xcd","游쐟릖","s톝패콂t톝패lus칤"
"li","423","Vaduz","li","lie","eu","chf","游쐟릖","l칤st톝패nsit치yin"
"lk","94","Colombo","lk","lka","as","lkr","游쐟릖","sil칤l치콂ka"
"lr","231","Monrovia","lr","lbr","af","lrd","游쐟릖","lip칠lia"
"ls","266","Maseru","ls","lso","af","lsl","游쐟릖","lesot칩"
"lt","370","Vilnius","lt","ltu","eu","ltl","游쐟릖","litiyan칤"
"lu","352","Luxembourg","lu","lux","eu","eur","游쐟릖","liksamb칰ul"
"lv","371","Riga","lv","lva","eu","eur","游쐟릖","leton칤"
"ly","218","Tripolis","ly","lby","af","lyd","游쐟릖","lip칤i"
"ma","212","Rabat","ma","mar","af","mad","游쓇릖","mal칩ok"
"mc","377","Monaco","mc","mco","eu","eur","游쓇릖","monak칩"
"md","373","Chisinau","md","mda","eu","mdl","游쓇릖","moltaf칤"
"me","382","Podgorica","me","mne","eu","eur","游쓇릖","ME"
"mf","590","Marigot","mf","maf","na","eur","游쓇릖","MF"
"mg","261","Antananarivo","mg","mdg","af","mga","游쓇릖","matakask치al"
"mh","692","Majuro","mh","mhl","oc","usd","游쓇릖","칤lmalas치al"
"mk","389","Skopje","mk","mkd","eu","mkd","游쓇릖","MK"
"ml","223","Bamako","ml","mli","af","xof","游쓇릖","mal칤"
"mm","95","Nay Pyi Taw","mm","mmr","as","mmk","游쓇릖","mia콂m치al"
"mn","976","Ulan Bator","mn","mng","as","mnt","游쓇릖","mongol칤"
"mo","853","Macao","mo","mac","as","mop","游쓇릖","MO"
"mp","1670","Saipan","mp","mnp","oc","usd","游쓇릖","il maliyan톝 u mu톝n톝패"
"mq","596","Fort-de-France","mq","mtq","na","eur","游쓇릖","maltin칤ik"
"mr","222","Nouakchott","mr","mrt","af","mro","游쓇릖","molitan칤"
"ms","1664","Plymouth","ms","msr","na","xcd","游쓇릖","m톖콂sil치"
"mt","356","Valletta","mt","mlt","eu","eur","游쓇릖","m치l톝패t"
"mu","230","Port Louis","mu","mus","af","mur","游쓇릖","mol칤s"
"mv","960","Male","mv","mdv","as","mvr","游쓇릖","malet칤if"
"mw","265","Lilongwe","mw","mwi","af","mwk","游쓇릖","malaw칤"
"mx","52","Mexico City","mx","mex","na","mxn","游쓇릖","m톝ks칤ik"
"my","60","Kuala Lumpur","my","mys","as","myr","游쓇릖","males칤"
"mz","258","Maputo","mz","moz","af","mzn","游쓇릖","mosamb칤k"
"na","264","Windhoek","na","nam","af","nad","游游","namip칤"
"nc","687","Noumea","nc","ncl","oc","xpf","游游","nuf톝패l kaleton칤"
"ne","227","Niamey","ne","ner","af","xof","游游","nis톝패톝l"
"nf","672","Kingston","nf","nfk","oc","aud","游游","il n톖패lf톖패l톖k"
"ng","234","Abuja","ng","nga","af","ngn","游游","nis칠lia"
"ni","505","Managua","ni","nic","na","nio","游游","nikalak치"
"nl","31","Amsterdam","nl","nld","eu","eur","游游","nitilil치and"
"no","47","Oslo","no","nor","eu","nok","游游","n톖lf톝패톝s"
"np","977","Kathmandu","np","npl","as","npr","游游","nep치al"
"nr","674","Yaren","nr","nru","oc","aud","游游","nawul칰"
"nu","683","Alofi","nu","niu","oc","nzd","游游","niyuw칠"
"nz","64","Wellington","nz","nzl","oc","nzd","游游","nuf톝패l sel치and"
"om","968","Muscat","om","omn","as","omr","游엃릖","om치콂"
"pa","507","Panama City","pa","pan","na","pab","游왫릖","panam치"
"pe","51","Lima","pe","per","sa","pen","游왫릖","pel칰"
"pf","689","Papeete","pf","pyf","oc","xpf","游왫릖","polines칤 u felens칤"
"pg","675","Port Moresby","pg","png","oc","pgk","游왫릖","papuas칤 nuf톝패l kiin칠"
"ph","63","Manila","ph","phl","as","php","游왫릖","filip칤in"
"pk","92","Islamabad","pk","pak","as","pkr","游왫릖","pakist치콂"
"pl","48","Warsaw","pl","pol","eu","pln","游왫릖","p톖l톖패톖ny"
"pm","508","Saint-Pierre","pm","spm","na","eur","游왫릖","s톝패콂pi톝패l e mikel톖패콂"
"pn","870","Adamstown","pn","pcn","oc","nzd","游왫릖","pitik톝패톝l칤n톝패"
"pr","1787","San Juan","pr","pri","na","usd","游왫릖","p칩l칩tol칤ko"
"ps","970","East Jerusalem","ps","pse","as","ils","游왫릖","kit톖콂 ki pal톝st칤in"
"pt","351","Lisbon","pt","prt","eu","eur","游왫릖","p톖ltuk치al"
"pw","680","Melekeok","pw","plw","oc","usd","游왫릖","palaw칰"
"py","595","Asuncion","py","pry","sa","pyg","游왫릖","palak칰칠"
"qa","974","Doha","qa","qat","as","qar","游윓릖","kat치al"
"re","262","Saint-Denis","re","reu","af","eur","游游","elewuni톖패콂"
"ro","40","Bucharest","ro","rou","eu","ron","游游","uluman칤"
"rs","381","Belgrade","rs","srb","eu","rsd","游游","RS"
"ru","7","Moscow","ru","rus","eu","rub","游游","ulus칤"
"rw","250","Kigali","rw","rwa","af","rwf","游游","ulu치nd치"
"sa","966","Riyadh","sa","sau","as","sar","游젏릖","alap칤sawut칤it"
"sb","677","Honiara","sb","slb","oc","sbd","游젏릖","il salom톖패콂"
"sc","248","Victoria","sc","syc","af","scr","游젏릖","ses톝패톝l"
"sd","249","Khartoum","sd","sdn","af","sdg","游젏릖","sut치a콂"
"se","46","Stockholm","se","swe","eu","sek","游젏릖","su톝패t"
"sg","65","Singapur","sg","sgp","as","sgd","游젏릖","singap칰ul"
"sh","290","Jamestown","sh","shn","af","shp","游젏릖","s톝패콂t톝패 el톝패톝n톝"
"si","386","Ljubljana","si","svn","eu","eur","游젏릖","silofen칤"
"sj","47","Longyearbyen","sj","sjm","eu","nok","游젏릖","SJ"
"sk","421","Bratislava","sk","svk","eu","eur","游젏릖","silofak칤"
"sl","232","Freetown","sl","sle","af","sll","游젏릖","siel치ley톖패톖n"
"sm","378","San Marino","sm","smr","eu","eur","游젏릖","san mal칤no"
"sn","221","Dakar","sn","sen","af","xof","游젏릖","senek치al"
"so","252","Mogadishu","so","som","af","sos","游젏릖","somal칤"
"sr","597","Paramaribo","sr","sur","sa","srd","游젏릖","sulin치am"
"ss","211","Juba","ss","ssd","af","ssp","游젏릖","SS"
"st","239","Sao Tome","st","stp","af","std","游젏릖","s치w칩 tom칠 e pelens칤pe"
"sv","503","San Salvador","sv","slv","na","usd","游젏릖","salfat톖패톖l"
"sx","599","Philipsburg","sx","sxm","na","ang","游젏릖","SX"
"sy","963","Damascus","sy","syr","as","syp","游젏릖","SY"
"sz","268","Mbabane","sz","swz","af","szl","游젏릖","suasil치and"
"tc","1649","Cockburn Town","tc","tca","na","usd","游좷릖","t칰luk na k치yiik"
"td","235","N'Djamena","td","tcd","af","xaf","游좷릖","S치at"
"tf","","Port-aux-Francais","tf","atf","an","eur","游좷릖","TF"
"tg","228","Lome","tg","tgo","af","xof","游좷릖","tok칩"
"th","66","Bangkok","th","tha","as","thb","游좷릖","tayil치and"
"tj","992","Dushanbe","tj","tjk","as","tjs","游좷릖","tasikist치a콂"
"tk","690","","tk","tkl","oc","nzd","游좷릖","tokel칩"
"tl","670","Dili","tl","tls","oc","usd","游좷릖","tim톖패톖l u nip치l톝패n"
"tm","993","Ashgabat","tm","tkm","as","tmt","游좷릖","tulukmenisit치a콂"
"tn","216","Tunis","tn","tun","af","tnd","游좷릖","tunus칤"
"to","676","Nuku'alofa","to","ton","oc","top","游좷릖","t톖패콂ka"
"tr","90","Ankara","tr","tur","as","try","游좷릖","tuluk칤i"
"tt","1868","Port of Spain","tt","tto","na","ttd","游좷릖","tilinit치at na tup치k톖"
"tv","688","Funafuti","tv","tuv","oc","aud","游좷릖","tufal칰"
"tw","886","Taipei","tw","twn","as","twd","游좷릖","tayiw치an"
"tz","255","Dodoma","tz","tza","af","tzs","游좷릖","ta콂san칤"
"ua","380","Kiev","ua","ukr","eu","uah","游쥟릖","ukil톝패톝n"
"ug","256","Kampala","ug","uga","af","ugx","游쥟릖","uk치nda"
"um","246","","um","umi","oc","usd","游쥟릖","UM"
"us","1","Washington","us","usa","na","usd","游쥟릖","am치l칤ka"
"uy","598","Montevideo","uy","ury","sa","uyu","游쥟릖","uluku칠y"
"uz","998","Tashkent","uz","uzb","as","uzs","游쥟릖","usupekist치a콂"
"va","379","Vatican City","va","vat","eu","eur","游游","fatik치a콂"
"vc","1784","Kingstown","vc","vct","na","xcd","游游","s톝패콂 f톝콂s치콂 elekelenat칤in"
"ve","58","Caracas","ve","ven","sa","vef","游游","fenesuwel치"
"vg","1284","Road Town","vg","vgb","na","usd","游游","Filis칤in ungil칤s"
"vi","1340","Charlotte Amalie","vi","vir","na","usd","游游","pindis칰l톝패 pi am치l칤ka"
"vn","84","Hanoi","vn","vnm","as","vnd","游游","fi톝tn치am"
"vu","678","Port Vila","vu","vut","oc","vuv","游游","fanuat칰"
"wf","681","Mata Utu","wf","wlf","oc","xpf","游쩛릖","wal칤is na fut칰na"
"ws","685","Apia","ws","wsm","oc","wst","游쩛릖","samow치"
"xk","383","Pristina","xk","xkx","eu","eur","游쬃릖","XK"
"ye","967","Sanaa","ye","yem","as","yer","游쮫릖","y칠m톝n"
"yt","262","Mamoudzou","yt","myt","af","eur","游쮫릖","may톖패톖t"
"za","27","Pretoria","za","zaf","af","zar","游游","afil칤 mb치t톝패"
"zm","260","Lusaka","zm","zmb","af","zmk","游游","saamb칤i"
"zw","263","Harare","zw","zwe","af","zwl","游游","simbapuw칠"
