"id","calling_code","capital_city","code_2","code_3","continent_id","currency_id","flag","name"
"ad","376","Andorra la Vella","ad","and","eu","eur","","址专注"
"ae","971","Abu Dhabi","ae","are","as","aed","","AE"
"af","93","Kabul","af","afg","as","afn","","址驻挚址住址"
"ag","1268","St. John's","ag","atg","na","xcd","","址注  址专注"
"ai","1264","The Valley","ai","aia","na","xcd","","AI"
"al","355","Tirana","al","alb","eu","all","","址址注"
"am","374","Yerevan","am","arm","as","amd","","址专注注"
"ao","244","Luanda","ao","ago","af","aoa","","址注"
"aq","672","","aq","ata","an","","","址址专拽拽注"
"ar","54","Buenos Aires","ar","arg","sa","ars","","址专注注"
"as","1684","Pago Pago","as","asm","oc","usd","","AS"
"at","43","Vienna","at","aut","eu","eur","","注住专"
"au","61","Canberra","au","aus","oc","aud","","住专址注"
"aw","297","Oranjestad","aw","abw","na","awg","","址专址"
"ax","358","Mariehamn","ax","ala","eu","eur","","AX"
"az","994","Baku","az","aze","as","azn","","AZ"
"ba","387","Sarajevo","ba","bih","eu","bam","ю","住注 注专爪注注"
"bb","1246","Bridgetown","bb","brb","na","bbd","ю","址专址住"
"bd","880","Dhaka","bd","bgd","as","bdt","ю","址址注砖"
"be","32","Brussels","be","bel","eu","eur","ю","注注"
"bf","226","Ouagadougou","bf","bfa","af","xof","ю","专拽注 驻挚址住"
"bg","359","Sofia","bg","bgr","eu","bgn","ю","址专注"
"bh","973","Manama","bh","bhr","as","bhd","ю","BH"
"bi","257","Bujumbura","bi","bdi","af","bif","ю","专"
"bj","229","Porto-Novo","bj","ben","af","xof","ю","注"
"bl","590","Gustavia","bl","blm","na","eur","ю","BL"
"bm","1441","Hamilton","bm","bmu","na","bmd","ю","注专注"
"bn","673","Bandar Seri Begawan","bn","brn","as","bnd","ю","专"
"bo","591","Sucre","bo","bol","sa","bob","ю","注"
"bq","599","","bq","bes","na","usd","ю","BQ"
"br","55","Brasilia","br","bra","sa","brl","ю","专址"
"bs","1242","Nassau","bs","bhs","na","bsd","ю","址址址住"
"bt","975","Thimphu","bt","btn","as","btn","ю","址"
"bv","55","","bv","bvt","an","nok","ю","BV"
"bw","267","Gaborone","bw","bwa","af","bwp","ю","爪址注"
"by","375","Minsk","by","blr","eu","byr","ю","注址专住"
"bz","501","Belmopan","bz","blz","na","bzd","ю","注"
"ca","1","Ottawa","ca","can","na","cad","","拽址址注"
"cc","61","West Island","cc","cck","as","aud","","CC"
"cd","243","Kinshasa","cd","cod","af","cdf","","拽志拽砖址注"
"cf","236","Bangui","cf","caf","af","xaf","","爪注专址志址驻挚专拽址砖注 专注驻旨拽"
"cg","242","Brazzaville","cg","cog","af","xaf","","CG"
"ch","41","Berne","ch","che","eu","chf","","砖抓"
"ci","225","Yamoussoukro","ci","civ","af","xof","","注驻挚址  专"
"ck","682","Avarua","ck","cok","oc","nzd","","拽拽 注"
"cl","56","Santiago","cl","chl","sa","clp","","砖注"
"cm","237","Yaounde","cm","cmr","af","xaf","","拽址注专"
"cn","86","Beijing","cn","chn","as","cny","","注"
"co","57","Bogota","co","col","sa","cop","","拽注"
"cr","506","San Jose","cr","cri","na","crc","","拽住址 专拽址"
"cu","53","Havana","cu","cub","na","cup","","拽址"
"cv","238","Praia","cv","cpv","af","cve","","拽址驻旨注专砖注 注"
"cw","599"," Willemstad","cw","cuw","na","ang","","拽专址住址"
"cx","61","Flying Fish Cove","cx","cxr","as","aud","","CX"
"cy","357","Nicosia","cy","cyp","eu","eur","","CY"
"cz","420","Prague","cz","cze","eu","czk","","砖注"
"de","49","Berlin","de","deu","eu","eur","","砖址"
"dj","253","Djibouti","dj","dji","af","djf","","砖"
"dk","45","Copenhagen","dk","dnk","eu","dkk","","注址专拽"
"dm","1767","Roseau","dm","dma","na","xcd","","拽注"
"do","1809","Santo Domingo","do","dom","na","dop","","拽址砖注 专注驻旨拽"
"dz","213","Algiers","dz","dza","af","dzd","","DZ"
"ec","593","Quito","ec","ecu","sa","usd","","注拽址专"
"ee","372","Tallinn","ee","est","eu","eur","","注住址"
"eg","20","Cairo","eg","egy","af","egp","","注驻旨"
"eh","212","El-Aaiun","eh","esh","af","mad","","EH"
"er","291","Asmara","er","eri","af","ern","","注专专注注"
"es","34","Madrid","es","esp","eu","eur","","砖驻旨址注"
"et","251","Addis Ababa","et","eth","af","etb","","注驻旨注"
"fi","358","Helsinki","fi","fin","eu","eur","","驻挚址"
"fj","679","Suva","fj","fji","oc","fjd","","驻挚砖"
"fk","500","Stanley","fk","flk","sa","fkp","","驻挚址拽址 注"
"fm","691","Palikir","fm","fsm","oc","usd","","拽专注注"
"fo","298","Torshavn","fo","fro","eu","dkk","","驻挚址专 注"
"fr","33","Paris","fr","fra","eu","eur","","驻挚专址拽专"
"ga","241","Libreville","ga","gab","af","xaf","","址"
"gb","44","London","gb","gbr","eu","gbp","","驻挚址专注 拽注专"
"gd","1473","St. George's","gd","grd","na","xcd","","专注址址"
"ge","995","Tbilisi","ge","geo","as","gel","","专注"
"gf","594","Cayenne","gf","guf","sa","eur","","驻挚专址爪砖注 址注"
"gg","44","St Peter Port","gg","ggy","eu","gbp","","注专"
"gh","233","Accra","gh","gha","af","ghs","","址注"
"gi","350","Gibraltar","gi","gib","eu","gip","","专址址专"
"gl","299","Nuuk","gl","grl","na","dkk","","专址"
"gm","220","Banjul","gm","gmb","af","gmd","","址注"
"gn","224","Conakry","gn","gin","af","gnf","","注"
"gp","590","Basse-Terre","gp","glp","na","eur","","址注驻"
"gq","240","Malabo","gq","gnq","af","xaf","","注拽址专砖注 注"
"gr","30","Athens","gr","grc","eu","eur","","专址"
"gs","500","Grytviken","gs","sgs","an","gbp","","GS"
"gt","502","Guatemala City","gt","gtm","na","gtq","","址注址注"
"gu","1671","Hagatna","gu","gum","oc","usd","","址"
"gw","245","Bissau","gw","gnb","af","xof","","注志住址"
"gy","592","Georgetown","gy","guy","sa","gyd","","址注"
"hk","852","Hong Kong","hk","hkg","as","hkd","","HK"
"hn","504","Tegucigalpa","hn","hnd","na","hnl","","专址住"
"hr","385","Zagreb","hr","hrv","eu","hrk","","拽专址注"
"ht","509","Port-au-Prince","ht","hti","na","htg","","址"
"hu","36","Budapest","hu","hun","eu","huf","","注专"
"id","62","Jakarta","id","idn","as","idr","","注注"
"ie","353","Dublin","ie","irl","eu","eur","","专址"
"il","972","Jerusalem","il","isr","as","ils","","砖专"
"im","44","Douglas, Isle of Man","im","imn","eu","gbp","","IM"
"in","91","New Delhi","in","ind","as","inr","","注"
"io","246","Diego Garcia","io","iot","as","usd","","IO"
"iq","964","Baghdad","iq","irq","as","iqd","","IQ"
"ir","98","Tehran","ir","irn","as","irr","","专址"
"is","354","Reykjavik","is","isl","eu","isk","","住址"
"it","39","Rome","it","ita","eu","eur","","址注"
"je","44","Saint Helier","je","jey","eu","gbp","","砖注专"
"jm","1876","Kingston","jm","jam","na","jmd","","砖址拽注"
"jo","962","Amman","jo","jor","as","jod","","JO"
"jp","81","Tokyo","jp","jpn","as","jpy","","址驻旨址"
"ke","254","Nairobi","ke","ken","af","kes","梆","拽注注"
"kg","996","Bishkek","kg","kgz","as","kgs","梆","KG"
"kh","855","Phnom Penh","kh","khm","as","khr","梆","拽址注"
"ki","686","Tarawa","ki","kir","oc","aud","梆","拽专址"
"km","269","Moroni","km","com","af","kmf","梆","拽专住"
"kn","1869","Basseterre","kn","kna","na","xcd","梆","KN"
"kp","850","Pyongyang","kp","prk","as","kpw","梆","KP"
"kr","82","Seoul","kr","kor","as","krw","梆","KR"
"kw","965","Kuwait City","kw","kwt","as","kwd","梆","KW"
"ky","1345","George Town","ky","cym","na","kyd","梆","拽址 注"
"kz","7","Astana","kz","kaz","as","kzt","梆","KZ"
"la","856","Vientiane","la","lao","as","lak","别","址住"
"lb","961","Beirut","lb","lbn","as","lbp","别",""
"lc","1758","Castries","lc","lca","na","xcd","别","LC"
"li","423","Vaduz","li","lie","eu","chf","别","砖"
"lk","94","Colombo","lk","lka","as","lkr","别","住专志址拽址"
"lr","231","Monrovia","lr","lbr","af","lrd","别","注专注"
"ls","266","Maseru","ls","lso","af","lsl","别","注住"
"lt","370","Vilnius","lt","ltu","eu","ltl","别","注"
"lu","352","Luxembourg","lu","lux","eu","eur","别","拽住注专"
"lv","371","Riga","lv","lva","eu","eur","别","注址"
"ly","218","Tripolis","ly","lby","af","lyd","别","注"
"ma","212","Rabat","ma","mar","af","mad","拆","址专拽"
"mc","377","Monaco","mc","mco","eu","eur","拆","址拽"
"md","373","Chisinau","md","mda","eu","mdl","拆","注"
"me","382","Podgorica","me","mne","eu","eur","拆","注注专"
"mf","590","Marigot","mf","maf","na","eur","拆","MF"
"mg","261","Antananarivo","mg","mdg","af","mga","拆","址址址住拽址专"
"mh","692","Majuro","mh","mhl","oc","usd","拆","址专砖址 注"
"mk","389","Skopje","mk","mkd","eu","mkd","拆","MK"
"ml","223","Bamako","ml","mli","af","xof","拆","址"
"mm","95","Nay Pyi Taw","mm","mmr","as","mmk","拆","址址专"
"mn","976","Ulan Bator","mn","mng","as","mnt","拆",""
"mo","853","Macao","mo","mac","as","mop","拆","MO"
"mp","1670","Saipan","mp","mnp","oc","usd","拆","MP"
"mq","596","Fort-de-France","mq","mtq","na","eur","拆","址专拽"
"mr","222","Nouakchott","mr","mrt","af","mro","拆","址专址注"
"ms","1664","Plymouth","ms","msr","na","xcd","拆","住注专址"
"mt","356","Valletta","mt","mlt","eu","eur","拆","址址"
"mu","230","Port Louis","mu","mus","af","mur","拆","专爪住"
"mv","960","Male","mv","mdv","as","mvr","拆","址"
"mw","265","Lilongwe","mw","mwi","af","mwk","拆","址址"
"mx","52","Mexico City","mx","mex","na","mxn","拆","注拽住拽注"
"my","60","Kuala Lumpur","my","mys","as","myr","拆","址注"
"mz","258","Maputo","mz","moz","af","mzn","拆","址拽"
"na","264","Windhoek","na","nam","af","nad","仇","址注"
"nc","687","Noumea","nc","ncl","oc","xpf","仇","撞址 拽址注注"
"ne","227","Niamey","ne","ner","af","xof","仇","砖注专"
"nf","672","Kingston","nf","nfk","oc","aud","仇","专驻挚拽 "
"ng","234","Abuja","ng","nga","af","ngn","仇","注专注"
"ni","505","Managua","ni","nic","na","nio","仇","拽址专址注"
"nl","31","Amsterdam","nl","nld","eu","eur","仇","址"
"no","47","Oslo","no","nor","eu","nok","仇","专注注"
"np","977","Kathmandu","np","npl","as","npr","仇","注驻旨址"
"nr","674","Yaren","nr","nru","oc","aud","仇","NR"
"nu","683","Alofi","nu","niu","oc","nzd","仇","NU"
"nz","64","Wellington","nz","nzl","oc","nzd","仇"," 址"
"om","968","Muscat","om","omn","as","omr","答","OM"
"pa","507","Panama City","pa","pan","na","pab","叼","驻旨址址址"
"pe","51","Lima","pe","per","sa","pen","叼","驻旨注专"
"pf","689","Papeete","pf","pyf","oc","xpf","叼","驻挚专址爪砖注 驻旨注注"
"pg","675","Port Moresby","pg","png","oc","pgk","叼","驻旨址驻旨址 撞址 注"
"ph","63","Manila","ph","phl","as","php","叼","驻挚驻旨注"
"pk","92","Islamabad","pk","pak","as","pkr","叼","驻旨址拽住址"
"pl","48","Warsaw","pl","pol","eu","pln","叼","驻旨"
"pm","508","Saint-Pierre","pm","spm","na","eur","叼","PM"
"pn","870","Adamstown","pn","pcn","oc","nzd","叼","驻旨拽注专 注"
"pr","1787","San Juan","pr","pri","na","usd","叼","驻旨专志专拽"
"ps","970","East Jerusalem","ps","pse","as","ils","叼","PS"
"pt","351","Lisbon","pt","prt","eu","eur","叼","驻旨专址"
"pw","680","Melekeok","pw","plw","oc","usd","叼","PW"
"py","595","Asuncion","py","pry","sa","pyg","叼","驻旨址专址撞址"
"qa","974","Doha","qa","qat","as","qar","娥","拽址址专"
"re","262","Saint-Denis","re","reu","af","eur","佛","专注"
"ro","40","Bucharest","ro","rou","eu","ron","佛","专注注"
"rs","381","Belgrade","rs","srb","eu","rsd","佛","住注专注"
"ru","7","Moscow","ru","rus","eu","rub","佛","专住址"
"rw","250","Kigali","rw","rwa","af","rwf","佛","专址注"
"sa","966","Riyadh","sa","sau","as","sar","葛","SA"
"sb","677","Honiara","sb","slb","oc","sbd","葛","住 注"
"sc","248","Victoria","sc","syc","af","scr","葛","住砖注"
"sd","249","Khartoum","sd","sdn","af","sdg","葛","住址"
"se","46","Stockholm","se","swe","eu","sek","葛","砖注"
"sg","65","Singapur","sg","sgp","as","sgd","葛","住址驻旨专"
"sh","290","Jamestown","sh","shn","af","shp","葛","住 注注注"
"si","386","Ljubljana","si","svn","eu","eur","葛","住注注"
"sj","47","Longyearbyen","sj","sjm","eu","nok","葛","SJ"
"sk","421","Bratislava","sk","svk","eu","eur","葛","住址拽"
"sl","232","Freetown","sl","sle","af","sll","葛","住注专注 注注"
"sm","378","San Marino","sm","smr","eu","eur","葛","住址 址专"
"sn","221","Dakar","sn","sen","af","xof","葛","住注注址"
"so","252","Mogadishu","so","som","af","sos","葛","住址注"
"sr","597","Paramaribo","sr","sur","sa","srd","葛","住专址"
"ss","211","Juba","ss","ssd","af","ssp","葛","专志住址"
"st","239","Sao Tome","st","stp","af","std","葛","住址 注  驻旨专住驻旨注"
"sv","503","San Salvador","sv","slv","na","usd","葛","注 住址址专"
"sx","599","Philipsburg","sx","sxm","na","ang","葛","SX"
"sy","963","Damascus","sy","syr","as","syp","葛","住专注"
"sz","268","Mbabane","sz","swz","af","szl","葛","住址址"
"tc","1649","Cockburn Town","tc","tca","na","usd","桂","TC"
"td","235","N'Djamena","td","tcd","af","xaf","桂","砖址"
"tf","","Port-aux-Francais","tf","atf","an","eur","桂","TF"
"tg","228","Lome","tg","tgo","af","xof","桂",""
"th","66","Bangkok","th","tha","as","thb","桂","址"
"tj","992","Dushanbe","tj","tjk","as","tjs","桂","TJ"
"tk","690","","tk","tkl","oc","nzd","桂","TK"
"tl","670","Dili","tl","tls","oc","usd","桂","TL"
"tm","993","Ashgabat","tm","tkm","as","tmt","桂","专拽注住址"
"tn","216","Tunis","tn","tun","af","tnd","桂","住注"
"to","676","Nuku'alofa","to","ton","oc","top","桂","址"
"tr","90","Ankara","tr","tur","as","try","桂","注专拽"
"tt","1868","Port of Spain","tt","tto","na","ttd","桂","专址  址"
"tv","688","Funafuti","tv","tuv","oc","aud","桂","址"
"tw","886","Taipei","tw","twn","as","twd","桂","TW"
"tz","255","Dodoma","tz","tza","af","tzs","桂","址址注"
"ua","380","Kiev","ua","ukr","eu","uah","吼","拽专址注"
"ug","256","Kampala","ug","uga","af","ugx","吼","址注"
"um","246","","um","umi","oc","usd","吼","UM"
"us","1","Washington","us","usa","na","usd","吼","驻挚址专注 砖址"
"uy","598","Montevideo","uy","ury","sa","uyu","吼","专"
"uz","998","Tashkent","uz","uzb","as","uzs","吼","UZ"
"va","379","Vatican City","va","vat","eu","eur","火","址拽址 砖指"
"vc","1784","Kingstown","vc","vct","na","xcd","火","VC"
"ve","58","Caracas","ve","ven","sa","vef","火","注注注注"
"vg","1284","Road Town","vg","vgb","na","usd","火","VG"
"vi","1340","Charlotte Amalie","vi","vir","na","usd","火","VI"
"vn","84","Hanoi","vn","vnm","as","vnd","火","注址"
"vu","678","Port Vila","vu","vut","oc","vuv","火","址址"
"wf","681","Mata Utu","wf","wlf","oc","xpf","拣","WF"
"ws","685","Apia","ws","wsm","oc","wst","拣","住址址"
"xk","383","Pristina","xk","xkx","eu","eur","金","拽住"
"ye","967","Sanaa","ye","yem","as","yer","攫","转"
"yt","262","Mamoudzou","yt","myt","af","eur","攫","址"
"za","27","Pretoria","za","zaf","af","zar","筐","专志址驻挚专拽注"
"zm","260","Lusaka","zm","zmb","af","zmk","筐","址注"
"zw","263","Harare","zw","zwe","af","zwl","筐","址注"
