id,calling_code,capital_city,code_2,code_3,continent_id,currency_id,flag,name
ad,376,Andorra la Vella,ad,and,eu,eur,ｦｩ,Andorre
ae,971,Abu Dhabi,ae,are,as,aed,ｦｪ,ﾃ盈irats arabes unis
af,93,Kabul,af,afg,as,afn,ｦｫ,Afghanistan
ag,1268,St. John's,ag,atg,na,xcd,ｦｬ,Antigua-et-Barbuda
ai,1264,The Valley,ai,aia,na,xcd,ｦｮ,Anguilla
al,355,Tirana,al,alb,eu,all,ｦｱ,Albanie
am,374,Yerevan,am,arm,as,amd,ｦｲ,Armﾃｩnie
ao,244,Luanda,ao,ago,af,aoa,ｦｴ,Angola
aq,672,,aq,ata,an,,ｦｶ,Antarctique
ar,54,Buenos Aires,ar,arg,sa,ars,ｦｷ,Argentine
as,1684,Pago Pago,as,asm,oc,usd,ｦｸ,Samoa amﾃｩricaines
at,43,Vienna,at,aut,eu,eur,ｦｹ,Autriche
au,61,Canberra,au,aus,oc,aud,ｦｺ,Australie
aw,297,Oranjestad,aw,abw,na,awg,ｦｼ,Aruba
ax,358,Mariehamn,ax,ala,eu,eur,ｦｽ,ﾃ四es ﾃland
az,994,Baku,az,aze,as,azn,ｦｿ,Azerbaﾃｯdjan
ba,387,Sarajevo,ba,bih,eu,bam,ｧｦ,Bosnie-Herzﾃｩgovine
bb,1246,Bridgetown,bb,brb,na,bbd,ｧｧ,Barbade
bd,880,Dhaka,bd,bgd,as,bdt,ｧｩ,Bangladesh
be,32,Brussels,be,bel,eu,eur,ｧｪ,Belgique
bf,226,Ouagadougou,bf,bfa,af,xof,ｧｫ,Burkina Faso
bg,359,Sofia,bg,bgr,eu,bgn,ｧｬ,Bulgarie
bh,973,Manama,bh,bhr,as,bhd,ｧｭ,Bahreﾃｯn
bi,257,Bujumbura,bi,bdi,af,bif,ｧｮ,Burundi
bj,229,Porto-Novo,bj,ben,af,xof,ｧｯ,Bﾃｩnin
bl,590,Gustavia,bl,blm,na,eur,ｧｱ,Saint-Barthﾃｩlemy
bm,1441,Hamilton,bm,bmu,na,bmd,ｧｲ,Bermudes
bn,673,Bandar Seri Begawan,bn,brn,as,bnd,ｧｳ,Brunﾃｩi Darussalam
bo,591,Sucre,bo,bol,sa,bob,ｧｴ,Bolivie
bq,599,,bq,bes,na,usd,ｧｶ,Pays-Bas caribﾃｩens
br,55,Brasilia,br,bra,sa,brl,ｧｷ,Brﾃｩsil
bs,1242,Nassau,bs,bhs,na,bsd,ｧｸ,Bahamas
bt,975,Thimphu,bt,btn,as,btn,ｧｹ,Bhoutan
bv,55,,bv,bvt,an,nok,ｧｻ,ﾃ四e Bouvet
bw,267,Gaborone,bw,bwa,af,bwp,ｧｼ,Botswana
by,375,Minsk,by,blr,eu,byr,ｧｾ,Biﾃｩlorussie
bz,501,Belmopan,bz,blz,na,bzd,ｧｿ,Belize
ca,1,Ottawa,ca,can,na,cad,ｨｦ,Canada
cc,61,West Island,cc,cck,as,aud,ｨｨ,ﾃ四es Cocos
cd,243,Kinshasa,cd,cod,af,cdf,ｨｩ,Congo-Kinshasa
cf,236,Bangui,cf,caf,af,xaf,ｨｫ,Rﾃｩpublique centrafricaine
cg,242,Brazzaville,cg,cog,af,xaf,ｨｬ,Congo-Brazzaville
ch,41,Berne,ch,che,eu,chf,ｨｭ,Suisse
ci,225,Yamoussoukro,ci,civ,af,xof,ｨｮ,Cﾃｴte d窶僮voire
ck,682,Avarua,ck,cok,oc,nzd,ｨｰ,ﾃ四es Cook
cl,56,Santiago,cl,chl,sa,clp,ｨｱ,Chili
cm,237,Yaounde,cm,cmr,af,xaf,ｨｲ,Cameroun
cn,86,Beijing,cn,chn,as,cny,ｨｳ,Chine
co,57,Bogota,co,col,sa,cop,ｨｴ,Colombie
cr,506,San Jose,cr,cri,na,crc,ｨｷ,Costa Rica
cu,53,Havana,cu,cub,na,cup,ｨｺ,Cuba
cv,238,Praia,cv,cpv,af,cve,ｨｻ,Cap-Vert
cw,599, Willemstad,cw,cuw,na,ang,ｨｼ,Curaﾃｧao
cx,61,Flying Fish Cove,cx,cxr,as,aud,ｨｽ,ﾃ四e Christmas
cy,357,Nicosia,cy,cyp,eu,eur,ｨｾ,Chypre
cz,420,Prague,cz,cze,eu,czk,ｨｿ,Tchﾃｩquie
de,49,Berlin,de,deu,eu,eur,ｩｪ,Allemagne
dj,253,Djibouti,dj,dji,af,djf,ｩｯ,Djibouti
dk,45,Copenhagen,dk,dnk,eu,dkk,ｩｰ,Danemark
dm,1767,Roseau,dm,dma,na,xcd,ｩｲ,Dominique
do,1809,Santo Domingo,do,dom,na,dop,ｩｴ,Rﾃｩpublique dominicaine
dz,213,Algiers,dz,dza,af,dzd,ｩｿ,Algﾃｩrie
ec,593,Quito,ec,ecu,sa,usd,ｪｨ,ﾃ衛uateur
ee,372,Tallinn,ee,est,eu,eur,ｪｪ,Estonie
eg,20,Cairo,eg,egy,af,egp,ｪｬ,ﾃ曳ypte
eh,212,El-Aaiun,eh,esh,af,mad,ｪｭ,Sahara occidental
er,291,Asmara,er,eri,af,ern,ｪｷ,ﾃ詠ythrﾃｩe
es,34,Madrid,es,esp,eu,eur,ｪｸ,Espagne
et,251,Addis Ababa,et,eth,af,etb,ｪｹ,ﾃ液hiopie
fi,358,Helsinki,fi,fin,eu,eur,ｫｮ,Finlande
fj,679,Suva,fj,fji,oc,fjd,ｫｯ,Fidji
fk,500,Stanley,fk,flk,sa,fkp,ｫｰ,ﾃ四es Malouines
fm,691,Palikir,fm,fsm,oc,usd,ｫｲ,ﾃ液ats fﾃｩdﾃｩrﾃｩs de Micronﾃｩsie
fo,298,Torshavn,fo,fro,eu,dkk,ｫｴ,ﾃ四es Fﾃｩroﾃｩ
fr,33,Paris,fr,fra,eu,eur,ｫｷ,France
ga,241,Libreville,ga,gab,af,xaf,ｬｦ,Gabon
gb,44,London,gb,gbr,eu,gbp,ｬｧ,Royaume-Uni
gd,1473,St. George's,gd,grd,na,xcd,ｬｩ,Grenade
ge,995,Tbilisi,ge,geo,as,gel,ｬｪ,Gﾃｩorgie
gf,594,Cayenne,gf,guf,sa,eur,ｬｫ,Guyane franﾃｧaise
gg,44,St Peter Port,gg,ggy,eu,gbp,ｬｬ,Guernesey
gh,233,Accra,gh,gha,af,ghs,ｬｭ,Ghana
gi,350,Gibraltar,gi,gib,eu,gip,ｬｮ,Gibraltar
gl,299,Nuuk,gl,grl,na,dkk,ｬｱ,Groenland
gm,220,Banjul,gm,gmb,af,gmd,ｬｲ,Gambie
gn,224,Conakry,gn,gin,af,gnf,ｬｳ,Guinﾃｩe
gp,590,Basse-Terre,gp,glp,na,eur,ｬｵ,Guadeloupe
gq,240,Malabo,gq,gnq,af,xaf,ｬｶ,Guinﾃｩe ﾃｩquatoriale
gr,30,Athens,gr,grc,eu,eur,ｬｷ,Grﾃｨce
gs,500,Grytviken,gs,sgs,an,gbp,ｬｸ,Gﾃｩorgie du Sud et ﾃｮles Sandwich du Sud
gt,502,Guatemala City,gt,gtm,na,gtq,ｬｹ,Guatemala
gu,1671,Hagatna,gu,gum,oc,usd,ｬｺ,Guam
gw,245,Bissau,gw,gnb,af,xof,ｬｼ,Guinﾃｩe-Bissau
gy,592,Georgetown,gy,guy,sa,gyd,ｬｾ,Guyana
hk,852,Hong Kong,hk,hkg,as,hkd,ｭｰ,R.A.S. chinoise de Hong Kong
hm,672,,hm,hmd,oc,,ｦｺ,ﾃ四es Heard-et-MacDonald
hn,504,Tegucigalpa,hn,hnd,na,hnl,ｭｳ,Honduras
hr,385,Zagreb,hr,hrv,eu,hrk,ｭｷ,Croatie
ht,509,Port-au-Prince,ht,hti,na,htg,ｭｹ,Haﾃｯti
hu,36,Budapest,hu,hun,eu,huf,ｭｺ,Hongrie
id,62,Jakarta,id,idn,as,idr,ｮｩ,Indonﾃｩsie
ie,353,Dublin,ie,irl,eu,eur,ｮｪ,Irlande
il,972,Jerusalem,il,isr,as,ils,ｮｱ,Israﾃｫl
im,44,"Douglas, Isle of Man",im,imn,eu,gbp,ｮｲ,ﾃ四e de Man
in,91,New Delhi,in,ind,as,inr,ｮｳ,Inde
io,246,Diego Garcia,io,iot,as,usd,ｮｴ,Territoire britannique de l窶冩cﾃｩan Indien
iq,964,Baghdad,iq,irq,as,iqd,ｮｶ,Irak
ir,98,Tehran,ir,irn,as,irr,ｮｷ,Iran
is,354,Reykjavik,is,isl,eu,isk,ｮｸ,Islande
it,39,Rome,it,ita,eu,eur,ｮｹ,Italie
je,44,Saint Helier,je,jey,eu,gbp,ｯｪ,Jersey
jm,1876,Kingston,jm,jam,na,jmd,ｯｲ,Jamaﾃｯque
jo,962,Amman,jo,jor,as,jod,ｯｴ,Jordanie
jp,81,Tokyo,jp,jpn,as,jpy,ｯｵ,Japon
ke,254,Nairobi,ke,ken,af,kes,ｰｪ,Kenya
kg,996,Bishkek,kg,kgz,as,kgs,ｰｬ,Kirghizistan
kh,855,Phnom Penh,kh,khm,as,khr,ｰｭ,Cambodge
ki,686,Tarawa,ki,kir,oc,aud,ｰｮ,Kiribati
km,269,Moroni,km,com,af,kmf,ｰｲ,Comores
kn,1869,Basseterre,kn,kna,na,xcd,ｰｳ,Saint-Christophe-et-Niﾃｩvﾃｨs
kp,850,Pyongyang,kp,prk,as,kpw,ｰｵ,Corﾃｩe du Nord
kr,82,Seoul,kr,kor,as,krw,ｰｷ,Corﾃｩe du Sud
kw,965,Kuwait City,kw,kwt,as,kwd,ｰｼ,Koweﾃｯt
ky,1345,George Town,ky,cym,na,kyd,ｰｾ,ﾃ四es Caﾃｯmans
kz,7,Nur-Sultan,kz,kaz,as,kzt,ｰｿ,Kazakhstan
la,856,Vientiane,la,lao,as,lak,ｱｦ,Laos
lb,961,Beirut,lb,lbn,as,lbp,ｱｧ,Liban
lc,1758,Castries,lc,lca,na,xcd,ｱｨ,Sainte-Lucie
li,423,Vaduz,li,lie,eu,chf,ｱｮ,Liechtenstein
lk,94,Colombo,lk,lka,as,lkr,ｱｰ,Sri Lanka
lr,231,Monrovia,lr,lbr,af,lrd,ｱｷ,Libﾃｩria
ls,266,Maseru,ls,lso,af,lsl,ｱｸ,Lesotho
lt,370,Vilnius,lt,ltu,eu,ltl,ｱｹ,Lituanie
lu,352,Luxembourg,lu,lux,eu,eur,ｱｺ,Luxembourg
lv,371,Riga,lv,lva,eu,eur,ｱｻ,Lettonie
ly,218,Tripolis,ly,lby,af,lyd,ｱｾ,Libye
ma,212,Rabat,ma,mar,af,mad,ｲｦ,Maroc
mc,377,Monaco,mc,mco,eu,eur,ｲｨ,Monaco
md,373,Chisinau,md,mda,eu,mdl,ｲｩ,Moldavie
me,382,Podgorica,me,mne,eu,eur,ｲｪ,Montﾃｩnﾃｩgro
mf,590,Marigot,mf,maf,na,eur,ｲｫ,Saint-Martin
mg,261,Antananarivo,mg,mdg,af,mga,ｲｬ,Madagascar
mh,692,Majuro,mh,mhl,oc,usd,ｲｭ,ﾃ四es Marshall
mk,389,Skopje,mk,mkd,eu,mkd,ｲｰ,Macﾃｩdoine du Nord
ml,223,Bamako,ml,mli,af,xof,ｲｱ,Mali
mm,95,Nay Pyi Taw,mm,mmr,as,mmk,ｲｲ,Myanmar (Birmanie)
mn,976,Ulan Bator,mn,mng,as,mnt,ｲｳ,Mongolie
mo,853,Macao,mo,mac,as,mop,ｲｴ,R.A.S. chinoise de Macao
mp,1670,Saipan,mp,mnp,oc,usd,ｲｵ,ﾃ四es Mariannes du Nord
mq,596,Fort-de-France,mq,mtq,na,eur,ｲｶ,Martinique
mr,222,Nouakchott,mr,mrt,af,mro,ｲｷ,Mauritanie
ms,1664,Plymouth,ms,msr,na,xcd,ｲｸ,Montserrat
mt,356,Valletta,mt,mlt,eu,eur,ｲｹ,Malte
mu,230,Port Louis,mu,mus,af,mur,ｲｺ,Maurice
mv,960,Male,mv,mdv,as,mvr,ｲｻ,Maldives
mw,265,Lilongwe,mw,mwi,af,mwk,ｲｼ,Malawi
mx,52,Mexico City,mx,mex,na,mxn,ｲｽ,Mexique
my,60,Kuala Lumpur,my,mys,as,myr,ｲｾ,Malaisie
mz,258,Maputo,mz,moz,af,mzn,ｲｿ,Mozambique
na,264,Windhoek,na,nam,af,nad,ｳｦ,Namibie
nc,687,Noumea,nc,ncl,oc,xpf,ｳｨ,Nouvelle-Calﾃｩdonie
ne,227,Niamey,ne,ner,af,xof,ｳｪ,Niger
nf,672,Kingston,nf,nfk,oc,aud,ｳｫ,ﾃ四e Norfolk
ng,234,Abuja,ng,nga,af,ngn,ｳｬ,Nigﾃｩria
ni,505,Managua,ni,nic,na,nio,ｳｮ,Nicaragua
nl,31,Amsterdam,nl,nld,eu,eur,ｳｱ,Pays-Bas
no,47,Oslo,no,nor,eu,nok,ｳｴ,Norvﾃｨge
np,977,Kathmandu,np,npl,as,npr,ｳｵ,Nﾃｩpal
nr,674,Yaren,nr,nru,oc,aud,ｳｷ,Nauru
nu,683,Alofi,nu,niu,oc,nzd,ｳｺ,Niue
nz,64,Wellington,nz,nzl,oc,nzd,ｳｿ,Nouvelle-Zﾃｩlande
om,968,Muscat,om,omn,as,omr,ｴｲ,Oman
pa,507,Panama City,pa,pan,na,pab,ｵｦ,Panama
pe,51,Lima,pe,per,sa,pen,ｵｪ,Pﾃｩrou
pf,689,Papeete,pf,pyf,oc,xpf,ｵｫ,Polynﾃｩsie franﾃｧaise
pg,675,Port Moresby,pg,png,oc,pgk,ｵｬ,Papouasie-Nouvelle-Guinﾃｩe
ph,63,Manila,ph,phl,as,php,ｵｭ,Philippines
pk,92,Islamabad,pk,pak,as,pkr,ｵｰ,Pakistan
pl,48,Warsaw,pl,pol,eu,pln,ｵｱ,Pologne
pm,508,Saint-Pierre,pm,spm,na,eur,ｵｲ,Saint-Pierre-et-Miquelon
pn,870,Adamstown,pn,pcn,oc,nzd,ｵｳ,ﾃ四es Pitcairn
pr,1787,San Juan,pr,pri,na,usd,ｵｷ,Porto Rico
ps,970,East Jerusalem,ps,pse,as,ils,ｵｸ,Territoires palestiniens
pt,351,Lisbon,pt,prt,eu,eur,ｵｹ,Portugal
pw,680,Melekeok,pw,plw,oc,usd,ｵｼ,Palaos
py,595,Asuncion,py,pry,sa,pyg,ｵｾ,Paraguay
qa,974,Doha,qa,qat,as,qar,ｶｦ,Qatar
re,262,Saint-Denis,re,reu,af,eur,ｷｪ,La Rﾃｩunion
ro,40,Bucharest,ro,rou,eu,ron,ｷｴ,Roumanie
rs,381,Belgrade,rs,srb,eu,rsd,ｷｸ,Serbie
ru,7,Moscow,ru,rus,eu,rub,ｷｺ,Russie
rw,250,Kigali,rw,rwa,af,rwf,ｷｼ,Rwanda
sa,966,Riyadh,sa,sau,as,sar,ｸｦ,Arabie saoudite
sb,677,Honiara,sb,slb,oc,sbd,ｸｧ,ﾃ四es Salomon
sc,248,Victoria,sc,syc,af,scr,ｸｨ,Seychelles
sd,249,Khartoum,sd,sdn,af,sdg,ｸｩ,Soudan
se,46,Stockholm,se,swe,eu,sek,ｸｪ,Suﾃｨde
sg,65,Singapur,sg,sgp,as,sgd,ｸｬ,Singapour
sh,290,Jamestown,sh,shn,af,shp,ｸｭ,Sainte-Hﾃｩlﾃｨne
si,386,Ljubljana,si,svn,eu,eur,ｸｮ,Slovﾃｩnie
sj,47,Longyearbyen,sj,sjm,eu,nok,ｸｯ,Svalbard et Jan Mayen
sk,421,Bratislava,sk,svk,eu,eur,ｸｰ,Slovaquie
sl,232,Freetown,sl,sle,af,sll,ｸｱ,Sierra Leone
sm,378,San Marino,sm,smr,eu,eur,ｸｲ,Saint-Marin
sn,221,Dakar,sn,sen,af,xof,ｸｳ,Sﾃｩnﾃｩgal
so,252,Mogadishu,so,som,af,sos,ｸｴ,Somalie
sr,597,Paramaribo,sr,sur,sa,srd,ｸｷ,Suriname
ss,211,Juba,ss,ssd,af,ssp,ｸｸ,Soudan du Sud
st,239,Sao Tome,st,stp,af,std,ｸｹ,Sao Tomﾃｩ-et-Principe
sv,503,San Salvador,sv,slv,na,usd,ｸｻ,Salvador
sx,599,Philipsburg,sx,sxm,na,ang,ｸｽ,Saint-Martin (partie nﾃｩerlandaise)
sy,963,Damascus,sy,syr,as,syp,ｸｾ,Syrie
sz,268,Mbabane,sz,swz,af,szl,ｸｿ,Eswatini
tc,1649,Cockburn Town,tc,tca,na,usd,ｹｨ,ﾃ四es Turques-et-Caﾃｯques
td,235,N'Djamena,td,tcd,af,xaf,ｹｩ,Tchad
tf,262,Port-aux-Francais,tf,atf,an,eur,ｹｫ,Terres australes franﾃｧaises
tg,228,Lome,tg,tgo,af,xof,ｹｬ,Togo
th,66,Bangkok,th,tha,as,thb,ｹｭ,Thaﾃｯlande
tj,992,Dushanbe,tj,tjk,as,tjs,ｹｯ,Tadjikistan
tk,690,,tk,tkl,oc,nzd,ｹｰ,Tokelau
tl,670,Dili,tl,tls,oc,usd,ｹｱ,Timor oriental
tm,993,Ashgabat,tm,tkm,as,tmt,ｹｲ,Turkmﾃｩnistan
tn,216,Tunis,tn,tun,af,tnd,ｹｳ,Tunisie
to,676,Nuku'alofa,to,ton,oc,top,ｹｴ,Tonga
tr,90,Ankara,tr,tur,as,try,ｹｷ,Tﾃｼrkiye
tt,1868,Port of Spain,tt,tto,na,ttd,ｹｹ,Trinitﾃｩ-et-Tobago
tv,688,Funafuti,tv,tuv,oc,aud,ｹｻ,Tuvalu
tw,886,Taipei,tw,twn,as,twd,ｹｼ,Taﾃｯwan
tz,255,Dodoma,tz,tza,af,tzs,ｹｿ,Tanzanie
ua,380,Kiev,ua,ukr,eu,uah,ｺｦ,Ukraine
ug,256,Kampala,ug,uga,af,ugx,ｺｬ,Ouganda
um,246,,um,umi,oc,usd,ｺｲ,ﾃ四es mineures ﾃｩloignﾃｩes des ﾃ液ats-Unis
us,1,Washington,us,usa,na,usd,ｺｸ,ﾃ液ats-Unis
uy,598,Montevideo,uy,ury,sa,uyu,ｺｾ,Uruguay
uz,998,Tashkent,uz,uzb,as,uzs,ｺｿ,Ouzbﾃｩkistan
va,379,Vatican City,va,vat,eu,eur,ｻｦ,ﾃ液at de la Citﾃｩ du Vatican
vc,1784,Kingstown,vc,vct,na,xcd,ｻｨ,Saint-Vincent-et-les-Grenadines
ve,58,Caracas,ve,ven,sa,vef,ｻｪ,Venezuela
vg,1284,Road Town,vg,vgb,na,usd,ｻｬ,ﾃ四es Vierges britanniques
vi,1340,Charlotte Amalie,vi,vir,na,usd,ｻｮ,ﾃ四es Vierges des ﾃ液ats-Unis
vn,84,Hanoi,vn,vnm,as,vnd,ｻｳ,Vietnam
vu,678,Port Vila,vu,vut,oc,vuv,ｻｺ,Vanuatu
wf,681,Mata Utu,wf,wlf,oc,xpf,ｼｫ,Wallis-et-Futuna
ws,685,Apia,ws,wsm,oc,wst,ｼｸ,Samoa
xk,383,Pristina,xk,xkx,eu,eur,ｽｰ,Kosovo
ye,967,Sanaa,ye,yem,as,yer,ｾｪ,Yﾃｩmen
yt,262,Mamoudzou,yt,myt,af,eur,ｾｹ,Mayotte
za,27,Pretoria,za,zaf,af,zar,ｿｦ,Afrique du Sud
zm,260,Lusaka,zm,zmb,af,zmk,ｿｲ,Zambie
zw,263,Harare,zw,zwe,af,zwl,ｿｼ,Zimbabwe
